0.0,80.49239090066779,73.97779426498602,65.15876877909578,65.15876877909578,149.4426850182274,142.1896126473827,142.1896126473827,144.76105005188165,144.76105005188165,139.35107511638307,155.11832453144766,139.35107511638307,144.76105005188165,142.1896126473827,150.03160908617906,147.67563076548282,145.06830121547,139.35107511638307,139.35107511638307,139.35107511638307,139.35107511638307,139.35107511638307,139.35107511638307,139.35107511638307,139.35107511638307,139.35107511638307,139.35107511638307,139.35107511638307,139.35107511638307,139.35107511638307,139.35107511638307,139.35107511638307,139.35107511638307,139.35107511638307,139.35107511638307,139.35107511638307,142.1896126473827,139.35107511638307,142.1896126473827,156.31801381575997,142.1896126473827,139.35107511638307,149.4426850182274,139.35107511638307,145.06830121547,139.35107511638307,142.1896126473827,139.35107511638307,139.35107511638307,144.76105005188165,162.16765637819583,142.1896126473827,139.35107511638307,144.76105005188165,147.08496973019726,150.03160908617906,142.1896126473827,149.4426850182274,142.1896126473827,151.21243675976552,145.06830121547,142.1896126473827,145.06830121547,147.67563076548282,144.76105005188165,142.1896126473827,139.35107511638307,150.03160908617906,142.1896126473827,150.03160908617906,144.76105005188165,144.76105005188165,147.67563076548282,150.03160908617906,147.08496973019726,147.67563076548282,65.15876877909578,151.21243675976552,159.96087436183808,161.86598742590354,139.35107511638307,67.89976132940085,139.35107511638307,162.16765637819583,66.58807530386751,139.35107511638307,150.31504531760334,73.97779426498602,65.15876877909578,76.99283678550484,67.89976132940085,147.67563076548282,144.76105005188165,76.99283678550484,67.89976132940085,75.95085268319768,147.08496973019726,76.99283678550484,69.09847886756535,80.49239090066779,65.15876877909578,81.28232919184401,76.99283678550484,81.28232919184401,81.28232919184401,71.25730792455762,81.28232919184401,79.61833961170134,81.28232919184401,81.28232919184401,81.28232919184401,139.35107511638307,139.35107511638307,139.35107511638307,139.35107511638307,139.35107511638307,139.35107511638307,139.35107511638307,139.35107511638307,139.35107511638307,139.35107511638307,139.35107511638307,139.35107511638307,139.35107511638307,139.35107511638307,139.35107511638307,139.35107511638307,139.35107511638307,139.35107511638307,139.35107511638307
80.49239090066779,0.0,81.28232919184401,81.28232919184401,81.28232919184401,81.28232919184401,81.28232919184401,81.28232919184401,81.28232919184401,81.28232919184401,81.28232919184401,80.49239090066779,81.28232919184401,80.49239090066779,81.28232919184401,81.28232919184401,80.49239090066779,79.61833961170134,139.35107511638307,139.35107511638307,139.35107511638307,139.35107511638307,139.35107511638307,139.35107511638307,139.35107511638307,139.35107511638307,139.35107511638307,139.35107511638307,139.35107511638307,139.35107511638307,139.35107511638307,139.35107511638307,139.35107511638307,139.35107511638307,139.35107511638307,139.35107511638307,139.35107511638307,139.35107511638307,139.35107511638307,139.35107511638307,163.57322016106943,139.35107511638307,139.35107511638307,139.35107511638307,139.35107511638307,147.67563076548282,139.35107511638307,142.1896126473827,145.06830121547,139.35107511638307,154.21516546937346,172.18533358710283,163.57322016106943,154.21516546937346,139.35107511638307,163.0791328548696,163.57322016106943,166.73794456362603,142.1896126473827,163.0791328548696,152.42149427310898,166.73794456362603,145.06830121547,154.84436984223916,139.35107511638307,139.35107511638307,150.03160908617906,142.1896126473827,152.42149427310898,139.35107511638307,145.06830121547,144.76105005188165,142.1896126473827,139.35107511638307,147.67563076548282,139.35107511638307,142.1896126473827,142.1896126473827,144.76105005188165,145.06830121547,165.00883771602287,144.76105005188165,147.08496973019726,144.76105005188165,139.35107511638307,144.76105005188165,142.1896126473827,142.1896126473827,147.67563076548282,156.31801381575997,66.58807530386751,158.58372013413413,139.35107511638307,139.35107511638307,165.90062072383324,154.84436984223916,66.58807530386751,147.08496973019726,150.31504531760334,152.699681763737,65.15876877909578,147.67563076548282,77.93232652531799,156.93337800353655,73.97779426498602,66.58807530386751,155.11832453144766,73.18707938324333,165.00883771602287,65.15876877909578,80.49239090066779,78.94681440560515,145.06830121547,139.35107511638307,139.35107511638307,139.35107511638307,139.35107511638307,139.35107511638307,139.35107511638307,139.35107511638307,139.35107511638307,139.35107511638307,139.35107511638307,139.35107511638307,139.35107511638307,139.35107511638307,139.35107511638307,139.35107511638307,139.35107511638307,139.35107511638307,139.35107511638307
73.97779426498602,81.28232919184401,0.0,81.28232919184401,81.28232919184401,81.28232919184401,81.28232919184401,81.28232919184401,81.28232919184401,81.28232919184401,80.49239090066779,81.28232919184401,65.15876877909578,80.49239090066779,76.99283678550484,79.61833961170134,78.94681440560515,75.95085268319768,139.35107511638307,139.35107511638307,139.35107511638307,139.35107511638307,139.35107511638307,139.35107511638307,139.35107511638307,139.35107511638307,139.35107511638307,139.35107511638307,139.35107511638307,139.35107511638307,139.35107511638307,139.35107511638307,139.35107511638307,139.35107511638307,139.35107511638307,139.35107511638307,139.35107511638307,139.35107511638307,139.35107511638307,139.35107511638307,139.35107511638307,139.35107511638307,139.35107511638307,139.35107511638307,139.35107511638307,139.35107511638307,139.35107511638307,139.35107511638307,139.35107511638307,139.35107511638307,139.35107511638307,147.08496973019726,139.35107511638307,139.35107511638307,139.35107511638307,142.1896126473827,139.35107511638307,147.08496973019726,139.35107511638307,154.84436984223916,149.4426850182274,147.08496973019726,139.35107511638307,139.35107511638307,139.35107511638307,156.31801381575997,142.1896126473827,142.1896126473827,144.76105005188165,145.06830121547,139.35107511638307,142.1896126473827,139.35107511638307,142.1896126473827,144.76105005188165,144.76105005188165,147.08496973019726,142.1896126473827,149.4426850182274,157.89559560746392,159.96087436183808,163.0791328548696,154.21516546937346,139.35107511638307,159.96087436183808,139.35107511638307,142.1896126473827,165.40601723935436,144.76105005188165,156.31801381575997,166.6132948003608,162.16765637819583,159.38869722218828,139.35107511638307,158.58372013413413,139.35107511638307,158.58372013413413,139.35107511638307,163.57322016106943,161.68407963349227,156.31801381575997,147.08496973019726,65.15876877909578,158.58372013413413,168.17784775427387,66.58807530386751,139.35107511638307,168.17784775427387,144.76105005188165,139.35107511638307,164.48956708672387,139.35107511638307,139.35107511638307,139.35107511638307,139.35107511638307,139.35107511638307,139.35107511638307,139.35107511638307,139.35107511638307,139.35107511638307,139.35107511638307,139.35107511638307,139.35107511638307,139.35107511638307,139.35107511638307,139.35107511638307,139.35107511638307,139.35107511638307,139.35107511638307,139.35107511638307,139.35107511638307
65.15876877909578,81.28232919184401,81.28232919184401,0.0,81.28232919184401,81.28232919184401,81.28232919184401,81.28232919184401,81.28232919184401,81.28232919184401,80.49239090066779,81.28232919184401,67.89976132940085,78.94681440560515,80.49239090066779,79.61833961170134,78.94681440560515,78.94681440560515,142.1896126473827,142.1896126473827,142.1896126473827,142.1896126473827,142.1896126473827,142.1896126473827,142.1896126473827,142.1896126473827,142.1896126473827,142.1896126473827,142.1896126473827,142.1896126473827,142.1896126473827,142.1896126473827,142.1896126473827,142.1896126473827,142.1896126473827,142.1896126473827,142.1896126473827,142.1896126473827,142.1896126473827,142.1896126473827,169.5853865523195,142.1896126473827,142.1896126473827,142.1896126473827,142.1896126473827,142.1896126473827,142.1896126473827,142.1896126473827,142.1896126473827,142.1896126473827,142.1896126473827,169.5853865523195,169.5853865523195,142.1896126473827,142.1896126473827,169.5853865523195,169.5853865523195,169.5853865523195,142.1896126473827,169.5853865523195,169.5853865523195,169.5853865523195,169.5853865523195,142.1896126473827,142.1896126473827,169.5853865523195,169.5853865523195,169.5853865523195,169.5853865523195,169.5853865523195,142.1896126473827,169.5853865523195,142.1896126473827,169.5853865523195,169.5853865523195,169.5853865523195,169.5853865523195,139.35107511638307,169.5853865523195,169.5853865523195,169.5853865523195,169.5853865523195,144.76105005188165,142.1896126473827,169.5853865523195,142.1896126473827,169.5853865523195,169.5853865523195,156.31801381575997,139.35107511638307,161.86598742590354,144.76105005188165,145.06830121547,164.6769332014403,161.86598742590354,144.76105005188165,159.96087436183808,145.06830121547,142.1896126473827,147.08496973019726,168.17784775427387,139.35107511638307,139.35107511638307,159.38869722218828,169.5853865523195,169.5853865523195,151.21243675976552,169.5853865523195,162.16765637819583,139.35107511638307,144.76105005188165,147.08496973019726,142.1896126473827,142.1896126473827,142.1896126473827,142.1896126473827,142.1896126473827,142.1896126473827,142.1896126473827,142.1896126473827,142.1896126473827,142.1896126473827,142.1896126473827,142.1896126473827,142.1896126473827,142.1896126473827,142.1896126473827,142.1896126473827,142.1896126473827,142.1896126473827,142.1896126473827
65.15876877909578,81.28232919184401,81.28232919184401,81.28232919184401,0.0,81.28232919184401,81.28232919184401,81.28232919184401,81.28232919184401,81.28232919184401,81.28232919184401,81.28232919184401,78.94681440560515,73.97779426498602,79.61833961170134,76.99283678550484,73.18707938324333,75.20192175168627,142.1896126473827,142.1896126473827,142.1896126473827,142.1896126473827,142.1896126473827,142.1896126473827,142.1896126473827,142.1896126473827,142.1896126473827,142.1896126473827,142.1896126473827,142.1896126473827,142.1896126473827,142.1896126473827,142.1896126473827,142.1896126473827,142.1896126473827,142.1896126473827,142.1896126473827,142.1896126473827,142.1896126473827,142.1896126473827,144.76105005188165,142.1896126473827,142.1896126473827,142.1896126473827,142.1896126473827,142.1896126473827,142.1896126473827,142.1896126473827,142.1896126473827,142.1896126473827,142.1896126473827,144.76105005188165,144.76105005188165,142.1896126473827,142.1896126473827,144.76105005188165,144.76105005188165,144.76105005188165,142.1896126473827,144.76105005188165,144.76105005188165,144.76105005188165,144.76105005188165,142.1896126473827,142.1896126473827,144.76105005188165,144.76105005188165,144.76105005188165,144.76105005188165,169.5853865523195,142.1896126473827,169.5853865523195,142.1896126473827,169.5853865523195,144.76105005188165,169.5853865523195,144.76105005188165,139.35107511638307,144.76105005188165,144.76105005188165,144.76105005188165,169.5853865523195,144.76105005188165,144.76105005188165,144.76105005188165,142.1896126473827,169.5853865523195,169.5853865523195,150.31504531760334,139.35107511638307,161.86598742590354,144.76105005188165,159.38869722218828,152.699681763737,161.86598742590354,144.76105005188165,159.96087436183808,159.38869722218828,156.31801381575997,147.08496973019726,162.16765637819583,139.35107511638307,139.35107511638307,161.86598742590354,169.5853865523195,169.5853865523195,144.76105005188165,169.5853865523195,150.31504531760334,139.35107511638307,164.48956708672387,147.08496973019726,142.1896126473827,142.1896126473827,142.1896126473827,142.1896126473827,142.1896126473827,142.1896126473827,142.1896126473827,142.1896126473827,142.1896126473827,142.1896126473827,142.1896126473827,142.1896126473827,142.1896126473827,142.1896126473827,142.1896126473827,142.1896126473827,142.1896126473827,142.1896126473827,142.1896126473827
149.4426850182274,81.28232919184401,81.28232919184401,81.28232919184401,81.28232919184401,0.0,81.28232919184401,81.28232919184401,81.28232919184401,81.28232919184401,81.28232919184401,80.49239090066779,81.28232919184401,79.61833961170134,76.99283678550484,78.94681440560515,80.49239090066779,79.61833961170134,149.4426850182274,149.4426850182274,149.4426850182274,149.4426850182274,149.4426850182274,149.4426850182274,149.4426850182274,149.4426850182274,149.4426850182274,149.4426850182274,149.4426850182274,149.4426850182274,149.4426850182274,149.4426850182274,149.4426850182274,149.4426850182274,149.4426850182274,149.4426850182274,149.4426850182274,149.4426850182274,149.4426850182274,149.4426850182274,149.4426850182274,149.4426850182274,149.4426850182274,149.4426850182274,149.4426850182274,149.4426850182274,149.4426850182274,149.4426850182274,149.4426850182274,149.4426850182274,149.4426850182274,149.4426850182274,149.4426850182274,149.4426850182274,149.4426850182274,149.4426850182274,149.4426850182274,149.4426850182274,149.4426850182274,149.4426850182274,149.4426850182274,149.4426850182274,149.4426850182274,149.4426850182274,149.4426850182274,149.4426850182274,149.4426850182274,149.4426850182274,149.4426850182274,169.5853865523195,149.4426850182274,169.5853865523195,149.4426850182274,169.5853865523195,149.4426850182274,169.5853865523195,149.4426850182274,145.06830121547,149.4426850182274,149.4426850182274,149.4426850182274,169.5853865523195,161.87766521146938,151.21243675976552,149.4426850182274,142.1896126473827,169.5853865523195,169.5853865523195,171.51576041220346,145.06830121547,161.86598742590354,142.1896126473827,154.21516546937346,271.083876332554,139.35107511638307,152.42149427310898,139.35107511638307,154.21516546937346,151.21243675976552,142.1896126473827,169.5853865523195,168.59405645886625,149.4426850182274,139.35107511638307,168.17784775427387,166.6132948003608,154.84436984223916,163.57322016106943,144.76105005188165,144.76105005188165,155.11832453144766,66.58807530386751,149.4426850182274,149.4426850182274,149.4426850182274,149.4426850182274,149.4426850182274,149.4426850182274,149.4426850182274,149.4426850182274,149.4426850182274,149.4426850182274,149.4426850182274,149.4426850182274,149.4426850182274,149.4426850182274,149.4426850182274,149.4426850182274,149.4426850182274,149.4426850182274,149.4426850182274
142.1896126473827,81.28232919184401,81.28232919184401,81.28232919184401,81.28232919184401,81.28232919184401,0.0,81.28232919184401,81.28232919184401,81.28232919184401,81.28232919184401,81.28232919184401,81.28232919184401,81.28232919184401,81.28232919184401,81.28232919184401,81.28232919184401,80.49239090066779,139.35107511638307,139.35107511638307,139.35107511638307,139.35107511638307,139.35107511638307,139.35107511638307,139.35107511638307,139.35107511638307,139.35107511638307,139.35107511638307,139.35107511638307,139.35107511638307,139.35107511638307,139.35107511638307,139.35107511638307,139.35107511638307,139.35107511638307,139.35107511638307,139.35107511638307,139.35107511638307,139.35107511638307,139.35107511638307,139.35107511638307,139.35107511638307,139.35107511638307,139.35107511638307,139.35107511638307,139.35107511638307,139.35107511638307,139.35107511638307,139.35107511638307,139.35107511638307,139.35107511638307,139.35107511638307,139.35107511638307,139.35107511638307,139.35107511638307,139.35107511638307,139.35107511638307,139.35107511638307,139.35107511638307,139.35107511638307,139.35107511638307,139.35107511638307,139.35107511638307,139.35107511638307,139.35107511638307,139.35107511638307,139.35107511638307,139.35107511638307,139.35107511638307,139.35107511638307,139.35107511638307,139.35107511638307,139.35107511638307,139.35107511638307,139.35107511638307,139.35107511638307,139.35107511638307,139.35107511638307,139.35107511638307,139.35107511638307,139.35107511638307,139.35107511638307,144.76105005188165,139.35107511638307,139.35107511638307,139.35107511638307,139.35107511638307,139.35107511638307,156.93337800353655,142.1896126473827,165.40601723935436,139.35107511638307,147.67563076548282,144.76105005188165,165.40601723935436,154.84436984223916,151.21243675976552,147.08496973019726,161.87766521146938,139.35107511638307,163.7452316982305,139.35107511638307,150.31504531760334,151.21243675976552,179.61253588471192,154.21516546937346,151.21243675976552,179.96630827011165,154.21516546937346,139.35107511638307,165.90062072383324,152.699681763737,139.35107511638307,139.35107511638307,139.35107511638307,139.35107511638307,139.35107511638307,139.35107511638307,139.35107511638307,139.35107511638307,139.35107511638307,139.35107511638307,139.35107511638307,139.35107511638307,139.35107511638307,139.35107511638307,139.35107511638307,139.35107511638307,139.35107511638307,139.35107511638307,139.35107511638307
142.1896126473827,81.28232919184401,81.28232919184401,81.28232919184401,81.28232919184401,81.28232919184401,81.28232919184401,0.0,81.28232919184401,81.28232919184401,81.28232919184401,81.28232919184401,81.28232919184401,81.28232919184401,81.28232919184401,75.95085268319768,80.49239090066779,81.28232919184401,139.35107511638307,139.35107511638307,139.35107511638307,139.35107511638307,139.35107511638307,139.35107511638307,139.35107511638307,139.35107511638307,139.35107511638307,139.35107511638307,139.35107511638307,139.35107511638307,139.35107511638307,139.35107511638307,139.35107511638307,139.35107511638307,139.35107511638307,139.35107511638307,139.35107511638307,139.35107511638307,139.35107511638307,139.35107511638307,139.35107511638307,139.35107511638307,139.35107511638307,139.35107511638307,139.35107511638307,139.35107511638307,139.35107511638307,139.35107511638307,139.35107511638307,139.35107511638307,139.35107511638307,139.35107511638307,139.35107511638307,139.35107511638307,139.35107511638307,139.35107511638307,139.35107511638307,139.35107511638307,139.35107511638307,139.35107511638307,139.35107511638307,139.35107511638307,139.35107511638307,139.35107511638307,139.35107511638307,139.35107511638307,139.35107511638307,139.35107511638307,139.35107511638307,139.35107511638307,139.35107511638307,139.35107511638307,139.35107511638307,139.35107511638307,139.35107511638307,139.35107511638307,139.35107511638307,139.35107511638307,139.35107511638307,139.35107511638307,139.35107511638307,139.35107511638307,144.76105005188165,139.35107511638307,139.35107511638307,139.35107511638307,139.35107511638307,139.35107511638307,156.93337800353655,142.1896126473827,165.40601723935436,139.35107511638307,147.67563076548282,144.76105005188165,164.48956708672387,154.84436984223916,147.08496973019726,147.08496973019726,157.55424433126018,139.35107511638307,159.38839631986644,139.35107511638307,144.76105005188165,147.08496973019726,175.3292780137893,150.03160908617906,147.08496973019726,175.3292780137893,150.03160908617906,142.1896126473827,169.60096962084367,157.55424433126018,139.35107511638307,139.35107511638307,139.35107511638307,139.35107511638307,139.35107511638307,139.35107511638307,139.35107511638307,139.35107511638307,139.35107511638307,139.35107511638307,139.35107511638307,139.35107511638307,139.35107511638307,139.35107511638307,139.35107511638307,139.35107511638307,139.35107511638307,139.35107511638307,139.35107511638307
144.76105005188165,81.28232919184401,81.28232919184401,81.28232919184401,81.28232919184401,81.28232919184401,81.28232919184401,81.28232919184401,0.0,81.28232919184401,81.28232919184401,81.28232919184401,81.28232919184401,81.28232919184401,81.28232919184401,80.49239090066779,79.61833961170134,81.28232919184401,139.35107511638307,139.35107511638307,139.35107511638307,139.35107511638307,139.35107511638307,139.35107511638307,139.35107511638307,139.35107511638307,139.35107511638307,139.35107511638307,139.35107511638307,139.35107511638307,139.35107511638307,139.35107511638307,139.35107511638307,139.35107511638307,139.35107511638307,139.35107511638307,139.35107511638307,139.35107511638307,139.35107511638307,139.35107511638307,139.35107511638307,139.35107511638307,139.35107511638307,139.35107511638307,139.35107511638307,139.35107511638307,139.35107511638307,139.35107511638307,139.35107511638307,139.35107511638307,139.35107511638307,139.35107511638307,139.35107511638307,139.35107511638307,139.35107511638307,139.35107511638307,139.35107511638307,139.35107511638307,139.35107511638307,139.35107511638307,139.35107511638307,139.35107511638307,139.35107511638307,139.35107511638307,139.35107511638307,139.35107511638307,139.35107511638307,139.35107511638307,139.35107511638307,139.35107511638307,139.35107511638307,139.35107511638307,139.35107511638307,139.35107511638307,139.35107511638307,139.35107511638307,139.35107511638307,139.35107511638307,139.35107511638307,139.35107511638307,139.35107511638307,139.35107511638307,144.76105005188165,139.35107511638307,139.35107511638307,139.35107511638307,139.35107511638307,139.35107511638307,156.93337800353655,142.1896126473827,142.1896126473827,139.35107511638307,147.67563076548282,144.76105005188165,142.1896126473827,154.84436984223916,145.06830121547,147.08496973019726,142.1896126473827,139.35107511638307,157.89559560746392,139.35107511638307,155.11832453144766,142.1896126473827,163.0791328548696,150.03160908617906,145.06830121547,157.89559560746392,142.1896126473827,139.35107511638307,167.85230888662812,157.55424433126018,139.35107511638307,139.35107511638307,139.35107511638307,139.35107511638307,139.35107511638307,139.35107511638307,139.35107511638307,139.35107511638307,139.35107511638307,139.35107511638307,139.35107511638307,139.35107511638307,139.35107511638307,139.35107511638307,139.35107511638307,139.35107511638307,139.35107511638307,139.35107511638307,139.35107511638307
144.76105005188165,81.28232919184401,81.28232919184401,81.28232919184401,81.28232919184401,81.28232919184401,81.28232919184401,81.28232919184401,81.28232919184401,0.0,81.28232919184401,81.28232919184401,81.28232919184401,81.28232919184401,81.28232919184401,81.28232919184401,79.61833961170134,81.28232919184401,139.35107511638307,139.35107511638307,139.35107511638307,139.35107511638307,139.35107511638307,139.35107511638307,139.35107511638307,139.35107511638307,139.35107511638307,139.35107511638307,139.35107511638307,139.35107511638307,139.35107511638307,139.35107511638307,139.35107511638307,139.35107511638307,139.35107511638307,139.35107511638307,139.35107511638307,139.35107511638307,139.35107511638307,139.35107511638307,139.35107511638307,139.35107511638307,139.35107511638307,139.35107511638307,139.35107511638307,139.35107511638307,139.35107511638307,139.35107511638307,139.35107511638307,139.35107511638307,139.35107511638307,139.35107511638307,139.35107511638307,139.35107511638307,139.35107511638307,139.35107511638307,139.35107511638307,139.35107511638307,139.35107511638307,139.35107511638307,139.35107511638307,139.35107511638307,139.35107511638307,139.35107511638307,139.35107511638307,139.35107511638307,139.35107511638307,139.35107511638307,139.35107511638307,139.35107511638307,139.35107511638307,139.35107511638307,139.35107511638307,139.35107511638307,139.35107511638307,139.35107511638307,139.35107511638307,139.35107511638307,139.35107511638307,139.35107511638307,139.35107511638307,139.35107511638307,144.76105005188165,139.35107511638307,139.35107511638307,139.35107511638307,139.35107511638307,139.35107511638307,156.93337800353655,142.1896126473827,154.84436984223916,139.35107511638307,147.67563076548282,144.76105005188165,154.84436984223916,154.84436984223916,144.76105005188165,147.08496973019726,154.84436984223916,139.35107511638307,156.93337800353655,139.35107511638307,154.84436984223916,144.76105005188165,172.71411045685244,147.67563076548282,144.76105005188165,171.46431753297327,147.67563076548282,142.1896126473827,169.60096962084367,144.76105005188165,139.35107511638307,139.35107511638307,139.35107511638307,139.35107511638307,139.35107511638307,139.35107511638307,139.35107511638307,139.35107511638307,139.35107511638307,139.35107511638307,139.35107511638307,139.35107511638307,139.35107511638307,139.35107511638307,139.35107511638307,139.35107511638307,139.35107511638307,139.35107511638307,139.35107511638307
139.35107511638307,81.28232919184401,80.49239090066779,80.49239090066779,81.28232919184401,81.28232919184401,81.28232919184401,81.28232919184401,81.28232919184401,81.28232919184401,0.0,81.28232919184401,81.28232919184401,81.28232919184401,81.28232919184401,81.28232919184401,81.28232919184401,81.28232919184401,139.35107511638307,139.35107511638307,139.35107511638307,139.35107511638307,139.35107511638307,139.35107511638307,139.35107511638307,139.35107511638307,139.35107511638307,139.35107511638307,139.35107511638307,139.35107511638307,139.35107511638307,139.35107511638307,139.35107511638307,139.35107511638307,139.35107511638307,139.35107511638307,139.35107511638307,139.35107511638307,139.35107511638307,139.35107511638307,139.35107511638307,139.35107511638307,139.35107511638307,139.35107511638307,139.35107511638307,139.35107511638307,139.35107511638307,139.35107511638307,139.35107511638307,139.35107511638307,139.35107511638307,139.35107511638307,139.35107511638307,139.35107511638307,139.35107511638307,139.35107511638307,139.35107511638307,139.35107511638307,139.35107511638307,139.35107511638307,139.35107511638307,139.35107511638307,139.35107511638307,139.35107511638307,139.35107511638307,139.35107511638307,139.35107511638307,139.35107511638307,139.35107511638307,139.35107511638307,139.35107511638307,139.35107511638307,139.35107511638307,139.35107511638307,139.35107511638307,139.35107511638307,139.35107511638307,139.35107511638307,139.35107511638307,139.35107511638307,139.35107511638307,139.35107511638307,144.76105005188165,139.35107511638307,139.35107511638307,139.35107511638307,139.35107511638307,139.35107511638307,156.93337800353655,142.1896126473827,154.21516546937346,139.35107511638307,147.67563076548282,144.76105005188165,147.67563076548282,154.84436984223916,145.06830121547,147.08496973019726,154.21516546937346,139.35107511638307,157.89559560746392,139.35107511638307,142.1896126473827,142.1896126473827,165.00883771602287,168.59405645886625,147.67563076548282,166.73794456362603,161.68407963349227,139.35107511638307,165.90062072383324,139.35107511638307,139.35107511638307,139.35107511638307,139.35107511638307,139.35107511638307,139.35107511638307,139.35107511638307,139.35107511638307,139.35107511638307,139.35107511638307,139.35107511638307,139.35107511638307,139.35107511638307,139.35107511638307,139.35107511638307,139.35107511638307,139.35107511638307,139.35107511638307,139.35107511638307,139.35107511638307
155.11832453144766,80.49239090066779,81.28232919184401,81.28232919184401,81.28232919184401,80.49239090066779,81.28232919184401,81.28232919184401,81.28232919184401,81.28232919184401,81.28232919184401,0.0,81.28232919184401,81.28232919184401,81.28232919184401,81.28232919184401,81.28232919184401,81.28232919184401,139.35107511638307,139.35107511638307,139.35107511638307,139.35107511638307,139.35107511638307,139.35107511638307,139.35107511638307,139.35107511638307,139.35107511638307,139.35107511638307,139.35107511638307,139.35107511638307,139.35107511638307,139.35107511638307,139.35107511638307,139.35107511638307,139.35107511638307,139.35107511638307,139.35107511638307,139.35107511638307,139.35107511638307,139.35107511638307,139.35107511638307,139.35107511638307,139.35107511638307,139.35107511638307,139.35107511638307,139.35107511638307,139.35107511638307,139.35107511638307,139.35107511638307,139.35107511638307,139.35107511638307,139.35107511638307,139.35107511638307,139.35107511638307,139.35107511638307,139.35107511638307,139.35107511638307,139.35107511638307,139.35107511638307,139.35107511638307,139.35107511638307,139.35107511638307,139.35107511638307,139.35107511638307,139.35107511638307,139.35107511638307,139.35107511638307,139.35107511638307,139.35107511638307,139.35107511638307,139.35107511638307,139.35107511638307,139.35107511638307,139.35107511638307,139.35107511638307,139.35107511638307,139.35107511638307,139.35107511638307,139.35107511638307,139.35107511638307,139.35107511638307,139.35107511638307,144.76105005188165,139.35107511638307,139.35107511638307,139.35107511638307,139.35107511638307,139.35107511638307,156.93337800353655,142.1896126473827,158.58372013413413,139.35107511638307,147.67563076548282,144.76105005188165,158.58372013413413,154.84436984223916,144.76105005188165,147.08496973019726,155.11832453144766,139.35107511638307,156.93337800353655,139.35107511638307,158.58372013413413,144.76105005188165,172.71411045685244,147.67563076548282,144.76105005188165,172.71411045685244,147.67563076548282,149.4426850182274,164.48956708672387,150.03160908617906,139.35107511638307,139.35107511638307,139.35107511638307,139.35107511638307,139.35107511638307,139.35107511638307,139.35107511638307,139.35107511638307,139.35107511638307,139.35107511638307,139.35107511638307,139.35107511638307,139.35107511638307,139.35107511638307,139.35107511638307,139.35107511638307,139.35107511638307,139.35107511638307,139.35107511638307
139.35107511638307,81.28232919184401,65.15876877909578,67.89976132940085,78.94681440560515,81.28232919184401,81.28232919184401,81.28232919184401,81.28232919184401,81.28232919184401,81.28232919184401,81.28232919184401,0.0,81.28232919184401,81.28232919184401,81.28232919184401,81.28232919184401,81.28232919184401,139.35107511638307,139.35107511638307,139.35107511638307,139.35107511638307,139.35107511638307,139.35107511638307,139.35107511638307,139.35107511638307,139.35107511638307,139.35107511638307,139.35107511638307,139.35107511638307,139.35107511638307,139.35107511638307,139.35107511638307,139.35107511638307,139.35107511638307,139.35107511638307,139.35107511638307,139.35107511638307,139.35107511638307,139.35107511638307,139.35107511638307,139.35107511638307,139.35107511638307,139.35107511638307,139.35107511638307,139.35107511638307,139.35107511638307,139.35107511638307,139.35107511638307,139.35107511638307,139.35107511638307,139.35107511638307,139.35107511638307,139.35107511638307,139.35107511638307,139.35107511638307,139.35107511638307,139.35107511638307,139.35107511638307,139.35107511638307,139.35107511638307,139.35107511638307,139.35107511638307,139.35107511638307,139.35107511638307,139.35107511638307,139.35107511638307,139.35107511638307,139.35107511638307,139.35107511638307,139.35107511638307,139.35107511638307,139.35107511638307,139.35107511638307,139.35107511638307,139.35107511638307,139.35107511638307,139.35107511638307,139.35107511638307,139.35107511638307,139.35107511638307,139.35107511638307,144.76105005188165,139.35107511638307,139.35107511638307,139.35107511638307,139.35107511638307,139.35107511638307,156.93337800353655,142.1896126473827,144.76105005188165,139.35107511638307,147.67563076548282,144.76105005188165,144.76105005188165,154.84436984223916,139.35107511638307,147.08496973019726,144.76105005188165,139.35107511638307,150.31504531760334,139.35107511638307,139.35107511638307,139.35107511638307,155.11832453144766,142.1896126473827,139.35107511638307,160.65716102871156,142.1896126473827,139.35107511638307,163.57322016106943,139.35107511638307,139.35107511638307,139.35107511638307,139.35107511638307,139.35107511638307,139.35107511638307,139.35107511638307,139.35107511638307,139.35107511638307,139.35107511638307,139.35107511638307,139.35107511638307,139.35107511638307,139.35107511638307,139.35107511638307,139.35107511638307,139.35107511638307,139.35107511638307,139.35107511638307,139.35107511638307
144.76105005188165,80.49239090066779,80.49239090066779,78.94681440560515,73.97779426498602,79.61833961170134,81.28232919184401,81.28232919184401,81.28232919184401,81.28232919184401,81.28232919184401,81.28232919184401,81.28232919184401,0.0,81.28232919184401,81.28232919184401,81.28232919184401,81.28232919184401,139.35107511638307,139.35107511638307,139.35107511638307,139.35107511638307,139.35107511638307,139.35107511638307,139.35107511638307,139.35107511638307,139.35107511638307,139.35107511638307,139.35107511638307,139.35107511638307,139.35107511638307,139.35107511638307,139.35107511638307,139.35107511638307,139.35107511638307,139.35107511638307,139.35107511638307,139.35107511638307,139.35107511638307,139.35107511638307,139.35107511638307,139.35107511638307,139.35107511638307,139.35107511638307,139.35107511638307,139.35107511638307,139.35107511638307,139.35107511638307,139.35107511638307,139.35107511638307,139.35107511638307,139.35107511638307,139.35107511638307,139.35107511638307,139.35107511638307,139.35107511638307,139.35107511638307,139.35107511638307,139.35107511638307,139.35107511638307,139.35107511638307,139.35107511638307,139.35107511638307,139.35107511638307,139.35107511638307,139.35107511638307,139.35107511638307,139.35107511638307,139.35107511638307,139.35107511638307,139.35107511638307,139.35107511638307,139.35107511638307,139.35107511638307,139.35107511638307,139.35107511638307,139.35107511638307,139.35107511638307,139.35107511638307,139.35107511638307,139.35107511638307,139.35107511638307,144.76105005188165,139.35107511638307,139.35107511638307,139.35107511638307,139.35107511638307,139.35107511638307,156.93337800353655,142.1896126473827,142.1896126473827,139.35107511638307,147.67563076548282,144.76105005188165,142.1896126473827,154.84436984223916,145.06830121547,147.08496973019726,142.1896126473827,139.35107511638307,147.67563076548282,139.35107511638307,151.21243675976552,142.1896126473827,152.42149427310898,168.59405645886625,145.06830121547,157.89559560746392,142.1896126473827,139.35107511638307,165.90062072383324,147.08496973019726,139.35107511638307,139.35107511638307,139.35107511638307,139.35107511638307,139.35107511638307,139.35107511638307,139.35107511638307,139.35107511638307,139.35107511638307,139.35107511638307,139.35107511638307,139.35107511638307,139.35107511638307,139.35107511638307,139.35107511638307,139.35107511638307,139.35107511638307,139.35107511638307,139.35107511638307
142.1896126473827,81.28232919184401,76.99283678550484,80.49239090066779,79.61833961170134,76.99283678550484,81.28232919184401,81.28232919184401,81.28232919184401,81.28232919184401,81.28232919184401,81.28232919184401,81.28232919184401,81.28232919184401,0.0,81.28232919184401,81.28232919184401,81.28232919184401,139.35107511638307,139.35107511638307,139.35107511638307,139.35107511638307,139.35107511638307,139.35107511638307,139.35107511638307,139.35107511638307,139.35107511638307,139.35107511638307,139.35107511638307,139.35107511638307,139.35107511638307,139.35107511638307,139.35107511638307,139.35107511638307,139.35107511638307,139.35107511638307,139.35107511638307,139.35107511638307,139.35107511638307,139.35107511638307,139.35107511638307,139.35107511638307,139.35107511638307,139.35107511638307,139.35107511638307,139.35107511638307,139.35107511638307,139.35107511638307,139.35107511638307,139.35107511638307,139.35107511638307,139.35107511638307,139.35107511638307,139.35107511638307,139.35107511638307,139.35107511638307,139.35107511638307,139.35107511638307,139.35107511638307,139.35107511638307,139.35107511638307,139.35107511638307,139.35107511638307,139.35107511638307,139.35107511638307,139.35107511638307,139.35107511638307,139.35107511638307,139.35107511638307,139.35107511638307,139.35107511638307,139.35107511638307,139.35107511638307,139.35107511638307,139.35107511638307,139.35107511638307,139.35107511638307,139.35107511638307,139.35107511638307,139.35107511638307,139.35107511638307,139.35107511638307,144.76105005188165,139.35107511638307,139.35107511638307,139.35107511638307,139.35107511638307,139.35107511638307,156.93337800353655,142.1896126473827,154.21516546937346,139.35107511638307,147.67563076548282,144.76105005188165,147.67563076548282,154.84436984223916,145.06830121547,147.08496973019726,154.21516546937346,139.35107511638307,157.89559560746392,139.35107511638307,151.21243675976552,142.1896126473827,165.00883771602287,165.00883771602287,147.67563076548282,166.73794456362603,161.68407963349227,142.1896126473827,156.93337800353655,158.58372013413413,139.35107511638307,139.35107511638307,139.35107511638307,139.35107511638307,139.35107511638307,139.35107511638307,139.35107511638307,139.35107511638307,139.35107511638307,139.35107511638307,139.35107511638307,139.35107511638307,139.35107511638307,139.35107511638307,139.35107511638307,139.35107511638307,139.35107511638307,139.35107511638307,139.35107511638307
150.03160908617906,81.28232919184401,79.61833961170134,79.61833961170134,76.99283678550484,78.94681440560515,81.28232919184401,75.95085268319768,80.49239090066779,81.28232919184401,81.28232919184401,81.28232919184401,81.28232919184401,81.28232919184401,81.28232919184401,0.0,81.28232919184401,81.28232919184401,139.35107511638307,139.35107511638307,139.35107511638307,139.35107511638307,139.35107511638307,139.35107511638307,139.35107511638307,139.35107511638307,139.35107511638307,139.35107511638307,139.35107511638307,139.35107511638307,139.35107511638307,139.35107511638307,139.35107511638307,139.35107511638307,139.35107511638307,139.35107511638307,139.35107511638307,139.35107511638307,139.35107511638307,139.35107511638307,139.35107511638307,139.35107511638307,139.35107511638307,139.35107511638307,139.35107511638307,139.35107511638307,139.35107511638307,139.35107511638307,139.35107511638307,139.35107511638307,139.35107511638307,139.35107511638307,139.35107511638307,139.35107511638307,139.35107511638307,139.35107511638307,139.35107511638307,139.35107511638307,139.35107511638307,139.35107511638307,139.35107511638307,139.35107511638307,139.35107511638307,139.35107511638307,139.35107511638307,139.35107511638307,139.35107511638307,139.35107511638307,139.35107511638307,139.35107511638307,139.35107511638307,139.35107511638307,139.35107511638307,139.35107511638307,139.35107511638307,139.35107511638307,139.35107511638307,139.35107511638307,139.35107511638307,139.35107511638307,139.35107511638307,139.35107511638307,144.76105005188165,139.35107511638307,139.35107511638307,139.35107511638307,139.35107511638307,139.35107511638307,156.93337800353655,142.1896126473827,144.76105005188165,139.35107511638307,147.67563076548282,144.76105005188165,144.76105005188165,154.84436984223916,142.1896126473827,147.08496973019726,144.76105005188165,139.35107511638307,147.67563076548282,139.35107511638307,147.08496973019726,139.35107511638307,152.42149427310898,165.40601723935436,144.76105005188165,160.65716102871156,144.76105005188165,139.35107511638307,152.699681763737,161.86598742590354,139.35107511638307,139.35107511638307,139.35107511638307,139.35107511638307,139.35107511638307,139.35107511638307,139.35107511638307,139.35107511638307,139.35107511638307,139.35107511638307,139.35107511638307,139.35107511638307,139.35107511638307,139.35107511638307,139.35107511638307,139.35107511638307,139.35107511638307,139.35107511638307,139.35107511638307
147.67563076548282,80.49239090066779,78.94681440560515,78.94681440560515,73.18707938324333,80.49239090066779,81.28232919184401,80.49239090066779,79.61833961170134,79.61833961170134,81.28232919184401,81.28232919184401,81.28232919184401,81.28232919184401,81.28232919184401,81.28232919184401,0.0,81.28232919184401,139.35107511638307,139.35107511638307,139.35107511638307,139.35107511638307,139.35107511638307,139.35107511638307,139.35107511638307,139.35107511638307,139.35107511638307,139.35107511638307,139.35107511638307,139.35107511638307,139.35107511638307,139.35107511638307,139.35107511638307,139.35107511638307,139.35107511638307,139.35107511638307,139.35107511638307,139.35107511638307,139.35107511638307,139.35107511638307,139.35107511638307,139.35107511638307,139.35107511638307,139.35107511638307,139.35107511638307,139.35107511638307,139.35107511638307,139.35107511638307,139.35107511638307,139.35107511638307,139.35107511638307,139.35107511638307,139.35107511638307,139.35107511638307,139.35107511638307,139.35107511638307,139.35107511638307,139.35107511638307,139.35107511638307,139.35107511638307,139.35107511638307,139.35107511638307,139.35107511638307,139.35107511638307,139.35107511638307,139.35107511638307,139.35107511638307,139.35107511638307,139.35107511638307,139.35107511638307,139.35107511638307,139.35107511638307,139.35107511638307,139.35107511638307,139.35107511638307,139.35107511638307,139.35107511638307,139.35107511638307,139.35107511638307,139.35107511638307,139.35107511638307,139.35107511638307,144.76105005188165,139.35107511638307,139.35107511638307,139.35107511638307,139.35107511638307,139.35107511638307,156.93337800353655,142.1896126473827,171.40082473091195,139.35107511638307,147.67563076548282,144.76105005188165,166.6132948003608,154.84436984223916,150.31504531760334,147.08496973019726,158.58372013413413,139.35107511638307,150.31504531760334,139.35107511638307,151.21243675976552,139.35107511638307,155.11832453144766,168.59405645886625,150.31504531760334,174.31592340856736,155.11832453144766,139.35107511638307,169.60096962084367,152.699681763737,139.35107511638307,139.35107511638307,139.35107511638307,139.35107511638307,139.35107511638307,139.35107511638307,139.35107511638307,139.35107511638307,139.35107511638307,139.35107511638307,139.35107511638307,139.35107511638307,139.35107511638307,139.35107511638307,139.35107511638307,139.35107511638307,139.35107511638307,139.35107511638307,139.35107511638307
145.06830121547,79.61833961170134,75.95085268319768,78.94681440560515,75.20192175168627,79.61833961170134,80.49239090066779,81.28232919184401,81.28232919184401,81.28232919184401,81.28232919184401,81.28232919184401,81.28232919184401,81.28232919184401,81.28232919184401,81.28232919184401,81.28232919184401,0.0,139.35107511638307,139.35107511638307,139.35107511638307,139.35107511638307,139.35107511638307,139.35107511638307,139.35107511638307,139.35107511638307,139.35107511638307,139.35107511638307,139.35107511638307,139.35107511638307,139.35107511638307,139.35107511638307,139.35107511638307,139.35107511638307,139.35107511638307,139.35107511638307,139.35107511638307,139.35107511638307,139.35107511638307,139.35107511638307,139.35107511638307,139.35107511638307,139.35107511638307,139.35107511638307,139.35107511638307,139.35107511638307,139.35107511638307,139.35107511638307,139.35107511638307,139.35107511638307,139.35107511638307,139.35107511638307,139.35107511638307,139.35107511638307,139.35107511638307,139.35107511638307,139.35107511638307,139.35107511638307,139.35107511638307,139.35107511638307,139.35107511638307,139.35107511638307,139.35107511638307,139.35107511638307,139.35107511638307,139.35107511638307,139.35107511638307,139.35107511638307,139.35107511638307,139.35107511638307,139.35107511638307,139.35107511638307,139.35107511638307,139.35107511638307,139.35107511638307,139.35107511638307,139.35107511638307,139.35107511638307,139.35107511638307,139.35107511638307,139.35107511638307,139.35107511638307,144.76105005188165,139.35107511638307,139.35107511638307,139.35107511638307,139.35107511638307,139.35107511638307,156.93337800353655,142.1896126473827,169.8165983821928,139.35107511638307,147.67563076548282,144.76105005188165,166.6132948003608,154.84436984223916,147.67563076548282,147.08496973019726,158.58372013413413,139.35107511638307,147.67563076548282,139.35107511638307,139.35107511638307,139.35107511638307,152.42149427310898,163.0791328548696,147.67563076548282,171.40082473091195,152.42149427310898,142.1896126473827,169.60096962084367,149.4426850182274,139.35107511638307,139.35107511638307,139.35107511638307,139.35107511638307,139.35107511638307,139.35107511638307,139.35107511638307,139.35107511638307,139.35107511638307,139.35107511638307,139.35107511638307,139.35107511638307,139.35107511638307,139.35107511638307,139.35107511638307,139.35107511638307,139.35107511638307,139.35107511638307,139.35107511638307
139.35107511638307,139.35107511638307,139.35107511638307,142.1896126473827,142.1896126473827,149.4426850182274,139.35107511638307,139.35107511638307,139.35107511638307,139.35107511638307,139.35107511638307,139.35107511638307,139.35107511638307,139.35107511638307,139.35107511638307,139.35107511638307,139.35107511638307,139.35107511638307,0.0,81.28232919184401,78.94681440560515,76.99283678550484,66.58807530386751,67.89976132940085,71.25730792455762,76.99283678550484,67.89976132940085,65.15876877909578,169.5853865523195,169.5853865523195,168.59405645886625,163.0791328548696,147.67563076548282,161.86598742590354,150.03160908617906,147.67563076548282,147.67563076548282,156.93337800353655,147.67563076548282,147.67563076548282,139.35107511638307,144.76105005188165,142.1896126473827,142.1896126473827,139.35107511638307,145.06830121547,139.35107511638307,139.35107511638307,139.35107511638307,139.35107511638307,139.35107511638307,139.35107511638307,139.35107511638307,139.35107511638307,139.35107511638307,139.35107511638307,139.35107511638307,139.35107511638307,139.35107511638307,139.35107511638307,139.35107511638307,139.35107511638307,139.35107511638307,139.35107511638307,139.35107511638307,139.35107511638307,139.35107511638307,139.35107511638307,139.35107511638307,139.35107511638307,139.35107511638307,139.35107511638307,139.35107511638307,139.35107511638307,139.35107511638307,139.35107511638307,139.35107511638307,139.35107511638307,139.35107511638307,139.35107511638307,139.35107511638307,139.35107511638307,144.76105005188165,139.35107511638307,139.35107511638307,139.35107511638307,139.35107511638307,139.35107511638307,156.93337800353655,142.1896126473827,166.6132948003608,139.35107511638307,147.67563076548282,144.76105005188165,139.35107511638307,154.84436984223916,144.76105005188165,147.08496973019726,158.58372013413413,139.35107511638307,142.1896126473827,139.35107511638307,142.1896126473827,139.35107511638307,142.1896126473827,139.35107511638307,142.1896126473827,142.1896126473827,139.35107511638307,139.35107511638307,139.35107511638307,139.35107511638307,142.1896126473827,139.35107511638307,139.35107511638307,139.35107511638307,139.35107511638307,139.35107511638307,139.35107511638307,139.35107511638307,139.35107511638307,139.35107511638307,139.35107511638307,139.35107511638307,139.35107511638307,139.35107511638307,139.35107511638307,139.35107511638307,139.35107511638307,139.35107511638307,139.35107511638307
139.35107511638307,139.35107511638307,139.35107511638307,142.1896126473827,142.1896126473827,149.4426850182274,139.35107511638307,139.35107511638307,139.35107511638307,139.35107511638307,139.35107511638307,139.35107511638307,139.35107511638307,139.35107511638307,139.35107511638307,139.35107511638307,139.35107511638307,139.35107511638307,81.28232919184401,0.0,81.28232919184401,78.94681440560515,77.93232652531799,169.5853865523195,169.5853865523195,166.73794456362603,169.5853865523195,169.5853865523195,197.073668739342,188.22455248534345,181.08154926526825,169.5853865523195,169.60096962084367,139.35107511638307,172.18533358710283,166.6132948003608,169.60096962084367,185.68924338688475,169.60096962084367,169.8165983821928,139.35107511638307,172.71411045685244,139.35107511638307,139.35107511638307,139.35107511638307,139.35107511638307,139.35107511638307,139.35107511638307,139.35107511638307,139.35107511638307,139.35107511638307,139.35107511638307,139.35107511638307,139.35107511638307,139.35107511638307,139.35107511638307,139.35107511638307,139.35107511638307,139.35107511638307,139.35107511638307,139.35107511638307,139.35107511638307,139.35107511638307,139.35107511638307,139.35107511638307,139.35107511638307,139.35107511638307,139.35107511638307,139.35107511638307,139.35107511638307,139.35107511638307,139.35107511638307,139.35107511638307,139.35107511638307,139.35107511638307,139.35107511638307,139.35107511638307,139.35107511638307,139.35107511638307,139.35107511638307,139.35107511638307,139.35107511638307,144.76105005188165,139.35107511638307,139.35107511638307,139.35107511638307,139.35107511638307,139.35107511638307,156.93337800353655,142.1896126473827,166.6132948003608,139.35107511638307,147.67563076548282,144.76105005188165,139.35107511638307,154.84436984223916,144.76105005188165,147.08496973019726,158.58372013413413,139.35107511638307,142.1896126473827,139.35107511638307,142.1896126473827,139.35107511638307,142.1896126473827,139.35107511638307,142.1896126473827,142.1896126473827,139.35107511638307,139.35107511638307,139.35107511638307,139.35107511638307,139.35107511638307,139.35107511638307,139.35107511638307,139.35107511638307,139.35107511638307,139.35107511638307,139.35107511638307,139.35107511638307,139.35107511638307,139.35107511638307,139.35107511638307,139.35107511638307,139.35107511638307,139.35107511638307,139.35107511638307,139.35107511638307,139.35107511638307,139.35107511638307,139.35107511638307
139.35107511638307,139.35107511638307,139.35107511638307,142.1896126473827,142.1896126473827,149.4426850182274,139.35107511638307,139.35107511638307,139.35107511638307,139.35107511638307,139.35107511638307,139.35107511638307,139.35107511638307,139.35107511638307,139.35107511638307,139.35107511638307,139.35107511638307,139.35107511638307,78.94681440560515,81.28232919184401,0.0,81.28232919184401,81.28232919184401,78.94681440560515,81.28232919184401,81.28232919184401,80.49239090066779,77.93232652531799,78.94681440560515,78.94681440560515,70.32708710668275,65.15876877909578,66.58807530386751,169.5853865523195,169.5853865523195,169.5853865523195,169.5853865523195,169.5853865523195,66.58807530386751,165.40601723935436,161.86598742590354,66.58807530386751,142.1896126473827,151.21243675976552,149.4426850182274,147.67563076548282,163.0791328548696,154.84436984223916,142.1896126473827,142.1896126473827,155.11832453144766,150.03160908617906,145.06830121547,169.8165983821928,147.67563076548282,147.67563076548282,142.1896126473827,147.67563076548282,142.1896126473827,142.1896126473827,145.06830121547,145.06830121547,139.35107511638307,145.06830121547,142.1896126473827,157.89559560746392,139.35107511638307,142.1896126473827,139.35107511638307,145.06830121547,139.35107511638307,147.67563076548282,139.35107511638307,147.67563076548282,139.35107511638307,145.06830121547,139.35107511638307,145.06830121547,139.35107511638307,145.06830121547,139.35107511638307,139.35107511638307,142.1896126473827,139.35107511638307,139.35107511638307,139.35107511638307,139.35107511638307,139.35107511638307,156.93337800353655,142.1896126473827,169.5853865523195,142.1896126473827,163.57322016106943,154.21516546937346,139.35107511638307,157.89559560746392,154.84436984223916,147.08496973019726,165.67902768077838,151.21243675976552,142.1896126473827,142.1896126473827,142.1896126473827,139.35107511638307,142.1896126473827,151.21243675976552,142.1896126473827,142.1896126473827,139.35107511638307,139.35107511638307,142.1896126473827,139.35107511638307,152.42149427310898,145.06830121547,142.1896126473827,145.06830121547,147.67563076548282,139.35107511638307,139.35107511638307,139.35107511638307,139.35107511638307,139.35107511638307,139.35107511638307,139.35107511638307,139.35107511638307,139.35107511638307,139.35107511638307,139.35107511638307,139.35107511638307,139.35107511638307,139.35107511638307
139.35107511638307,139.35107511638307,139.35107511638307,142.1896126473827,142.1896126473827,149.4426850182274,139.35107511638307,139.35107511638307,139.35107511638307,139.35107511638307,139.35107511638307,139.35107511638307,139.35107511638307,139.35107511638307,139.35107511638307,139.35107511638307,139.35107511638307,139.35107511638307,76.99283678550484,78.94681440560515,81.28232919184401,0.0,81.28232919184401,81.28232919184401,81.28232919184401,81.28232919184401,80.49239090066779,80.49239090066779,80.49239090066779,75.95085268319768,73.97779426498602,69.09847886756535,67.89976132940085,169.5853865523195,175.75678840218427,169.5853865523195,67.89976132940085,75.20192175168627,169.5853865523195,163.0791328548696,168.17784775427387,169.5853865523195,150.03160908617906,159.38839631986644,156.31801381575997,150.31504531760334,156.93337800353655,163.0791328548696,150.03160908617906,144.76105005188165,162.16765637819583,152.699681763737,147.67563076548282,162.16765637819583,161.68407963349227,147.67563076548282,152.699681763737,150.31504531760334,144.76105005188165,144.76105005188165,139.35107511638307,150.31504531760334,158.58372013413413,161.68407963349227,144.76105005188165,147.67563076548282,139.35107511638307,139.35107511638307,139.35107511638307,177.0644650626826,161.68407963349227,139.35107511638307,139.35107511638307,161.68407963349227,139.35107511638307,158.58372013413413,139.35107511638307,161.68407963349227,139.35107511638307,139.35107511638307,139.35107511638307,139.35107511638307,144.76105005188165,139.35107511638307,139.35107511638307,139.35107511638307,139.35107511638307,139.35107511638307,156.93337800353655,142.1896126473827,169.5853865523195,142.1896126473827,147.67563076548282,144.76105005188165,139.35107511638307,157.89559560746392,150.31504531760334,147.08496973019726,165.67902768077838,151.21243675976552,142.1896126473827,142.1896126473827,142.1896126473827,139.35107511638307,142.1896126473827,151.21243675976552,142.1896126473827,142.1896126473827,139.35107511638307,139.35107511638307,142.1896126473827,139.35107511638307,159.38869722218828,147.67563076548282,139.35107511638307,144.76105005188165,158.58372013413413,139.35107511638307,139.35107511638307,139.35107511638307,139.35107511638307,139.35107511638307,139.35107511638307,139.35107511638307,139.35107511638307,139.35107511638307,139.35107511638307,139.35107511638307,139.35107511638307,139.35107511638307,139.35107511638307
139.35107511638307,139.35107511638307,139.35107511638307,142.1896126473827,142.1896126473827,149.4426850182274,139.35107511638307,139.35107511638307,139.35107511638307,139.35107511638307,139.35107511638307,139.35107511638307,139.35107511638307,139.35107511638307,139.35107511638307,139.35107511638307,139.35107511638307,139.35107511638307,66.58807530386751,77.93232652531799,81.28232919184401,81.28232919184401,0.0,81.28232919184401,81.28232919184401,81.28232919184401,81.28232919184401,81.28232919184401,81.28232919184401,79.61833961170134,78.94681440560515,75.95085268319768,67.89976132940085,169.5853865523195,69.09847886756535,169.5853865523195,67.89976132940085,175.75678840218427,67.89976132940085,169.5853865523195,169.5853865523195,169.5853865523195,156.93337800353655,169.5853865523195,147.08496973019726,150.31504531760334,156.93337800353655,169.5853865523195,163.0791328548696,144.76105005188165,171.47792328913602,152.699681763737,147.67563076548282,150.03160908617906,150.31504531760334,147.67563076548282,152.699681763737,150.31504531760334,144.76105005188165,144.76105005188165,147.67563076548282,147.67563076548282,139.35107511638307,147.67563076548282,144.76105005188165,147.67563076548282,139.35107511638307,144.76105005188165,139.35107511638307,147.67563076548282,139.35107511638307,150.31504531760334,139.35107511638307,150.31504531760334,139.35107511638307,147.67563076548282,139.35107511638307,139.35107511638307,139.35107511638307,139.35107511638307,139.35107511638307,139.35107511638307,144.76105005188165,139.35107511638307,139.35107511638307,139.35107511638307,139.35107511638307,139.35107511638307,156.93337800353655,142.1896126473827,166.6132948003608,139.35107511638307,147.67563076548282,144.76105005188165,139.35107511638307,154.84436984223916,144.76105005188165,147.08496973019726,158.58372013413413,139.35107511638307,142.1896126473827,139.35107511638307,142.1896126473827,139.35107511638307,142.1896126473827,139.35107511638307,142.1896126473827,142.1896126473827,139.35107511638307,139.35107511638307,139.35107511638307,139.35107511638307,164.48956708672387,147.67563076548282,144.76105005188165,144.76105005188165,139.35107511638307,139.35107511638307,139.35107511638307,139.35107511638307,139.35107511638307,139.35107511638307,139.35107511638307,139.35107511638307,139.35107511638307,139.35107511638307,139.35107511638307,139.35107511638307,139.35107511638307,139.35107511638307,139.35107511638307
139.35107511638307,139.35107511638307,139.35107511638307,142.1896126473827,142.1896126473827,149.4426850182274,139.35107511638307,139.35107511638307,139.35107511638307,139.35107511638307,139.35107511638307,139.35107511638307,139.35107511638307,139.35107511638307,139.35107511638307,139.35107511638307,139.35107511638307,139.35107511638307,67.89976132940085,169.5853865523195,78.94681440560515,81.28232919184401,81.28232919184401,0.0,81.28232919184401,81.28232919184401,81.28232919184401,81.28232919184401,81.28232919184401,81.28232919184401,81.28232919184401,78.94681440560515,79.61833961170134,79.61833961170134,75.20192175168627,76.99283678550484,78.94681440560515,71.25730792455762,70.32708710668275,169.5853865523195,169.5853865523195,65.15876877909578,167.85230888662812,169.5853865523195,158.58372013413413,169.5853865523195,161.86598742590354,169.5853865523195,144.76105005188165,154.84436984223916,166.6132948003608,154.21516546937346,142.1896126473827,161.68407963349227,154.21516546937346,161.68407963349227,139.35107511638307,165.40601723935436,139.35107511638307,149.4426850182274,152.42149427310898,152.42149427310898,151.21243675976552,152.42149427310898,144.76105005188165,154.84436984223916,139.35107511638307,144.76105005188165,139.35107511638307,142.1896126473827,154.21516546937346,155.11832453144766,139.35107511638307,144.76105005188165,139.35107511638307,151.21243675976552,139.35107511638307,142.1896126473827,139.35107511638307,142.1896126473827,139.35107511638307,139.35107511638307,139.35107511638307,139.35107511638307,139.35107511638307,139.35107511638307,139.35107511638307,139.35107511638307,156.93337800353655,142.1896126473827,169.5853865523195,142.1896126473827,163.57322016106943,154.21516546937346,139.35107511638307,157.89559560746392,154.84436984223916,147.08496973019726,165.67902768077838,151.21243675976552,142.1896126473827,142.1896126473827,142.1896126473827,139.35107511638307,142.1896126473827,151.21243675976552,142.1896126473827,142.1896126473827,139.35107511638307,139.35107511638307,142.1896126473827,139.35107511638307,169.5853865523195,169.5853865523195,144.76105005188165,149.4426850182274,144.76105005188165,139.35107511638307,139.35107511638307,139.35107511638307,139.35107511638307,139.35107511638307,139.35107511638307,139.35107511638307,139.35107511638307,139.35107511638307,139.35107511638307,139.35107511638307,139.35107511638307,139.35107511638307,139.35107511638307
139.35107511638307,139.35107511638307,139.35107511638307,142.1896126473827,142.1896126473827,149.4426850182274,139.35107511638307,139.35107511638307,139.35107511638307,139.35107511638307,139.35107511638307,139.35107511638307,139.35107511638307,139.35107511638307,139.35107511638307,139.35107511638307,139.35107511638307,139.35107511638307,71.25730792455762,169.5853865523195,81.28232919184401,81.28232919184401,81.28232919184401,81.28232919184401,0.0,81.28232919184401,81.28232919184401,81.28232919184401,81.28232919184401,80.49239090066779,75.95085268319768,79.61833961170134,67.89976132940085,75.95085268319768,75.95085268319768,65.15876877909578,65.15876877909578,76.99283678550484,65.15876877909578,169.5853865523195,169.5853865523195,169.5853865523195,144.76105005188165,159.96087436183808,156.31801381575997,150.31504531760334,139.35107511638307,165.40601723935436,158.58372013413413,142.1896126473827,154.84436984223916,142.1896126473827,142.1896126473827,151.21243675976552,144.76105005188165,142.1896126473827,147.08496973019726,150.31504531760334,139.35107511638307,139.35107511638307,142.1896126473827,142.1896126473827,161.86598742590354,142.1896126473827,139.35107511638307,142.1896126473827,139.35107511638307,139.35107511638307,139.35107511638307,142.1896126473827,165.00883771602287,144.76105005188165,139.35107511638307,144.76105005188165,139.35107511638307,142.1896126473827,139.35107511638307,165.00883771602287,139.35107511638307,139.35107511638307,139.35107511638307,139.35107511638307,144.76105005188165,139.35107511638307,139.35107511638307,139.35107511638307,139.35107511638307,139.35107511638307,156.93337800353655,142.1896126473827,169.5853865523195,142.1896126473827,147.67563076548282,144.76105005188165,139.35107511638307,157.89559560746392,150.31504531760334,147.08496973019726,165.67902768077838,151.21243675976552,142.1896126473827,142.1896126473827,142.1896126473827,139.35107511638307,142.1896126473827,151.21243675976552,142.1896126473827,142.1896126473827,139.35107511638307,139.35107511638307,142.1896126473827,139.35107511638307,158.58372013413413,147.67563076548282,139.35107511638307,139.35107511638307,161.86598742590354,139.35107511638307,139.35107511638307,139.35107511638307,139.35107511638307,139.35107511638307,139.35107511638307,139.35107511638307,139.35107511638307,139.35107511638307,139.35107511638307,139.35107511638307,139.35107511638307,139.35107511638307,139.35107511638307
139.35107511638307,139.35107511638307,139.35107511638307,142.1896126473827,142.1896126473827,149.4426850182274,139.35107511638307,139.35107511638307,139.35107511638307,139.35107511638307,139.35107511638307,139.35107511638307,139.35107511638307,139.35107511638307,139.35107511638307,139.35107511638307,139.35107511638307,139.35107511638307,76.99283678550484,166.73794456362603,81.28232919184401,81.28232919184401,81.28232919184401,81.28232919184401,81.28232919184401,0.0,81.28232919184401,81.28232919184401,81.28232919184401,80.49239090066779,81.28232919184401,80.49239090066779,76.99283678550484,65.15876877909578,76.99283678550484,77.93232652531799,73.97779426498602,77.93232652531799,67.89976132940085,66.58807530386751,168.17784775427387,71.25730792455762,142.1896126473827,166.6132948003608,151.21243675976552,161.86598742590354,144.76105005188165,166.6132948003608,156.93337800353655,142.1896126473827,139.35107511638307,142.1896126473827,142.1896126473827,154.21516546937346,147.67563076548282,159.38869722218828,147.67563076548282,139.35107511638307,142.1896126473827,144.76105005188165,142.1896126473827,142.1896126473827,163.57322016106943,139.35107511638307,142.1896126473827,142.1896126473827,139.35107511638307,144.76105005188165,139.35107511638307,147.67563076548282,166.73794456362603,142.1896126473827,139.35107511638307,142.1896126473827,139.35107511638307,145.06830121547,139.35107511638307,145.06830121547,139.35107511638307,154.21516546937346,139.35107511638307,139.35107511638307,151.21243675976552,139.35107511638307,139.35107511638307,139.35107511638307,139.35107511638307,139.35107511638307,156.93337800353655,142.1896126473827,169.5853865523195,142.1896126473827,163.57322016106943,154.21516546937346,139.35107511638307,157.89559560746392,154.84436984223916,147.08496973019726,165.67902768077838,151.21243675976552,142.1896126473827,142.1896126473827,142.1896126473827,139.35107511638307,142.1896126473827,151.21243675976552,142.1896126473827,142.1896126473827,139.35107511638307,139.35107511638307,142.1896126473827,139.35107511638307,163.57322016106943,154.84436984223916,144.76105005188165,145.06830121547,156.93337800353655,166.73794456362603,165.00883771602287,168.59405645886625,165.00883771602287,154.21516546937346,145.06830121547,139.35107511638307,142.1896126473827,145.06830121547,139.35107511638307,139.35107511638307,139.35107511638307,139.35107511638307,139.35107511638307
139.35107511638307,139.35107511638307,139.35107511638307,142.1896126473827,142.1896126473827,149.4426850182274,139.35107511638307,139.35107511638307,139.35107511638307,139.35107511638307,139.35107511638307,139.35107511638307,139.35107511638307,139.35107511638307,139.35107511638307,139.35107511638307,139.35107511638307,139.35107511638307,67.89976132940085,169.5853865523195,80.49239090066779,80.49239090066779,81.28232919184401,81.28232919184401,81.28232919184401,81.28232919184401,0.0,81.28232919184401,81.28232919184401,81.28232919184401,81.28232919184401,81.28232919184401,78.94681440560515,77.93232652531799,81.28232919184401,66.58807530386751,73.18707938324333,78.94681440560515,79.61833961170134,66.58807530386751,69.09847886756535,169.5853865523195,147.67563076548282,163.0791328548696,159.38869722218828,166.73794456362603,142.1896126473827,65.15876877909578,161.68407963349227,145.06830121547,157.89559560746392,145.06830121547,145.06830121547,154.21516546937346,150.03160908617906,157.89559560746392,161.86598742590354,163.57322016106943,142.1896126473827,159.38869722218828,155.10991547026134,145.06830121547,156.31801381575997,163.57322016106943,142.1896126473827,157.89559560746392,156.31801381575997,145.06830121547,159.96087436183808,161.68407963349227,147.08496973019726,142.1896126473827,142.1896126473827,163.57322016106943,144.76105005188165,159.96087436183808,139.35107511638307,145.06830121547,142.1896126473827,142.1896126473827,139.35107511638307,154.84436984223916,142.1896126473827,144.76105005188165,139.35107511638307,147.08496973019726,139.35107511638307,139.35107511638307,147.08496973019726,142.1896126473827,142.1896126473827,142.1896126473827,163.57322016106943,154.21516546937346,139.35107511638307,159.96087436183808,139.35107511638307,147.08496973019726,165.67902768077838,169.5853865523195,142.1896126473827,142.1896126473827,147.08496973019726,139.35107511638307,142.1896126473827,151.21243675976552,144.76105005188165,142.1896126473827,139.35107511638307,139.35107511638307,142.1896126473827,139.35107511638307,169.5853865523195,159.38869722218828,163.57322016106943,145.06830121547,154.84436984223916,149.4426850182274,142.1896126473827,152.699681763737,139.35107511638307,139.35107511638307,147.08496973019726,147.08496973019726,150.03160908617906,139.35107511638307,139.35107511638307,139.35107511638307,139.35107511638307,139.35107511638307,139.35107511638307
139.35107511638307,139.35107511638307,139.35107511638307,142.1896126473827,142.1896126473827,149.4426850182274,139.35107511638307,139.35107511638307,139.35107511638307,139.35107511638307,139.35107511638307,139.35107511638307,139.35107511638307,139.35107511638307,139.35107511638307,139.35107511638307,139.35107511638307,139.35107511638307,65.15876877909578,169.5853865523195,77.93232652531799,80.49239090066779,81.28232919184401,81.28232919184401,81.28232919184401,81.28232919184401,81.28232919184401,0.0,81.28232919184401,81.28232919184401,81.28232919184401,81.28232919184401,81.28232919184401,81.28232919184401,80.49239090066779,81.28232919184401,81.28232919184401,78.94681440560515,79.61833961170134,78.94681440560515,65.15876877909578,77.93232652531799,169.5853865523195,169.5853865523195,168.17784775427387,169.5853865523195,169.5853865523195,65.15876877909578,166.73794456362603,169.5853865523195,169.5853865523195,168.59405645886625,165.00883771602287,165.00883771602287,163.57322016106943,163.0791328548696,154.84436984223916,145.06830121547,151.21243675976552,165.00883771602287,142.1896126473827,145.06830121547,145.06830121547,166.6132948003608,139.35107511638307,165.00883771602287,156.31801381575997,145.06830121547,159.96087436183808,147.67563076548282,139.35107511638307,151.21243675976552,142.1896126473827,145.06830121547,142.1896126473827,147.67563076548282,139.35107511638307,145.06830121547,142.1896126473827,139.35107511638307,139.35107511638307,154.84436984223916,142.1896126473827,139.35107511638307,139.35107511638307,142.1896126473827,139.35107511638307,139.35107511638307,139.35107511638307,142.1896126473827,142.1896126473827,142.1896126473827,163.57322016106943,154.21516546937346,139.35107511638307,159.96087436183808,139.35107511638307,147.08496973019726,165.67902768077838,169.5853865523195,142.1896126473827,142.1896126473827,139.35107511638307,139.35107511638307,142.1896126473827,151.21243675976552,144.76105005188165,142.1896126473827,139.35107511638307,139.35107511638307,142.1896126473827,139.35107511638307,66.58807530386751,166.6132948003608,163.57322016106943,168.17784775427387,154.84436984223916,149.4426850182274,139.35107511638307,144.76105005188165,139.35107511638307,145.06830121547,139.35107511638307,139.35107511638307,142.1896126473827,139.35107511638307,139.35107511638307,139.35107511638307,139.35107511638307,139.35107511638307,139.35107511638307
139.35107511638307,139.35107511638307,139.35107511638307,142.1896126473827,142.1896126473827,149.4426850182274,139.35107511638307,139.35107511638307,139.35107511638307,139.35107511638307,139.35107511638307,139.35107511638307,139.35107511638307,139.35107511638307,139.35107511638307,139.35107511638307,139.35107511638307,139.35107511638307,169.5853865523195,197.073668739342,78.94681440560515,80.49239090066779,81.28232919184401,81.28232919184401,81.28232919184401,81.28232919184401,81.28232919184401,81.28232919184401,0.0,81.28232919184401,81.28232919184401,81.28232919184401,81.28232919184401,81.28232919184401,81.28232919184401,79.61833961170134,81.28232919184401,81.28232919184401,79.61833961170134,65.15876877909578,73.18707938324333,78.94681440560515,165.40601723935436,169.5853865523195,166.6132948003608,168.17784775427387,151.21243675976552,65.15876877909578,166.6132948003608,147.08496973019726,163.57322016106943,159.96087436183808,139.35107511638307,151.21243675976552,144.76105005188165,161.86598742590354,144.76105005188165,159.96087436183808,139.35107511638307,156.31801381575997,144.76105005188165,142.1896126473827,156.31801381575997,144.76105005188165,139.35107511638307,154.84436984223916,156.31801381575997,142.1896126473827,159.96087436183808,158.58372013413413,154.84436984223916,139.35107511638307,142.1896126473827,139.35107511638307,144.76105005188165,142.1896126473827,139.35107511638307,142.1896126473827,142.1896126473827,142.1896126473827,139.35107511638307,154.84436984223916,142.1896126473827,144.76105005188165,139.35107511638307,147.08496973019726,139.35107511638307,139.35107511638307,154.84436984223916,142.1896126473827,142.1896126473827,142.1896126473827,163.57322016106943,154.21516546937346,139.35107511638307,159.96087436183808,139.35107511638307,147.08496973019726,165.67902768077838,169.5853865523195,142.1896126473827,142.1896126473827,154.84436984223916,139.35107511638307,142.1896126473827,151.21243675976552,144.76105005188165,142.1896126473827,139.35107511638307,139.35107511638307,142.1896126473827,139.35107511638307,168.17784775427387,163.57322016106943,163.57322016106943,142.1896126473827,154.84436984223916,149.4426850182274,142.1896126473827,160.65716102871156,161.86598742590354,151.21243675976552,142.1896126473827,154.84436984223916,139.35107511638307,142.1896126473827,139.35107511638307,139.35107511638307,139.35107511638307,139.35107511638307,139.35107511638307
139.35107511638307,139.35107511638307,139.35107511638307,142.1896126473827,142.1896126473827,149.4426850182274,139.35107511638307,139.35107511638307,139.35107511638307,139.35107511638307,139.35107511638307,139.35107511638307,139.35107511638307,139.35107511638307,139.35107511638307,139.35107511638307,139.35107511638307,139.35107511638307,169.5853865523195,188.22455248534345,78.94681440560515,75.95085268319768,79.61833961170134,81.28232919184401,80.49239090066779,80.49239090066779,81.28232919184401,81.28232919184401,81.28232919184401,0.0,81.28232919184401,81.28232919184401,81.28232919184401,81.28232919184401,81.28232919184401,81.28232919184401,80.49239090066779,81.28232919184401,80.49239090066779,66.58807530386751,75.20192175168627,78.94681440560515,67.89976132940085,69.09847886756535,166.6132948003608,169.5853865523195,154.21516546937346,66.58807530386751,166.6132948003608,150.03160908617906,144.76105005188165,163.0791328548696,139.35107511638307,154.21516546937346,144.76105005188165,144.76105005188165,144.76105005188165,145.06830121547,142.1896126473827,147.67563076548282,142.1896126473827,145.06830121547,145.06830121547,144.76105005188165,139.35107511638307,144.76105005188165,147.08496973019726,145.06830121547,152.699681763737,147.67563076548282,158.58372013413413,139.35107511638307,145.06830121547,139.35107511638307,147.67563076548282,142.1896126473827,139.35107511638307,145.06830121547,145.06830121547,145.06830121547,139.35107511638307,157.89559560746392,145.06830121547,147.67563076548282,139.35107511638307,142.1896126473827,139.35107511638307,139.35107511638307,147.08496973019726,142.1896126473827,145.06830121547,142.1896126473827,163.57322016106943,154.21516546937346,142.1896126473827,159.96087436183808,142.1896126473827,147.08496973019726,165.67902768077838,169.5853865523195,142.1896126473827,142.1896126473827,158.58372013413413,139.35107511638307,142.1896126473827,151.21243675976552,144.76105005188165,142.1896126473827,139.35107511638307,139.35107511638307,142.1896126473827,139.35107511638307,66.58807530386751,165.90062072383324,144.76105005188165,144.76105005188165,152.699681763737,152.42149427310898,145.06830121547,145.06830121547,161.86598742590354,145.06830121547,142.1896126473827,158.58372013413413,139.35107511638307,142.1896126473827,139.35107511638307,139.35107511638307,139.35107511638307,139.35107511638307,139.35107511638307
139.35107511638307,139.35107511638307,139.35107511638307,142.1896126473827,142.1896126473827,149.4426850182274,139.35107511638307,139.35107511638307,139.35107511638307,139.35107511638307,139.35107511638307,139.35107511638307,139.35107511638307,139.35107511638307,139.35107511638307,139.35107511638307,139.35107511638307,139.35107511638307,168.59405645886625,181.08154926526825,70.32708710668275,73.97779426498602,78.94681440560515,81.28232919184401,75.95085268319768,81.28232919184401,81.28232919184401,81.28232919184401,81.28232919184401,81.28232919184401,0.0,81.28232919184401,81.28232919184401,81.28232919184401,81.28232919184401,81.28232919184401,81.28232919184401,81.28232919184401,81.28232919184401,80.49239090066779,71.25730792455762,80.49239090066779,144.76105005188165,75.95085268319768,65.15876877909578,169.5853865523195,157.89559560746392,69.09847886756535,166.73794456362603,159.38869722218828,67.89976132940085,166.6132948003608,142.1896126473827,165.00883771602287,147.67563076548282,163.0791328548696,147.67563076548282,145.06830121547,139.35107511638307,163.0791328548696,142.1896126473827,144.76105005188165,145.06830121547,147.67563076548282,142.1896126473827,151.21243675976552,159.96087436183808,145.06830121547,144.76105005188165,147.67563076548282,150.03160908617906,142.1896126473827,150.03160908617906,142.1896126473827,144.76105005188165,145.06830121547,147.67563076548282,145.06830121547,150.03160908617906,150.03160908617906,147.67563076548282,144.76105005188165,144.76105005188165,151.21243675976552,139.35107511638307,142.1896126473827,139.35107511638307,139.35107511638307,151.21243675976552,142.1896126473827,145.06830121547,142.1896126473827,163.57322016106943,154.21516546937346,147.08496973019726,159.96087436183808,147.08496973019726,147.08496973019726,165.67902768077838,169.5853865523195,142.1896126473827,142.1896126473827,151.21243675976552,139.35107511638307,142.1896126473827,151.21243675976552,144.76105005188165,142.1896126473827,139.35107511638307,139.35107511638307,142.1896126473827,139.35107511638307,66.58807530386751,150.03160908617906,147.08496973019726,142.1896126473827,142.1896126473827,150.03160908617906,150.03160908617906,145.06830121547,165.00883771602287,145.06830121547,145.06830121547,151.21243675976552,142.1896126473827,145.06830121547,139.35107511638307,139.35107511638307,139.35107511638307,139.35107511638307,139.35107511638307
139.35107511638307,139.35107511638307,139.35107511638307,142.1896126473827,142.1896126473827,149.4426850182274,139.35107511638307,139.35107511638307,139.35107511638307,139.35107511638307,139.35107511638307,139.35107511638307,139.35107511638307,139.35107511638307,139.35107511638307,139.35107511638307,139.35107511638307,139.35107511638307,163.0791328548696,169.5853865523195,65.15876877909578,69.09847886756535,75.95085268319768,78.94681440560515,79.61833961170134,80.49239090066779,81.28232919184401,81.28232919184401,81.28232919184401,81.28232919184401,81.28232919184401,0.0,81.28232919184401,81.28232919184401,81.28232919184401,81.28232919184401,81.28232919184401,81.28232919184401,81.28232919184401,81.28232919184401,76.99283678550484,79.61833961170134,66.58807530386751,71.25730792455762,168.59405645886625,71.25730792455762,142.1896126473827,73.18707938324333,66.58807530386751,142.1896126473827,142.1896126473827,145.06830121547,144.76105005188165,145.06830121547,145.06830121547,142.1896126473827,142.1896126473827,150.03160908617906,142.1896126473827,142.1896126473827,142.1896126473827,150.03160908617906,151.21243675976552,145.06830121547,144.76105005188165,142.1896126473827,151.21243675976552,145.06830121547,156.93337800353655,150.03160908617906,145.06830121547,144.76105005188165,151.21243675976552,144.76105005188165,145.06830121547,147.67563076548282,139.35107511638307,142.1896126473827,157.89559560746392,145.06830121547,139.35107511638307,150.03160908617906,147.67563076548282,142.1896126473827,139.35107511638307,154.21516546937346,139.35107511638307,139.35107511638307,151.21243675976552,142.1896126473827,145.06830121547,142.1896126473827,163.57322016106943,154.21516546937346,154.84436984223916,159.96087436183808,154.84436984223916,147.08496973019726,165.67902768077838,169.5853865523195,142.1896126473827,142.1896126473827,161.86598742590354,139.35107511638307,142.1896126473827,151.21243675976552,144.76105005188165,142.1896126473827,139.35107511638307,139.35107511638307,142.1896126473827,139.35107511638307,166.73794456362603,161.68407963349227,142.1896126473827,142.1896126473827,156.93337800353655,165.67902768077838,157.89559560746392,157.89559560746392,166.73794456362603,147.67563076548282,147.67563076548282,147.67563076548282,144.76105005188165,147.67563076548282,147.67563076548282,139.35107511638307,139.35107511638307,139.35107511638307,139.35107511638307
139.35107511638307,139.35107511638307,139.35107511638307,142.1896126473827,142.1896126473827,149.4426850182274,139.35107511638307,139.35107511638307,139.35107511638307,139.35107511638307,139.35107511638307,139.35107511638307,139.35107511638307,139.35107511638307,139.35107511638307,139.35107511638307,139.35107511638307,139.35107511638307,147.67563076548282,169.60096962084367,66.58807530386751,67.89976132940085,67.89976132940085,79.61833961170134,67.89976132940085,76.99283678550484,78.94681440560515,81.28232919184401,81.28232919184401,81.28232919184401,81.28232919184401,81.28232919184401,0.0,81.28232919184401,81.28232919184401,81.28232919184401,81.28232919184401,81.28232919184401,81.28232919184401,81.28232919184401,80.49239090066779,80.49239090066779,71.25730792455762,79.61833961170134,157.89559560746392,67.89976132940085,144.76105005188165,80.49239090066779,77.93232652531799,65.15876877909578,151.21243675976552,69.09847886756535,150.03160908617906,147.67563076548282,147.67563076548282,67.89976132940085,147.67563076548282,67.89976132940085,151.21243675976552,65.15876877909578,142.1896126473827,152.699681763737,144.76105005188165,150.31504531760334,158.58372013413413,144.76105005188165,147.67563076548282,142.1896126473827,150.31504531760334,144.76105005188165,147.67563076548282,151.21243675976552,144.76105005188165,147.67563076548282,139.35107511638307,139.35107511638307,150.31504531760334,160.65716102871156,144.76105005188165,147.67563076548282,142.1896126473827,159.38839631986644,150.31504531760334,139.35107511638307,139.35107511638307,139.35107511638307,144.76105005188165,139.35107511638307,144.76105005188165,142.1896126473827,150.31504531760334,142.1896126473827,163.57322016106943,154.21516546937346,150.31504531760334,159.96087436183808,168.17784775427387,147.08496973019726,165.67902768077838,169.5853865523195,142.1896126473827,142.1896126473827,147.67563076548282,139.35107511638307,142.1896126473827,151.21243675976552,144.76105005188165,142.1896126473827,139.35107511638307,139.35107511638307,142.1896126473827,139.35107511638307,75.95085268319768,66.58807530386751,142.1896126473827,144.76105005188165,144.76105005188165,147.67563076548282,142.1896126473827,159.38869722218828,145.06830121547,145.06830121547,150.03160908617906,150.31504531760334,156.93337800353655,147.67563076548282,150.31504531760334,139.35107511638307,139.35107511638307,139.35107511638307,139.35107511638307
139.35107511638307,139.35107511638307,139.35107511638307,142.1896126473827,142.1896126473827,149.4426850182274,139.35107511638307,139.35107511638307,139.35107511638307,139.35107511638307,139.35107511638307,139.35107511638307,139.35107511638307,139.35107511638307,139.35107511638307,139.35107511638307,139.35107511638307,139.35107511638307,161.86598742590354,139.35107511638307,169.5853865523195,169.5853865523195,169.5853865523195,79.61833961170134,75.95085268319768,65.15876877909578,77.93232652531799,81.28232919184401,81.28232919184401,81.28232919184401,81.28232919184401,81.28232919184401,81.28232919184401,0.0,81.28232919184401,81.28232919184401,81.28232919184401,81.28232919184401,81.28232919184401,81.28232919184401,80.49239090066779,81.28232919184401,66.58807530386751,79.61833961170134,71.25730792455762,76.99283678550484,67.89976132940085,79.61833961170134,76.99283678550484,66.58807530386751,65.15876877909578,66.58807530386751,142.1896126473827,73.18707938324333,145.06830121547,142.1896126473827,142.1896126473827,65.15876877909578,142.1896126473827,144.76105005188165,66.58807530386751,66.58807530386751,147.08496973019726,65.15876877909578,144.76105005188165,66.58807530386751,154.84436984223916,147.67563076548282,139.35107511638307,150.03160908617906,147.08496973019726,144.76105005188165,152.699681763737,144.76105005188165,139.35107511638307,142.1896126473827,142.1896126473827,154.84436984223916,142.1896126473827,145.06830121547,142.1896126473827,139.35107511638307,139.35107511638307,139.35107511638307,144.76105005188165,139.35107511638307,142.1896126473827,139.35107511638307,139.35107511638307,154.21516546937346,151.21243675976552,142.1896126473827,163.57322016106943,154.21516546937346,144.76105005188165,142.1896126473827,145.06830121547,169.5853865523195,152.42149427310898,169.5853865523195,142.1896126473827,147.67563076548282,147.08496973019726,150.31504531760334,145.06830121547,151.21243675976552,154.84436984223916,139.35107511638307,144.76105005188165,139.35107511638307,142.1896126473827,139.35107511638307,77.93232652531799,73.18707938324333,142.1896126473827,139.35107511638307,139.35107511638307,150.03160908617906,154.84436984223916,160.65716102871156,157.89559560746392,150.31504531760334,152.699681763737,150.31504531760334,154.84436984223916,150.31504531760334,150.31504531760334,139.35107511638307,139.35107511638307,139.35107511638307,139.35107511638307
139.35107511638307,139.35107511638307,139.35107511638307,142.1896126473827,142.1896126473827,149.4426850182274,139.35107511638307,139.35107511638307,139.35107511638307,139.35107511638307,139.35107511638307,139.35107511638307,139.35107511638307,139.35107511638307,139.35107511638307,139.35107511638307,139.35107511638307,139.35107511638307,150.03160908617906,172.18533358710283,169.5853865523195,175.75678840218427,69.09847886756535,75.20192175168627,75.95085268319768,76.99283678550484,81.28232919184401,80.49239090066779,81.28232919184401,81.28232919184401,81.28232919184401,81.28232919184401,81.28232919184401,81.28232919184401,0.0,81.28232919184401,81.28232919184401,81.28232919184401,81.28232919184401,81.28232919184401,81.28232919184401,80.49239090066779,142.1896126473827,79.61833961170134,65.15876877909578,71.25730792455762,73.18707938324333,78.94681440560515,75.20192175168627,69.09847886756535,166.6132948003608,163.57322016106943,139.35107511638307,66.58807530386751,144.76105005188165,66.58807530386751,144.76105005188165,71.25730792455762,139.35107511638307,159.96087436183808,144.76105005188165,144.76105005188165,154.84436984223916,144.76105005188165,139.35107511638307,151.21243675976552,154.21516546937346,157.55424433126018,145.06830121547,151.21243675976552,157.89559560746392,139.35107511638307,151.21243675976552,139.35107511638307,154.84436984223916,142.1896126473827,145.06830121547,158.58372013413413,142.1896126473827,154.21516546937346,139.35107511638307,157.89559560746392,150.03160908617906,147.67563076548282,139.35107511638307,151.21243675976552,142.1896126473827,139.35107511638307,147.67563076548282,142.1896126473827,154.21516546937346,142.1896126473827,163.57322016106943,154.21516546937346,147.67563076548282,159.96087436183808,165.40601723935436,147.08496973019726,165.67902768077838,169.5853865523195,142.1896126473827,142.1896126473827,145.06830121547,139.35107511638307,142.1896126473827,151.21243675976552,144.76105005188165,142.1896126473827,139.35107511638307,139.35107511638307,142.1896126473827,139.35107511638307,73.97779426498602,77.93232652531799,142.1896126473827,142.1896126473827,142.1896126473827,157.89559560746392,161.86598742590354,159.38869722218828,161.86598742590354,151.21243675976552,142.1896126473827,169.5853865523195,139.35107511638307,142.1896126473827,139.35107511638307,139.35107511638307,139.35107511638307,139.35107511638307,139.35107511638307
139.35107511638307,139.35107511638307,139.35107511638307,142.1896126473827,142.1896126473827,149.4426850182274,139.35107511638307,139.35107511638307,139.35107511638307,139.35107511638307,139.35107511638307,139.35107511638307,139.35107511638307,139.35107511638307,139.35107511638307,139.35107511638307,139.35107511638307,139.35107511638307,147.67563076548282,166.6132948003608,169.5853865523195,169.5853865523195,169.5853865523195,76.99283678550484,65.15876877909578,77.93232652531799,66.58807530386751,81.28232919184401,79.61833961170134,81.28232919184401,81.28232919184401,81.28232919184401,81.28232919184401,81.28232919184401,81.28232919184401,0.0,81.28232919184401,81.28232919184401,81.28232919184401,81.28232919184401,81.28232919184401,81.28232919184401,67.89976132940085,75.95085268319768,73.97779426498602,77.93232652531799,65.15876877909578,78.94681440560515,75.20192175168627,66.58807530386751,73.18707938324333,66.58807530386751,164.6769332014403,71.25730792455762,147.67563076548282,144.76105005188165,144.76105005188165,139.35107511638307,144.76105005188165,147.67563076548282,139.35107511638307,142.1896126473827,142.1896126473827,147.67563076548282,139.35107511638307,139.35107511638307,159.38869722218828,152.42149427310898,147.67563076548282,152.42149427310898,145.06830121547,139.35107511638307,147.67563076548282,139.35107511638307,142.1896126473827,142.1896126473827,150.03160908617906,157.89559560746392,142.1896126473827,147.67563076548282,157.89559560746392,154.21516546937346,152.42149427310898,154.21516546937346,139.35107511638307,145.06830121547,154.21516546937346,139.35107511638307,147.67563076548282,142.1896126473827,161.68407963349227,142.1896126473827,163.57322016106943,154.21516546937346,165.40601723935436,159.96087436183808,165.40601723935436,147.08496973019726,165.67902768077838,169.5853865523195,142.1896126473827,142.1896126473827,150.03160908617906,139.35107511638307,142.1896126473827,151.21243675976552,144.76105005188165,142.1896126473827,139.35107511638307,139.35107511638307,142.1896126473827,139.35107511638307,79.61833961170134,73.97779426498602,142.1896126473827,144.76105005188165,147.67563076548282,145.06830121547,156.31801381575997,169.8165983821928,159.38869722218828,159.38869722218828,164.6769332014403,169.5853865523195,169.8165983821928,162.16765637819583,139.35107511638307,139.35107511638307,139.35107511638307,139.35107511638307,139.35107511638307
139.35107511638307,139.35107511638307,139.35107511638307,142.1896126473827,142.1896126473827,149.4426850182274,139.35107511638307,139.35107511638307,139.35107511638307,139.35107511638307,139.35107511638307,139.35107511638307,139.35107511638307,139.35107511638307,139.35107511638307,139.35107511638307,139.35107511638307,139.35107511638307,147.67563076548282,169.60096962084367,169.5853865523195,67.89976132940085,67.89976132940085,78.94681440560515,65.15876877909578,73.97779426498602,73.18707938324333,81.28232919184401,81.28232919184401,80.49239090066779,81.28232919184401,81.28232919184401,81.28232919184401,81.28232919184401,81.28232919184401,81.28232919184401,0.0,81.28232919184401,81.28232919184401,81.28232919184401,81.28232919184401,81.28232919184401,80.49239090066779,79.61833961170134,78.94681440560515,79.61833961170134,71.25730792455762,81.28232919184401,80.49239090066779,75.20192175168627,79.61833961170134,78.94681440560515,66.58807530386751,73.97779426498602,166.6132948003608,66.58807530386751,69.09847886756535,139.35107511638307,65.15876877909578,142.1896126473827,142.1896126473827,67.89976132940085,145.06830121547,145.06830121547,65.15876877909578,66.58807530386751,145.06830121547,145.06830121547,155.10991547026134,147.67563076548282,152.699681763737,145.06830121547,139.35107511638307,145.06830121547,147.08496973019726,139.35107511638307,142.1896126473827,145.06830121547,142.1896126473827,147.08496973019726,145.06830121547,142.1896126473827,142.1896126473827,142.1896126473827,147.67563076548282,147.08496973019726,142.1896126473827,139.35107511638307,139.35107511638307,154.21516546937346,139.35107511638307,142.1896126473827,163.57322016106943,154.21516546937346,147.67563076548282,142.1896126473827,145.06830121547,169.5853865523195,152.42149427310898,169.5853865523195,142.1896126473827,147.67563076548282,142.1896126473827,150.31504531760334,145.06830121547,151.21243675976552,154.84436984223916,142.1896126473827,144.76105005188165,139.35107511638307,142.1896126473827,139.35107511638307,80.49239090066779,79.61833961170134,144.76105005188165,65.15876877909578,142.1896126473827,169.5853865523195,165.40601723935436,157.89559560746392,166.73794456362603,147.67563076548282,150.03160908617906,142.1896126473827,154.21516546937346,147.67563076548282,147.08496973019726,142.1896126473827,166.73794456362603,139.35107511638307,142.1896126473827
142.1896126473827,139.35107511638307,139.35107511638307,142.1896126473827,142.1896126473827,149.4426850182274,139.35107511638307,139.35107511638307,139.35107511638307,139.35107511638307,139.35107511638307,139.35107511638307,139.35107511638307,139.35107511638307,139.35107511638307,139.35107511638307,139.35107511638307,139.35107511638307,156.93337800353655,185.68924338688475,169.5853865523195,75.20192175168627,175.75678840218427,71.25730792455762,76.99283678550484,77.93232652531799,78.94681440560515,78.94681440560515,81.28232919184401,81.28232919184401,81.28232919184401,81.28232919184401,81.28232919184401,81.28232919184401,81.28232919184401,81.28232919184401,81.28232919184401,0.0,81.28232919184401,81.28232919184401,81.28232919184401,81.28232919184401,81.28232919184401,79.61833961170134,79.61833961170134,79.61833961170134,75.20192175168627,81.28232919184401,81.28232919184401,139.35107511638307,80.49239090066779,66.58807530386751,66.58807530386751,76.99283678550484,66.58807530386751,73.97779426498602,73.97779426498602,79.61833961170134,66.58807530386751,75.20192175168627,152.42149427310898,75.20192175168627,65.15876877909578,66.58807530386751,154.84436984223916,76.99283678550484,145.06830121547,150.03160908617906,157.89559560746392,73.97779426498602,66.58807530386751,145.06830121547,142.1896126473827,66.58807530386751,142.1896126473827,65.15876877909578,145.06830121547,66.58807530386751,142.1896126473827,142.1896126473827,144.76105005188165,145.06830121547,142.1896126473827,144.76105005188165,147.67563076548282,145.06830121547,145.06830121547,142.1896126473827,147.67563076548282,157.89559560746392,142.1896126473827,142.1896126473827,145.06830121547,144.76105005188165,142.1896126473827,142.1896126473827,145.06830121547,169.5853865523195,157.89559560746392,139.35107511638307,142.1896126473827,142.1896126473827,139.35107511638307,142.1896126473827,150.03160908617906,142.1896126473827,154.84436984223916,142.1896126473827,157.89559560746392,139.35107511638307,142.1896126473827,145.06830121547,76.99283678550484,78.94681440560515,145.06830121547,66.58807530386751,65.15876877909578,168.59405645886625,165.40601723935436,165.00883771602287,159.96087436183808,160.65716102871156,149.4426850182274,145.06830121547,142.1896126473827,154.21516546937346,147.08496973019726,145.06830121547,142.1896126473827,139.35107511638307,145.06830121547
139.35107511638307,139.35107511638307,139.35107511638307,142.1896126473827,142.1896126473827,149.4426850182274,139.35107511638307,139.35107511638307,139.35107511638307,139.35107511638307,139.35107511638307,139.35107511638307,139.35107511638307,139.35107511638307,139.35107511638307,139.35107511638307,139.35107511638307,139.35107511638307,147.67563076548282,169.60096962084367,66.58807530386751,169.5853865523195,67.89976132940085,70.32708710668275,65.15876877909578,67.89976132940085,79.61833961170134,79.61833961170134,79.61833961170134,80.49239090066779,81.28232919184401,81.28232919184401,81.28232919184401,81.28232919184401,81.28232919184401,81.28232919184401,81.28232919184401,81.28232919184401,0.0,81.28232919184401,81.28232919184401,81.28232919184401,81.28232919184401,78.94681440560515,81.28232919184401,80.49239090066779,75.95085268319768,81.28232919184401,77.93232652531799,77.93232652531799,80.49239090066779,76.99283678550484,145.06830121547,79.61833961170134,67.89976132940085,76.99283678550484,69.09847886756535,73.18707938324333,71.25730792455762,65.15876877909578,66.58807530386751,66.58807530386751,156.93337800353655,66.58807530386751,65.15876877909578,77.93232652531799,150.03160908617906,65.15876877909578,155.10991547026134,66.58807530386751,150.03160908617906,67.89976132940085,144.76105005188165,67.89976132940085,139.35107511638307,66.58807530386751,145.06830121547,150.31504531760334,142.1896126473827,145.06830121547,142.1896126473827,147.08496973019726,142.1896126473827,139.35107511638307,147.67563076548282,139.35107511638307,144.76105005188165,144.76105005188165,139.35107511638307,139.35107511638307,147.08496973019726,145.06830121547,145.06830121547,142.1896126473827,145.06830121547,144.76105005188165,142.1896126473827,169.5853865523195,147.67563076548282,142.1896126473827,142.1896126473827,172.82595986394244,147.08496973019726,144.76105005188165,142.1896126473827,139.35107511638307,154.84436984223916,142.1896126473827,157.89559560746392,142.1896126473827,142.1896126473827,139.35107511638307,75.20192175168627,80.49239090066779,65.15876877909578,66.58807530386751,154.84436984223916,161.68407963349227,168.17784775427387,161.68407963349227,165.40601723935436,154.84436984223916,158.58372013413413,145.06830121547,144.76105005188165,154.21516546937346,142.1896126473827,142.1896126473827,172.18533358710283,142.1896126473827,142.1896126473827
142.1896126473827,139.35107511638307,139.35107511638307,142.1896126473827,142.1896126473827,149.4426850182274,139.35107511638307,139.35107511638307,139.35107511638307,139.35107511638307,139.35107511638307,139.35107511638307,139.35107511638307,139.35107511638307,139.35107511638307,139.35107511638307,139.35107511638307,139.35107511638307,147.67563076548282,169.8165983821928,165.40601723935436,163.0791328548696,169.5853865523195,169.5853865523195,169.5853865523195,66.58807530386751,66.58807530386751,78.94681440560515,65.15876877909578,66.58807530386751,80.49239090066779,81.28232919184401,81.28232919184401,81.28232919184401,81.28232919184401,81.28232919184401,81.28232919184401,81.28232919184401,81.28232919184401,0.0,81.28232919184401,81.28232919184401,81.28232919184401,81.28232919184401,80.49239090066779,80.49239090066779,71.25730792455762,80.49239090066779,79.61833961170134,69.09847886756535,77.93232652531799,75.95085268319768,66.58807530386751,71.25730792455762,69.09847886756535,76.99283678550484,152.42149427310898,79.61833961170134,65.15876877909578,73.97779426498602,75.20192175168627,66.58807530386751,145.06830121547,76.99283678550484,65.15876877909578,77.93232652531799,145.06830121547,66.58807530386751,154.21516546937346,75.20192175168627,150.03160908617906,65.15876877909578,139.35107511638307,145.06830121547,149.4426850182274,139.35107511638307,142.1896126473827,66.58807530386751,142.1896126473827,149.4426850182274,158.58372013413413,142.1896126473827,142.1896126473827,142.1896126473827,158.58372013413413,145.06830121547,147.67563076548282,151.21243675976552,139.35107511638307,142.1896126473827,139.35107511638307,142.1896126473827,159.38869722218828,145.06830121547,144.76105005188165,139.35107511638307,145.06830121547,169.5853865523195,142.1896126473827,142.1896126473827,150.03160908617906,142.1896126473827,142.1896126473827,154.84436984223916,142.1896126473827,142.1896126473827,154.84436984223916,139.35107511638307,157.89559560746392,144.76105005188165,142.1896126473827,145.06830121547,80.49239090066779,77.93232652531799,142.1896126473827,66.58807530386751,154.21516546937346,171.40082473091195,163.57322016106943,165.67902768077838,166.73794456362603,155.11832453144766,157.55424433126018,145.06830121547,159.38869722218828,154.21516546937346,150.03160908617906,145.06830121547,166.73794456362603,142.1896126473827,145.06830121547
156.31801381575997,163.57322016106943,139.35107511638307,169.5853865523195,144.76105005188165,149.4426850182274,139.35107511638307,139.35107511638307,139.35107511638307,139.35107511638307,139.35107511638307,139.35107511638307,139.35107511638307,139.35107511638307,139.35107511638307,139.35107511638307,139.35107511638307,139.35107511638307,139.35107511638307,139.35107511638307,161.86598742590354,168.17784775427387,169.5853865523195,169.5853865523195,169.5853865523195,168.17784775427387,69.09847886756535,65.15876877909578,73.18707938324333,75.20192175168627,71.25730792455762,76.99283678550484,80.49239090066779,80.49239090066779,81.28232919184401,81.28232919184401,81.28232919184401,81.28232919184401,81.28232919184401,81.28232919184401,0.0,81.28232919184401,81.28232919184401,81.28232919184401,81.28232919184401,81.28232919184401,81.28232919184401,81.28232919184401,81.28232919184401,81.28232919184401,81.28232919184401,81.28232919184401,81.28232919184401,81.28232919184401,77.93232652531799,79.61833961170134,73.18707938324333,80.49239090066779,71.25730792455762,79.61833961170134,69.09847886756535,79.61833961170134,73.18707938324333,79.61833961170134,65.15876877909578,80.49239090066779,75.20192175168627,75.95085268319768,144.76105005188165,75.95085268319768,65.15876877909578,71.25730792455762,151.21243675976552,75.95085268319768,66.58807530386751,75.95085268319768,139.35107511638307,76.99283678550484,142.1896126473827,65.15876877909578,144.76105005188165,154.21516546937346,142.1896126473827,65.15876877909578,142.1896126473827,147.08496973019726,142.1896126473827,142.1896126473827,65.15876877909578,159.96087436183808,147.67563076548282,139.35107511638307,159.96087436183808,142.1896126473827,139.35107511638307,149.4426850182274,142.1896126473827,144.76105005188165,142.1896126473827,159.96087436183808,154.84436984223916,139.35107511638307,65.15876877909578,159.96087436183808,139.35107511638307,154.84436984223916,144.76105005188165,142.1896126473827,147.08496973019726,156.31801381575997,147.08496973019726,165.00883771602287,81.28232919184401,81.28232919184401,81.28232919184401,81.28232919184401,80.49239090066779,75.95085268319768,65.15876877909578,67.89976132940085,169.5853865523195,169.5853865523195,65.15876877909578,65.15876877909578,66.58807530386751,168.17784775427387,166.6132948003608,166.6132948003608,139.35107511638307,142.1896126473827,147.67563076548282
142.1896126473827,139.35107511638307,139.35107511638307,142.1896126473827,142.1896126473827,149.4426850182274,139.35107511638307,139.35107511638307,139.35107511638307,139.35107511638307,139.35107511638307,139.35107511638307,139.35107511638307,139.35107511638307,139.35107511638307,139.35107511638307,139.35107511638307,139.35107511638307,144.76105005188165,172.71411045685244,66.58807530386751,169.5853865523195,169.5853865523195,65.15876877909578,169.5853865523195,71.25730792455762,169.5853865523195,77.93232652531799,78.94681440560515,78.94681440560515,80.49239090066779,79.61833961170134,80.49239090066779,81.28232919184401,80.49239090066779,81.28232919184401,81.28232919184401,81.28232919184401,81.28232919184401,81.28232919184401,81.28232919184401,0.0,81.28232919184401,81.28232919184401,81.28232919184401,81.28232919184401,81.28232919184401,81.28232919184401,67.89976132940085,73.18707938324333,80.49239090066779,75.20192175168627,66.58807530386751,80.49239090066779,73.97779426498602,76.99283678550484,65.15876877909578,78.94681440560515,65.15876877909578,77.93232652531799,75.95085268319768,75.95085268319768,145.06830121547,75.95085268319768,67.89976132940085,73.18707938324333,142.1896126473827,67.89976132940085,147.08496973019726,66.58807530386751,147.67563076548282,75.95085268319768,139.35107511638307,67.89976132940085,139.35107511638307,139.35107511638307,142.1896126473827,66.58807530386751,147.67563076548282,66.58807530386751,139.35107511638307,139.35107511638307,65.15876877909578,144.76105005188165,160.65716102871156,147.08496973019726,147.67563076548282,144.76105005188165,139.35107511638307,144.76105005188165,139.35107511638307,142.1896126473827,142.1896126473827,139.35107511638307,142.1896126473827,154.84436984223916,144.76105005188165,169.5853865523195,160.65716102871156,142.1896126473827,142.1896126473827,142.1896126473827,139.35107511638307,144.76105005188165,142.1896126473827,142.1896126473827,154.84436984223916,150.03160908617906,157.89559560746392,144.76105005188165,139.35107511638307,145.06830121547,81.28232919184401,81.28232919184401,67.89976132940085,70.32708710668275,67.89976132940085,171.40082473091195,169.5853865523195,172.82595986394244,165.90062072383324,160.65716102871156,155.11832453144766,152.42149427310898,147.67563076548282,161.87766521146938,147.67563076548282,147.67563076548282,147.67563076548282,144.76105005188165,147.67563076548282
139.35107511638307,139.35107511638307,139.35107511638307,142.1896126473827,142.1896126473827,149.4426850182274,139.35107511638307,139.35107511638307,139.35107511638307,139.35107511638307,139.35107511638307,139.35107511638307,139.35107511638307,139.35107511638307,139.35107511638307,139.35107511638307,139.35107511638307,139.35107511638307,142.1896126473827,139.35107511638307,142.1896126473827,150.03160908617906,156.93337800353655,167.85230888662812,144.76105005188165,142.1896126473827,147.67563076548282,169.5853865523195,165.40601723935436,67.89976132940085,144.76105005188165,66.58807530386751,71.25730792455762,66.58807530386751,142.1896126473827,67.89976132940085,80.49239090066779,81.28232919184401,81.28232919184401,81.28232919184401,81.28232919184401,81.28232919184401,0.0,81.28232919184401,81.28232919184401,81.28232919184401,81.28232919184401,81.28232919184401,79.61833961170134,79.61833961170134,65.15876877909578,75.20192175168627,75.95085268319768,75.95085268319768,66.58807530386751,65.15876877909578,65.15876877909578,69.09847886756535,65.15876877909578,66.58807530386751,145.06830121547,139.35107511638307,163.0791328548696,66.58807530386751,163.57322016106943,65.15876877909578,142.1896126473827,156.31801381575997,139.35107511638307,69.09847886756535,155.10991547026134,149.4426850182274,139.35107511638307,145.06830121547,139.35107511638307,139.35107511638307,142.1896126473827,147.67563076548282,139.35107511638307,139.35107511638307,139.35107511638307,139.35107511638307,139.35107511638307,142.1896126473827,144.76105005188165,142.1896126473827,139.35107511638307,152.699681763737,139.35107511638307,150.03160908617906,139.35107511638307,163.1509018756485,150.03160908617906,154.21516546937346,144.76105005188165,139.35107511638307,142.1896126473827,169.5853865523195,149.4426850182274,169.5853865523195,139.35107511638307,172.82595986394244,139.35107511638307,154.84436984223916,142.1896126473827,150.03160908617906,154.84436984223916,139.35107511638307,157.89559560746392,152.699681763737,142.1896126473827,139.35107511638307,80.49239090066779,75.95085268319768,65.15876877909578,65.15876877909578,139.35107511638307,169.5853865523195,159.96087436183808,166.6132948003608,163.0791328548696,154.84436984223916,158.58372013413413,142.1896126473827,144.76105005188165,151.21243675976552,142.1896126473827,142.1896126473827,139.35107511638307,139.35107511638307,142.1896126473827
149.4426850182274,139.35107511638307,139.35107511638307,142.1896126473827,142.1896126473827,149.4426850182274,139.35107511638307,139.35107511638307,139.35107511638307,139.35107511638307,139.35107511638307,139.35107511638307,139.35107511638307,139.35107511638307,139.35107511638307,139.35107511638307,139.35107511638307,139.35107511638307,142.1896126473827,139.35107511638307,151.21243675976552,159.38839631986644,169.5853865523195,169.5853865523195,159.96087436183808,166.6132948003608,163.0791328548696,169.5853865523195,169.5853865523195,69.09847886756535,75.95085268319768,71.25730792455762,79.61833961170134,79.61833961170134,79.61833961170134,75.95085268319768,79.61833961170134,79.61833961170134,78.94681440560515,81.28232919184401,81.28232919184401,81.28232919184401,81.28232919184401,0.0,81.28232919184401,81.28232919184401,81.28232919184401,81.28232919184401,81.28232919184401,81.28232919184401,81.28232919184401,81.28232919184401,80.49239090066779,81.28232919184401,77.93232652531799,81.28232919184401,80.49239090066779,75.95085268319768,77.93232652531799,80.49239090066779,75.20192175168627,77.93232652531799,65.15876877909578,79.61833961170134,75.20192175168627,78.94681440560515,65.15876877909578,76.99283678550484,67.89976132940085,75.20192175168627,71.25730792455762,75.20192175168627,142.1896126473827,65.15876877909578,66.58807530386751,66.58807530386751,154.84436984223916,70.32708710668275,142.1896126473827,142.1896126473827,144.76105005188165,154.84436984223916,149.4426850182274,142.1896126473827,142.1896126473827,142.1896126473827,142.1896126473827,139.35107511638307,65.15876877909578,156.31801381575997,142.1896126473827,142.1896126473827,142.1896126473827,147.67563076548282,142.1896126473827,145.06830121547,154.21516546937346,165.40601723935436,154.84436984223916,142.1896126473827,139.35107511638307,149.4426850182274,139.35107511638307,139.35107511638307,147.08496973019726,139.35107511638307,144.76105005188165,142.1896126473827,147.08496973019726,139.35107511638307,149.4426850182274,152.42149427310898,81.28232919184401,78.94681440560515,76.99283678550484,75.95085268319768,67.89976132940085,172.82595986394244,165.40601723935436,172.82595986394244,165.90062072383324,168.59405645886625,155.11832453144766,155.11832453144766,147.67563076548282,164.48956708672387,152.699681763737,155.11832453144766,147.67563076548282,144.76105005188165,163.0791328548696
139.35107511638307,139.35107511638307,139.35107511638307,142.1896126473827,142.1896126473827,149.4426850182274,139.35107511638307,139.35107511638307,139.35107511638307,139.35107511638307,139.35107511638307,139.35107511638307,139.35107511638307,139.35107511638307,139.35107511638307,139.35107511638307,139.35107511638307,139.35107511638307,139.35107511638307,139.35107511638307,149.4426850182274,156.31801381575997,147.08496973019726,158.58372013413413,156.31801381575997,151.21243675976552,159.38869722218828,168.17784775427387,166.6132948003608,166.6132948003608,65.15876877909578,168.59405645886625,157.89559560746392,71.25730792455762,65.15876877909578,73.97779426498602,78.94681440560515,79.61833961170134,81.28232919184401,80.49239090066779,81.28232919184401,81.28232919184401,81.28232919184401,81.28232919184401,0.0,81.28232919184401,81.28232919184401,81.28232919184401,80.49239090066779,81.28232919184401,81.28232919184401,79.61833961170134,79.61833961170134,79.61833961170134,160.65716102871156,77.93232652531799,73.97779426498602,75.95085268319768,65.15876877909578,79.61833961170134,67.89976132940085,67.89976132940085,166.6132948003608,151.21243675976552,165.40601723935436,71.25730792455762,159.38869722218828,154.84436984223916,163.57322016106943,160.65716102871156,152.699681763737,149.4426850182274,139.35107511638307,164.48956708672387,149.4426850182274,139.35107511638307,142.1896126473827,149.4426850182274,147.67563076548282,147.67563076548282,144.76105005188165,142.1896126473827,162.16765637819583,159.96087436183808,156.93337800353655,147.67563076548282,151.21243675976552,139.35107511638307,152.699681763737,163.7452316982305,139.35107511638307,142.1896126473827,163.57322016106943,154.21516546937346,147.67563076548282,151.21243675976552,154.21516546937346,169.5853865523195,161.87766521146938,169.5853865523195,151.21243675976552,147.67563076548282,152.699681763737,150.31504531760334,154.21516546937346,151.21243675976552,154.84436984223916,151.21243675976552,144.76105005188165,139.35107511638307,142.1896126473827,139.35107511638307,80.49239090066779,73.18707938324333,144.76105005188165,66.58807530386751,66.58807530386751,172.82595986394244,154.84436984223916,169.8165983821928,157.89559560746392,157.89559560746392,152.42149427310898,145.06830121547,145.06830121547,154.21516546937346,150.03160908617906,145.06830121547,145.06830121547,142.1896126473827,145.06830121547
145.06830121547,147.67563076548282,139.35107511638307,142.1896126473827,142.1896126473827,149.4426850182274,139.35107511638307,139.35107511638307,139.35107511638307,139.35107511638307,139.35107511638307,139.35107511638307,139.35107511638307,139.35107511638307,139.35107511638307,139.35107511638307,139.35107511638307,139.35107511638307,145.06830121547,139.35107511638307,147.67563076548282,150.31504531760334,150.31504531760334,169.5853865523195,150.31504531760334,161.86598742590354,166.73794456362603,169.5853865523195,168.17784775427387,169.5853865523195,169.5853865523195,71.25730792455762,67.89976132940085,76.99283678550484,71.25730792455762,77.93232652531799,79.61833961170134,79.61833961170134,80.49239090066779,80.49239090066779,81.28232919184401,81.28232919184401,81.28232919184401,81.28232919184401,81.28232919184401,0.0,81.28232919184401,81.28232919184401,81.28232919184401,81.28232919184401,81.28232919184401,81.28232919184401,80.49239090066779,81.28232919184401,79.61833961170134,81.28232919184401,81.28232919184401,77.93232652531799,79.61833961170134,79.61833961170134,76.99283678550484,79.61833961170134,142.1896126473827,81.28232919184401,73.18707938324333,80.49239090066779,66.58807530386751,75.95085268319768,150.03160908617906,65.15876877909578,150.03160908617906,73.18707938324333,65.15876877909578,67.89976132940085,67.89976132940085,67.89976132940085,150.03160908617906,73.18707938324333,150.03160908617906,66.58807530386751,151.21243675976552,142.1896126473827,67.89976132940085,145.06830121547,144.76105005188165,66.58807530386751,144.76105005188165,144.76105005188165,67.89976132940085,142.1896126473827,67.89976132940085,147.67563076548282,142.1896126473827,144.76105005188165,142.1896126473827,147.67563076548282,145.06830121547,166.73794456362603,157.89559560746392,144.76105005188165,139.35107511638307,142.1896126473827,145.06830121547,144.76105005188165,139.35107511638307,142.1896126473827,142.1896126473827,144.76105005188165,152.699681763737,144.76105005188165,144.76105005188165,157.89559560746392,81.28232919184401,77.93232652531799,66.58807530386751,75.95085268319768,67.89976132940085,172.82595986394244,163.57322016106943,171.40082473091195,165.90062072383324,157.89559560746392,155.11832453144766,155.11832453144766,147.67563076548282,159.38869722218828,145.06830121547,145.06830121547,147.67563076548282,144.76105005188165,145.06830121547
139.35107511638307,139.35107511638307,139.35107511638307,142.1896126473827,142.1896126473827,149.4426850182274,139.35107511638307,139.35107511638307,139.35107511638307,139.35107511638307,139.35107511638307,139.35107511638307,139.35107511638307,139.35107511638307,139.35107511638307,139.35107511638307,139.35107511638307,139.35107511638307,139.35107511638307,139.35107511638307,163.0791328548696,156.93337800353655,156.93337800353655,161.86598742590354,139.35107511638307,144.76105005188165,142.1896126473827,169.5853865523195,151.21243675976552,154.21516546937346,157.89559560746392,142.1896126473827,144.76105005188165,67.89976132940085,73.18707938324333,65.15876877909578,71.25730792455762,75.20192175168627,75.95085268319768,71.25730792455762,81.28232919184401,81.28232919184401,81.28232919184401,81.28232919184401,81.28232919184401,81.28232919184401,0.0,81.28232919184401,81.28232919184401,81.28232919184401,80.49239090066779,80.49239090066779,79.61833961170134,79.61833961170134,79.61833961170134,80.49239090066779,76.99283678550484,65.15876877909578,149.4426850182274,73.97779426498602,65.15876877909578,66.58807530386751,151.21243675976552,70.32708710668275,65.15876877909578,65.15876877909578,156.31801381575997,142.1896126473827,161.86598742590354,163.0791328548696,147.08496973019726,65.15876877909578,151.21243675976552,65.15876877909578,144.76105005188165,154.84436984223916,144.76105005188165,151.21243675976552,142.1896126473827,142.1896126473827,139.35107511638307,154.84436984223916,142.1896126473827,139.35107511638307,144.76105005188165,139.35107511638307,139.35107511638307,139.35107511638307,139.35107511638307,151.21243675976552,149.4426850182274,142.1896126473827,142.1896126473827,154.21516546937346,144.76105005188165,139.35107511638307,142.1896126473827,169.5853865523195,142.1896126473827,169.5853865523195,139.35107511638307,172.82595986394244,142.1896126473827,139.35107511638307,142.1896126473827,139.35107511638307,154.84436984223916,139.35107511638307,157.89559560746392,139.35107511638307,142.1896126473827,139.35107511638307,79.61833961170134,75.95085268319768,142.1896126473827,139.35107511638307,139.35107511638307,168.17784775427387,159.96087436183808,154.84436984223916,163.0791328548696,144.76105005188165,147.08496973019726,144.76105005188165,151.21243675976552,144.76105005188165,144.76105005188165,139.35107511638307,139.35107511638307,139.35107511638307,139.35107511638307
142.1896126473827,142.1896126473827,139.35107511638307,142.1896126473827,142.1896126473827,149.4426850182274,139.35107511638307,139.35107511638307,139.35107511638307,139.35107511638307,139.35107511638307,139.35107511638307,139.35107511638307,139.35107511638307,139.35107511638307,139.35107511638307,139.35107511638307,139.35107511638307,139.35107511638307,139.35107511638307,154.84436984223916,163.0791328548696,169.5853865523195,169.5853865523195,165.40601723935436,166.6132948003608,65.15876877909578,65.15876877909578,65.15876877909578,66.58807530386751,69.09847886756535,73.18707938324333,80.49239090066779,79.61833961170134,78.94681440560515,78.94681440560515,81.28232919184401,81.28232919184401,81.28232919184401,80.49239090066779,81.28232919184401,81.28232919184401,81.28232919184401,81.28232919184401,81.28232919184401,81.28232919184401,81.28232919184401,0.0,81.28232919184401,81.28232919184401,81.28232919184401,81.28232919184401,81.28232919184401,81.28232919184401,81.28232919184401,81.28232919184401,76.99283678550484,81.28232919184401,80.49239090066779,79.61833961170134,77.93232652531799,73.97779426498602,73.97779426498602,80.49239090066779,73.97779426498602,80.49239090066779,73.97779426498602,79.61833961170134,75.95085268319768,77.93232652531799,76.99283678550484,73.97779426498602,66.58807530386751,77.93232652531799,67.89976132940085,75.95085268319768,139.35107511638307,73.97779426498602,66.58807530386751,66.58807530386751,139.35107511638307,73.18707938324333,66.58807530386751,67.89976132940085,144.76105005188165,69.09847886756535,139.35107511638307,142.1896126473827,144.76105005188165,147.67563076548282,66.58807530386751,144.76105005188165,145.06830121547,142.1896126473827,65.15876877909578,155.11832453144766,65.15876877909578,150.31504531760334,147.67563076548282,154.21516546937346,147.67563076548282,144.76105005188165,150.31504531760334,147.67563076548282,142.1896126473827,154.21516546937346,147.08496973019726,144.76105005188165,145.06830121547,147.67563076548282,142.1896126473827,145.06830121547,81.28232919184401,79.61833961170134,77.93232652531799,80.49239090066779,73.18707938324333,70.32708710668275,66.58807530386751,172.82595986394244,169.8165983821928,169.8165983821928,165.67902768077838,165.67902768077838,157.89559560746392,171.40082473091195,163.1509018756485,165.67902768077838,142.1896126473827,145.06830121547,165.67902768077838
139.35107511638307,145.06830121547,139.35107511638307,142.1896126473827,142.1896126473827,149.4426850182274,139.35107511638307,139.35107511638307,139.35107511638307,139.35107511638307,139.35107511638307,139.35107511638307,139.35107511638307,139.35107511638307,139.35107511638307,139.35107511638307,139.35107511638307,139.35107511638307,139.35107511638307,139.35107511638307,142.1896126473827,150.03160908617906,163.0791328548696,144.76105005188165,158.58372013413413,156.93337800353655,161.68407963349227,166.73794456362603,166.6132948003608,166.6132948003608,166.73794456362603,66.58807530386751,77.93232652531799,76.99283678550484,75.20192175168627,75.20192175168627,80.49239090066779,81.28232919184401,77.93232652531799,79.61833961170134,81.28232919184401,67.89976132940085,79.61833961170134,81.28232919184401,80.49239090066779,81.28232919184401,81.28232919184401,81.28232919184401,0.0,81.28232919184401,81.28232919184401,81.28232919184401,81.28232919184401,81.28232919184401,81.28232919184401,81.28232919184401,81.28232919184401,81.28232919184401,142.1896126473827,81.28232919184401,75.20192175168627,81.28232919184401,75.95085268319768,80.49239090066779,142.1896126473827,81.28232919184401,75.20192175168627,79.61833961170134,73.18707938324333,80.49239090066779,66.58807530386751,78.94681440560515,75.95085268319768,70.32708710668275,66.58807530386751,73.18707938324333,139.35107511638307,65.15876877909578,147.67563076548282,66.58807530386751,147.67563076548282,69.09847886756535,67.89976132940085,65.15876877909578,142.1896126473827,150.03160908617906,142.1896126473827,145.06830121547,142.1896126473827,150.31504531760334,66.58807530386751,139.35107511638307,147.67563076548282,142.1896126473827,142.1896126473827,149.4426850182274,144.76105005188165,144.76105005188165,142.1896126473827,139.35107511638307,149.4426850182274,139.35107511638307,147.67563076548282,147.67563076548282,142.1896126473827,139.35107511638307,147.08496973019726,142.1896126473827,145.06830121547,147.67563076548282,139.35107511638307,142.1896126473827,77.93232652531799,75.20192175168627,66.58807530386751,75.20192175168627,150.31504531760334,169.5853865523195,158.58372013413413,166.73794456362603,161.68407963349227,157.89559560746392,161.68407963349227,149.4426850182274,147.67563076548282,159.38869722218828,145.06830121547,145.06830121547,154.84436984223916,139.35107511638307,145.06830121547
139.35107511638307,139.35107511638307,139.35107511638307,142.1896126473827,142.1896126473827,149.4426850182274,139.35107511638307,139.35107511638307,139.35107511638307,139.35107511638307,139.35107511638307,139.35107511638307,139.35107511638307,139.35107511638307,139.35107511638307,139.35107511638307,139.35107511638307,139.35107511638307,139.35107511638307,139.35107511638307,142.1896126473827,144.76105005188165,144.76105005188165,154.84436984223916,142.1896126473827,142.1896126473827,145.06830121547,169.5853865523195,147.08496973019726,150.03160908617906,159.38869722218828,142.1896126473827,65.15876877909578,66.58807530386751,69.09847886756535,66.58807530386751,75.20192175168627,139.35107511638307,77.93232652531799,69.09847886756535,81.28232919184401,73.18707938324333,79.61833961170134,81.28232919184401,81.28232919184401,81.28232919184401,81.28232919184401,81.28232919184401,81.28232919184401,0.0,81.28232919184401,81.28232919184401,81.28232919184401,81.28232919184401,81.28232919184401,81.28232919184401,81.28232919184401,76.99283678550484,77.93232652531799,79.61833961170134,73.18707938324333,75.20192175168627,163.57322016106943,75.20192175168627,75.20192175168627,67.89976132940085,163.57322016106943,70.32708710668275,168.17784775427387,70.32708710668275,166.6132948003608,71.25730792455762,163.57322016106943,156.31801381575997,166.6132948003608,65.15876877909578,161.68407963349227,150.03160908617906,157.89559560746392,157.89559560746392,147.67563076548282,166.73794456362603,154.84436984223916,161.68407963349227,150.31504531760334,157.55424433126018,144.76105005188165,155.11832453144766,152.699681763737,149.4426850182274,157.55424433126018,142.1896126473827,152.42149427310898,144.76105005188165,155.11832453144766,142.1896126473827,147.67563076548282,169.5853865523195,154.21516546937346,139.35107511638307,144.76105005188165,172.82595986394244,144.76105005188165,154.84436984223916,147.67563076548282,149.4426850182274,154.84436984223916,144.76105005188165,157.89559560746392,139.35107511638307,142.1896126473827,139.35107511638307,144.76105005188165,142.1896126473827,158.58372013413413,150.03160908617906,160.65716102871156,168.17784775427387,166.6132948003608,154.84436984223916,163.57322016106943,144.76105005188165,147.08496973019726,144.76105005188165,151.21243675976552,144.76105005188165,144.76105005188165,139.35107511638307,139.35107511638307,139.35107511638307,139.35107511638307
144.76105005188165,154.21516546937346,139.35107511638307,142.1896126473827,142.1896126473827,149.4426850182274,139.35107511638307,139.35107511638307,139.35107511638307,139.35107511638307,139.35107511638307,139.35107511638307,139.35107511638307,139.35107511638307,139.35107511638307,139.35107511638307,139.35107511638307,139.35107511638307,139.35107511638307,139.35107511638307,155.11832453144766,162.16765637819583,171.47792328913602,166.6132948003608,154.84436984223916,139.35107511638307,157.89559560746392,169.5853865523195,163.57322016106943,144.76105005188165,67.89976132940085,142.1896126473827,151.21243675976552,65.15876877909578,166.6132948003608,73.18707938324333,79.61833961170134,80.49239090066779,80.49239090066779,77.93232652531799,81.28232919184401,80.49239090066779,65.15876877909578,81.28232919184401,81.28232919184401,81.28232919184401,80.49239090066779,81.28232919184401,81.28232919184401,81.28232919184401,0.0,81.28232919184401,81.28232919184401,81.28232919184401,81.28232919184401,81.28232919184401,81.28232919184401,81.28232919184401,81.28232919184401,81.28232919184401,78.94681440560515,80.49239090066779,78.94681440560515,80.49239090066779,77.93232652531799,79.61833961170134,73.18707938324333,79.61833961170134,65.15876877909578,80.49239090066779,75.95085268319768,75.20192175168627,75.20192175168627,75.95085268319768,65.15876877909578,73.18707938324333,66.58807530386751,75.20192175168627,67.89976132940085,75.95085268319768,66.58807530386751,65.15876877909578,65.15876877909578,75.20192175168627,139.35107511638307,66.58807530386751,139.35107511638307,142.1896126473827,139.35107511638307,144.76105005188165,71.25730792455762,145.06830121547,142.1896126473827,139.35107511638307,142.1896126473827,157.89559560746392,144.76105005188165,164.48956708672387,161.68407963349227,139.35107511638307,145.06830121547,139.35107511638307,144.76105005188165,159.96087436183808,159.96087436183808,151.21243675976552,139.35107511638307,139.35107511638307,181.61131239327767,144.76105005188165,139.35107511638307,161.68407963349227,80.49239090066779,75.95085268319768,69.09847886756535,139.35107511638307,67.89976132940085,169.5853865523195,159.96087436183808,165.67902768077838,163.0791328548696,155.11832453144766,155.11832453144766,155.11832453144766,147.67563076548282,155.11832453144766,150.03160908617906,150.03160908617906,139.35107511638307,144.76105005188165,150.03160908617906
162.16765637819583,172.18533358710283,147.08496973019726,169.5853865523195,144.76105005188165,149.4426850182274,139.35107511638307,139.35107511638307,139.35107511638307,139.35107511638307,139.35107511638307,139.35107511638307,139.35107511638307,139.35107511638307,139.35107511638307,139.35107511638307,139.35107511638307,139.35107511638307,139.35107511638307,139.35107511638307,150.03160908617906,152.699681763737,152.699681763737,154.21516546937346,142.1896126473827,142.1896126473827,145.06830121547,168.59405645886625,159.96087436183808,163.0791328548696,166.6132948003608,145.06830121547,69.09847886756535,66.58807530386751,163.57322016106943,66.58807530386751,78.94681440560515,66.58807530386751,76.99283678550484,75.95085268319768,81.28232919184401,75.20192175168627,75.20192175168627,81.28232919184401,79.61833961170134,81.28232919184401,80.49239090066779,81.28232919184401,81.28232919184401,81.28232919184401,81.28232919184401,0.0,81.28232919184401,81.28232919184401,81.28232919184401,81.28232919184401,81.28232919184401,81.28232919184401,81.28232919184401,81.28232919184401,81.28232919184401,80.49239090066779,80.49239090066779,80.49239090066779,76.99283678550484,80.49239090066779,73.97779426498602,79.61833961170134,78.94681440560515,81.28232919184401,73.97779426498602,79.61833961170134,75.95085268319768,76.99283678550484,65.15876877909578,80.49239090066779,69.09847886756535,79.61833961170134,65.15876877909578,71.25730792455762,162.16765637819583,71.25730792455762,77.93232652531799,71.25730792455762,139.35107511638307,147.08496973019726,139.35107511638307,147.08496973019726,67.89976132940085,151.21243675976552,144.76105005188165,150.03160908617906,165.00883771602287,154.21516546937346,144.76105005188165,156.93337800353655,142.1896126473827,156.93337800353655,154.21516546937346,151.21243675976552,144.76105005188165,151.21243675976552,69.09847886756535,161.86598742590354,151.21243675976552,161.86598742590354,150.31504531760334,139.35107511638307,152.699681763737,156.93337800353655,159.38839631986644,169.8165983821928,80.49239090066779,75.95085268319768,69.09847886756535,69.09847886756535,67.89976132940085,171.40082473091195,159.96087436183808,157.89559560746392,163.0791328548696,147.67563076548282,150.03160908617906,147.67563076548282,147.67563076548282,147.67563076548282,147.67563076548282,150.03160908617906,147.67563076548282,144.76105005188165,150.03160908617906
142.1896126473827,163.57322016106943,139.35107511638307,169.5853865523195,144.76105005188165,149.4426850182274,139.35107511638307,139.35107511638307,139.35107511638307,139.35107511638307,139.35107511638307,139.35107511638307,139.35107511638307,139.35107511638307,139.35107511638307,139.35107511638307,139.35107511638307,139.35107511638307,139.35107511638307,139.35107511638307,145.06830121547,147.67563076548282,147.67563076548282,142.1896126473827,142.1896126473827,142.1896126473827,145.06830121547,165.00883771602287,139.35107511638307,139.35107511638307,142.1896126473827,144.76105005188165,150.03160908617906,142.1896126473827,139.35107511638307,164.6769332014403,66.58807530386751,66.58807530386751,145.06830121547,66.58807530386751,81.28232919184401,66.58807530386751,75.95085268319768,80.49239090066779,79.61833961170134,80.49239090066779,79.61833961170134,81.28232919184401,81.28232919184401,81.28232919184401,81.28232919184401,81.28232919184401,0.0,81.28232919184401,81.28232919184401,81.28232919184401,81.28232919184401,79.61833961170134,81.28232919184401,79.61833961170134,70.32708710668275,75.20192175168627,66.58807530386751,66.58807530386751,73.18707938324333,73.18707938324333,66.58807530386751,69.09847886756535,144.76105005188165,67.89976132940085,145.06830121547,66.58807530386751,139.35107511638307,66.58807530386751,144.76105005188165,66.58807530386751,145.06830121547,66.58807530386751,145.06830121547,145.06830121547,147.67563076548282,157.89559560746392,65.15876877909578,145.06830121547,147.67563076548282,145.06830121547,145.06830121547,142.1896126473827,150.03160908617906,144.76105005188165,145.06830121547,142.1896126473827,142.1896126473827,139.35107511638307,145.06830121547,142.1896126473827,144.76105005188165,169.5853865523195,145.06830121547,142.1896126473827,142.1896126473827,142.1896126473827,65.15876877909578,142.1896126473827,144.76105005188165,142.1896126473827,169.5853865523195,142.1896126473827,169.5853865523195,142.1896126473827,139.35107511638307,145.06830121547,76.99283678550484,69.09847886756535,145.06830121547,142.1896126473827,142.1896126473827,163.57322016106943,147.08496973019726,163.1509018756485,150.03160908617906,150.03160908617906,142.1896126473827,152.699681763737,139.35107511638307,142.1896126473827,152.699681763737,139.35107511638307,139.35107511638307,139.35107511638307,139.35107511638307
139.35107511638307,154.21516546937346,139.35107511638307,142.1896126473827,142.1896126473827,149.4426850182274,139.35107511638307,139.35107511638307,139.35107511638307,139.35107511638307,139.35107511638307,139.35107511638307,139.35107511638307,139.35107511638307,139.35107511638307,139.35107511638307,139.35107511638307,139.35107511638307,139.35107511638307,139.35107511638307,169.8165983821928,162.16765637819583,150.03160908617906,161.68407963349227,151.21243675976552,154.21516546937346,154.21516546937346,165.00883771602287,151.21243675976552,154.21516546937346,165.00883771602287,145.06830121547,147.67563076548282,73.18707938324333,66.58807530386751,71.25730792455762,73.97779426498602,76.99283678550484,79.61833961170134,71.25730792455762,81.28232919184401,80.49239090066779,75.95085268319768,81.28232919184401,79.61833961170134,81.28232919184401,79.61833961170134,81.28232919184401,81.28232919184401,81.28232919184401,81.28232919184401,81.28232919184401,81.28232919184401,0.0,81.28232919184401,81.28232919184401,81.28232919184401,81.28232919184401,81.28232919184401,81.28232919184401,81.28232919184401,81.28232919184401,80.49239090066779,79.61833961170134,79.61833961170134,81.28232919184401,75.95085268319768,79.61833961170134,66.58807530386751,80.49239090066779,76.99283678550484,71.25730792455762,75.20192175168627,77.93232652531799,142.1896126473827,79.61833961170134,66.58807530386751,79.61833961170134,145.06830121547,73.97779426498602,147.67563076548282,73.18707938324333,77.93232652531799,73.18707938324333,168.59405645886625,73.18707938324333,66.58807530386751,142.1896126473827,67.89976132940085,163.7452316982305,71.25730792455762,145.06830121547,145.06830121547,157.89559560746392,142.1896126473827,150.03160908617906,159.38869722218828,158.58372013413413,145.06830121547,151.21243675976552,145.06830121547,142.1896126473827,147.67563076548282,144.76105005188165,154.21516546937346,142.1896126473827,145.06830121547,147.67563076548282,142.1896126473827,144.76105005188165,142.1896126473827,142.1896126473827,76.99283678550484,78.94681440560515,65.15876877909578,70.32708710668275,66.58807530386751,169.5853865523195,165.40601723935436,157.89559560746392,163.0791328548696,147.67563076548282,150.03160908617906,147.67563076548282,144.76105005188165,147.67563076548282,142.1896126473827,142.1896126473827,142.1896126473827,142.1896126473827,142.1896126473827
144.76105005188165,139.35107511638307,139.35107511638307,142.1896126473827,142.1896126473827,149.4426850182274,139.35107511638307,139.35107511638307,139.35107511638307,139.35107511638307,139.35107511638307,139.35107511638307,139.35107511638307,139.35107511638307,139.35107511638307,139.35107511638307,139.35107511638307,139.35107511638307,139.35107511638307,139.35107511638307,147.67563076548282,161.68407963349227,150.31504531760334,154.21516546937346,144.76105005188165,147.67563076548282,150.03160908617906,163.57322016106943,144.76105005188165,144.76105005188165,147.67563076548282,145.06830121547,147.67563076548282,145.06830121547,144.76105005188165,147.67563076548282,166.6132948003608,66.58807530386751,67.89976132940085,69.09847886756535,77.93232652531799,73.97779426498602,66.58807530386751,77.93232652531799,160.65716102871156,79.61833961170134,79.61833961170134,81.28232919184401,81.28232919184401,81.28232919184401,81.28232919184401,81.28232919184401,81.28232919184401,81.28232919184401,0.0,81.28232919184401,81.28232919184401,81.28232919184401,81.28232919184401,81.28232919184401,81.28232919184401,78.94681440560515,77.93232652531799,145.06830121547,79.61833961170134,78.94681440560515,162.16765637819583,73.97779426498602,160.65716102871156,75.95085268319768,145.06830121547,69.09847886756535,65.15876877909578,66.58807530386751,166.73794456362603,75.20192175168627,169.5853865523195,67.89976132940085,165.40601723935436,159.38839631986644,161.86598742590354,142.1896126473827,139.35107511638307,163.57322016106943,161.68407963349227,147.08496973019726,145.06830121547,142.1896126473827,159.38839631986644,156.31801381575997,139.35107511638307,144.76105005188165,145.06830121547,159.38869722218828,147.67563076548282,147.08496973019726,150.31504531760334,169.5853865523195,150.03160908617906,144.76105005188165,142.1896126473827,144.76105005188165,145.06830121547,142.1896126473827,150.03160908617906,142.1896126473827,154.84436984223916,147.08496973019726,157.89559560746392,142.1896126473827,144.76105005188165,147.67563076548282,76.99283678550484,67.89976132940085,142.1896126473827,142.1896126473827,142.1896126473827,165.90062072383324,144.76105005188165,162.16765637819583,147.67563076548282,147.67563076548282,147.67563076548282,163.57322016106943,144.76105005188165,147.67563076548282,139.35107511638307,139.35107511638307,139.35107511638307,139.35107511638307,139.35107511638307
147.08496973019726,163.0791328548696,142.1896126473827,169.5853865523195,144.76105005188165,149.4426850182274,139.35107511638307,139.35107511638307,139.35107511638307,139.35107511638307,139.35107511638307,139.35107511638307,139.35107511638307,139.35107511638307,139.35107511638307,139.35107511638307,139.35107511638307,139.35107511638307,139.35107511638307,139.35107511638307,147.67563076548282,147.67563076548282,147.67563076548282,161.68407963349227,142.1896126473827,159.38869722218828,157.89559560746392,163.0791328548696,161.86598742590354,144.76105005188165,163.0791328548696,142.1896126473827,67.89976132940085,142.1896126473827,66.58807530386751,144.76105005188165,66.58807530386751,73.97779426498602,76.99283678550484,76.99283678550484,79.61833961170134,76.99283678550484,65.15876877909578,81.28232919184401,77.93232652531799,81.28232919184401,80.49239090066779,81.28232919184401,81.28232919184401,81.28232919184401,81.28232919184401,81.28232919184401,81.28232919184401,81.28232919184401,81.28232919184401,0.0,81.28232919184401,81.28232919184401,81.28232919184401,81.28232919184401,81.28232919184401,81.28232919184401,80.49239090066779,81.28232919184401,81.28232919184401,81.28232919184401,81.28232919184401,75.95085268319768,79.61833961170134,81.28232919184401,76.99283678550484,78.94681440560515,76.99283678550484,77.93232652531799,79.61833961170134,79.61833961170134,67.89976132940085,79.61833961170134,65.15876877909578,77.93232652531799,144.76105005188165,165.00883771602287,69.09847886756535,67.89976132940085,155.10991547026134,73.18707938324333,65.15876877909578,144.76105005188165,73.97779426498602,151.21243675976552,75.95085268319768,144.76105005188165,142.1896126473827,147.08496973019726,67.89976132940085,147.08496973019726,142.1896126473827,150.31504531760334,142.1896126473827,159.38839631986644,144.76105005188165,139.35107511638307,66.58807530386751,144.76105005188165,151.21243675976552,139.35107511638307,142.1896126473827,144.76105005188165,147.08496973019726,151.21243675976552,147.08496973019726,150.03160908617906,75.95085268319768,77.93232652531799,67.89976132940085,75.20192175168627,65.15876877909578,169.5853865523195,163.57322016106943,163.0791328548696,159.96087436183808,160.65716102871156,149.4426850182274,149.4426850182274,142.1896126473827,158.58372013413413,147.08496973019726,147.67563076548282,142.1896126473827,139.35107511638307,147.67563076548282
150.03160908617906,163.57322016106943,139.35107511638307,169.5853865523195,144.76105005188165,149.4426850182274,139.35107511638307,139.35107511638307,139.35107511638307,139.35107511638307,139.35107511638307,139.35107511638307,139.35107511638307,139.35107511638307,139.35107511638307,139.35107511638307,139.35107511638307,139.35107511638307,139.35107511638307,139.35107511638307,142.1896126473827,152.699681763737,152.699681763737,139.35107511638307,147.08496973019726,147.67563076548282,161.86598742590354,154.84436984223916,144.76105005188165,144.76105005188165,147.67563076548282,142.1896126473827,147.67563076548282,142.1896126473827,144.76105005188165,144.76105005188165,69.09847886756535,73.97779426498602,69.09847886756535,152.42149427310898,73.18707938324333,65.15876877909578,65.15876877909578,80.49239090066779,73.97779426498602,81.28232919184401,76.99283678550484,76.99283678550484,81.28232919184401,81.28232919184401,81.28232919184401,81.28232919184401,81.28232919184401,81.28232919184401,81.28232919184401,81.28232919184401,0.0,81.28232919184401,81.28232919184401,81.28232919184401,81.28232919184401,81.28232919184401,81.28232919184401,81.28232919184401,81.28232919184401,81.28232919184401,66.58807530386751,81.28232919184401,69.09847886756535,70.32708710668275,75.20192175168627,142.1896126473827,142.1896126473827,69.09847886756535,65.15876877909578,76.99283678550484,70.32708710668275,73.18707938324333,149.4426850182274,65.15876877909578,65.15876877909578,65.15876877909578,139.35107511638307,69.09847886756535,139.35107511638307,69.09847886756535,139.35107511638307,144.76105005188165,65.15876877909578,152.42149427310898,144.76105005188165,147.08496973019726,150.03160908617906,142.1896126473827,139.35107511638307,151.21243675976552,142.1896126473827,152.699681763737,150.03160908617906,139.35107511638307,147.08496973019726,139.35107511638307,65.15876877909578,147.08496973019726,139.35107511638307,147.08496973019726,139.35107511638307,139.35107511638307,147.08496973019726,144.76105005188165,154.84436984223916,157.89559560746392,77.93232652531799,155.11832453144766,139.35107511638307,139.35107511638307,144.76105005188165,169.60096962084367,154.84436984223916,157.89559560746392,166.73794456362603,147.67563076548282,147.67563076548282,147.67563076548282,144.76105005188165,147.67563076548282,147.67563076548282,139.35107511638307,139.35107511638307,139.35107511638307,139.35107511638307
142.1896126473827,166.73794456362603,147.08496973019726,169.5853865523195,144.76105005188165,149.4426850182274,139.35107511638307,139.35107511638307,139.35107511638307,139.35107511638307,139.35107511638307,139.35107511638307,139.35107511638307,139.35107511638307,139.35107511638307,139.35107511638307,139.35107511638307,139.35107511638307,139.35107511638307,139.35107511638307,147.67563076548282,150.31504531760334,150.31504531760334,165.40601723935436,150.31504531760334,139.35107511638307,163.57322016106943,145.06830121547,159.96087436183808,145.06830121547,145.06830121547,150.03160908617906,67.89976132940085,65.15876877909578,71.25730792455762,139.35107511638307,139.35107511638307,79.61833961170134,73.18707938324333,79.61833961170134,80.49239090066779,78.94681440560515,69.09847886756535,75.95085268319768,75.95085268319768,77.93232652531799,65.15876877909578,81.28232919184401,81.28232919184401,76.99283678550484,81.28232919184401,81.28232919184401,79.61833961170134,81.28232919184401,81.28232919184401,81.28232919184401,81.28232919184401,0.0,81.28232919184401,81.28232919184401,81.28232919184401,81.28232919184401,81.28232919184401,81.28232919184401,80.49239090066779,80.49239090066779,80.49239090066779,80.49239090066779,76.99283678550484,81.28232919184401,69.09847886756535,71.25730792455762,75.20192175168627,75.20192175168627,67.89976132940085,79.61833961170134,67.89976132940085,73.18707938324333,66.58807530386751,75.95085268319768,144.76105005188165,75.95085268319768,75.20192175168627,65.15876877909578,144.76105005188165,65.15876877909578,144.76105005188165,144.76105005188165,65.15876877909578,154.21516546937346,77.93232652531799,139.35107511638307,159.96087436183808,142.1896126473827,67.89976132940085,149.4426850182274,145.06830121547,144.76105005188165,142.1896126473827,154.84436984223916,147.67563076548282,139.35107511638307,69.09847886756535,158.58372013413413,149.4426850182274,154.84436984223916,139.35107511638307,144.76105005188165,142.1896126473827,156.31801381575997,147.08496973019726,157.89559560746392,66.58807530386751,71.25730792455762,66.58807530386751,65.15876877909578,65.15876877909578,163.0791328548696,151.21243675976552,145.06830121547,154.21516546937346,145.06830121547,149.4426850182274,142.1896126473827,142.1896126473827,151.21243675976552,145.06830121547,142.1896126473827,142.1896126473827,139.35107511638307,142.1896126473827
149.4426850182274,142.1896126473827,139.35107511638307,142.1896126473827,142.1896126473827,149.4426850182274,139.35107511638307,139.35107511638307,139.35107511638307,139.35107511638307,139.35107511638307,139.35107511638307,139.35107511638307,139.35107511638307,139.35107511638307,139.35107511638307,139.35107511638307,139.35107511638307,139.35107511638307,139.35107511638307,142.1896126473827,144.76105005188165,144.76105005188165,139.35107511638307,139.35107511638307,142.1896126473827,142.1896126473827,151.21243675976552,139.35107511638307,142.1896126473827,139.35107511638307,142.1896126473827,151.21243675976552,142.1896126473827,139.35107511638307,144.76105005188165,65.15876877909578,66.58807530386751,71.25730792455762,65.15876877909578,71.25730792455762,65.15876877909578,65.15876877909578,77.93232652531799,65.15876877909578,79.61833961170134,149.4426850182274,80.49239090066779,142.1896126473827,77.93232652531799,81.28232919184401,81.28232919184401,81.28232919184401,81.28232919184401,81.28232919184401,81.28232919184401,81.28232919184401,81.28232919184401,0.0,81.28232919184401,81.28232919184401,81.28232919184401,81.28232919184401,81.28232919184401,81.28232919184401,80.49239090066779,77.93232652531799,73.97779426498602,77.93232652531799,79.61833961170134,77.93232652531799,70.32708710668275,65.15876877909578,144.76105005188165,70.32708710668275,65.15876877909578,66.58807530386751,70.32708710668275,159.96087436183808,70.32708710668275,161.86598742590354,66.58807530386751,139.35107511638307,142.1896126473827,149.4426850182274,147.08496973019726,149.4426850182274,142.1896126473827,149.4426850182274,156.31801381575997,65.15876877909578,142.1896126473827,159.38869722218828,144.76105005188165,142.1896126473827,142.1896126473827,152.42149427310898,166.6132948003608,152.42149427310898,139.35107511638307,145.06830121547,142.1896126473827,144.76105005188165,168.17784775427387,149.4426850182274,149.4426850182274,142.1896126473827,144.76105005188165,168.17784775427387,139.35107511638307,149.4426850182274,152.42149427310898,71.25730792455762,154.84436984223916,139.35107511638307,139.35107511638307,142.1896126473827,166.73794456362603,151.21243675976552,154.21516546937346,167.85230888662812,154.21516546937346,147.67563076548282,151.21243675976552,144.76105005188165,147.67563076548282,139.35107511638307,139.35107511638307,139.35107511638307,139.35107511638307,139.35107511638307
142.1896126473827,163.0791328548696,154.84436984223916,169.5853865523195,144.76105005188165,149.4426850182274,139.35107511638307,139.35107511638307,139.35107511638307,139.35107511638307,139.35107511638307,139.35107511638307,139.35107511638307,139.35107511638307,139.35107511638307,139.35107511638307,139.35107511638307,139.35107511638307,139.35107511638307,139.35107511638307,142.1896126473827,144.76105005188165,144.76105005188165,149.4426850182274,139.35107511638307,144.76105005188165,159.38869722218828,165.00883771602287,156.31801381575997,147.67563076548282,163.0791328548696,142.1896126473827,65.15876877909578,144.76105005188165,159.96087436183808,147.67563076548282,142.1896126473827,75.20192175168627,65.15876877909578,73.97779426498602,79.61833961170134,77.93232652531799,66.58807530386751,80.49239090066779,79.61833961170134,79.61833961170134,73.97779426498602,79.61833961170134,81.28232919184401,79.61833961170134,81.28232919184401,81.28232919184401,79.61833961170134,81.28232919184401,81.28232919184401,81.28232919184401,81.28232919184401,81.28232919184401,81.28232919184401,0.0,81.28232919184401,81.28232919184401,81.28232919184401,81.28232919184401,81.28232919184401,81.28232919184401,81.28232919184401,81.28232919184401,79.61833961170134,81.28232919184401,75.95085268319768,71.25730792455762,75.95085268319768,80.49239090066779,65.15876877909578,80.49239090066779,73.18707938324333,79.61833961170134,75.95085268319768,77.93232652531799,66.58807530386751,78.94681440560515,76.99283678550484,65.15876877909578,139.35107511638307,65.15876877909578,139.35107511638307,147.67563076548282,69.09847886756535,163.7452316982305,75.95085268319768,139.35107511638307,159.96087436183808,142.1896126473827,142.1896126473827,149.4426850182274,161.86598742590354,144.76105005188165,142.1896126473827,159.38839631986644,157.89559560746392,139.35107511638307,73.18707938324333,152.699681763737,149.4426850182274,156.93337800353655,139.35107511638307,139.35107511638307,150.03160908617906,152.699681763737,147.08496973019726,150.03160908617906,76.99283678550484,66.58807530386751,66.58807530386751,142.1896126473827,158.58372013413413,163.0791328548696,142.1896126473827,154.84436984223916,145.06830121547,144.76105005188165,147.08496973019726,144.76105005188165,147.67563076548282,144.76105005188165,144.76105005188165,145.06830121547,139.35107511638307,139.35107511638307,145.06830121547
151.21243675976552,152.42149427310898,149.4426850182274,169.5853865523195,144.76105005188165,149.4426850182274,139.35107511638307,139.35107511638307,139.35107511638307,139.35107511638307,139.35107511638307,139.35107511638307,139.35107511638307,139.35107511638307,139.35107511638307,139.35107511638307,139.35107511638307,139.35107511638307,139.35107511638307,139.35107511638307,145.06830121547,139.35107511638307,147.67563076548282,152.42149427310898,142.1896126473827,142.1896126473827,155.10991547026134,142.1896126473827,144.76105005188165,142.1896126473827,142.1896126473827,142.1896126473827,142.1896126473827,66.58807530386751,144.76105005188165,139.35107511638307,142.1896126473827,152.42149427310898,66.58807530386751,75.20192175168627,69.09847886756535,75.95085268319768,145.06830121547,75.20192175168627,67.89976132940085,76.99283678550484,65.15876877909578,77.93232652531799,75.20192175168627,73.18707938324333,78.94681440560515,81.28232919184401,70.32708710668275,81.28232919184401,81.28232919184401,81.28232919184401,81.28232919184401,81.28232919184401,81.28232919184401,81.28232919184401,0.0,81.28232919184401,81.28232919184401,81.28232919184401,81.28232919184401,81.28232919184401,81.28232919184401,81.28232919184401,80.49239090066779,78.94681440560515,77.93232652531799,73.97779426498602,71.25730792455762,75.20192175168627,73.18707938324333,73.97779426498602,76.99283678550484,77.93232652531799,66.58807530386751,66.58807530386751,65.15876877909578,73.18707938324333,73.97779426498602,73.97779426498602,147.08496973019726,139.35107511638307,154.84436984223916,144.76105005188165,147.08496973019726,154.21516546937346,70.32708710668275,156.31801381575997,159.38869722218828,145.06830121547,139.35107511638307,156.31801381575997,145.06830121547,162.16765637819583,159.38869722218828,154.84436984223916,147.67563076548282,154.84436984223916,70.32708710668275,156.93337800353655,142.1896126473827,157.89559560746392,154.84436984223916,154.84436984223916,139.35107511638307,156.31801381575997,154.21516546937346,154.21516546937346,65.15876877909578,65.15876877909578,142.1896126473827,145.06830121547,147.67563076548282,159.96087436183808,139.35107511638307,142.1896126473827,142.1896126473827,142.1896126473827,147.08496973019726,144.76105005188165,142.1896126473827,144.76105005188165,144.76105005188165,139.35107511638307,139.35107511638307,139.35107511638307,139.35107511638307
145.06830121547,166.73794456362603,147.08496973019726,169.5853865523195,144.76105005188165,149.4426850182274,139.35107511638307,139.35107511638307,139.35107511638307,139.35107511638307,139.35107511638307,139.35107511638307,139.35107511638307,139.35107511638307,139.35107511638307,139.35107511638307,139.35107511638307,139.35107511638307,139.35107511638307,139.35107511638307,145.06830121547,150.31504531760334,147.67563076548282,152.42149427310898,142.1896126473827,142.1896126473827,145.06830121547,145.06830121547,142.1896126473827,145.06830121547,144.76105005188165,150.03160908617906,152.699681763737,66.58807530386751,144.76105005188165,142.1896126473827,67.89976132940085,75.20192175168627,66.58807530386751,66.58807530386751,79.61833961170134,75.95085268319768,139.35107511638307,77.93232652531799,67.89976132940085,79.61833961170134,66.58807530386751,73.97779426498602,81.28232919184401,75.20192175168627,80.49239090066779,80.49239090066779,75.20192175168627,81.28232919184401,78.94681440560515,81.28232919184401,81.28232919184401,81.28232919184401,81.28232919184401,81.28232919184401,81.28232919184401,0.0,81.28232919184401,81.28232919184401,81.28232919184401,81.28232919184401,81.28232919184401,81.28232919184401,80.49239090066779,81.28232919184401,69.09847886756535,73.97779426498602,79.61833961170134,79.61833961170134,73.18707938324333,78.94681440560515,69.09847886756535,73.18707938324333,66.58807530386751,73.97779426498602,73.97779426498602,73.97779426498602,158.58372013413413,147.08496973019726,147.08496973019726,66.58807530386751,142.1896126473827,147.08496973019726,69.09847886756535,154.21516546937346,77.93232652531799,150.03160908617906,165.00883771602287,157.89559560746392,66.58807530386751,156.31801381575997,145.06830121547,166.73794456362603,159.38869722218828,154.84436984223916,147.67563076548282,142.1896126473827,69.09847886756535,156.93337800353655,156.31801381575997,154.84436984223916,142.1896126473827,154.84436984223916,139.35107511638307,156.93337800353655,154.21516546937346,154.21516546937346,66.58807530386751,157.89559560746392,65.15876877909578,144.76105005188165,147.67563076548282,163.0791328548696,157.89559560746392,145.06830121547,165.40601723935436,145.06830121547,155.10991547026134,152.699681763737,144.76105005188165,152.699681763737,142.1896126473827,142.1896126473827,139.35107511638307,139.35107511638307,142.1896126473827
142.1896126473827,145.06830121547,139.35107511638307,169.5853865523195,144.76105005188165,149.4426850182274,139.35107511638307,139.35107511638307,139.35107511638307,139.35107511638307,139.35107511638307,139.35107511638307,139.35107511638307,139.35107511638307,139.35107511638307,139.35107511638307,139.35107511638307,139.35107511638307,139.35107511638307,139.35107511638307,139.35107511638307,158.58372013413413,139.35107511638307,151.21243675976552,161.86598742590354,163.57322016106943,156.31801381575997,145.06830121547,156.31801381575997,145.06830121547,145.06830121547,151.21243675976552,144.76105005188165,147.08496973019726,154.84436984223916,142.1896126473827,145.06830121547,65.15876877909578,156.93337800353655,145.06830121547,73.18707938324333,145.06830121547,163.0791328548696,65.15876877909578,166.6132948003608,142.1896126473827,151.21243675976552,73.97779426498602,75.95085268319768,163.57322016106943,78.94681440560515,80.49239090066779,66.58807530386751,80.49239090066779,77.93232652531799,80.49239090066779,81.28232919184401,81.28232919184401,81.28232919184401,81.28232919184401,81.28232919184401,81.28232919184401,0.0,81.28232919184401,81.28232919184401,81.28232919184401,81.28232919184401,81.28232919184401,78.94681440560515,80.49239090066779,77.93232652531799,71.25730792455762,66.58807530386751,75.20192175168627,139.35107511638307,77.93232652531799,142.1896126473827,66.58807530386751,66.58807530386751,66.58807530386751,67.89976132940085,73.18707938324333,70.32708710668275,67.89976132940085,159.96087436183808,142.1896126473827,142.1896126473827,147.67563076548282,139.35107511638307,154.21516546937346,66.58807530386751,142.1896126473827,152.42149427310898,145.06830121547,66.58807530386751,151.21243675976552,145.06830121547,150.31504531760334,147.67563076548282,142.1896126473827,147.67563076548282,142.1896126473827,65.15876877909578,150.31504531760334,142.1896126473827,142.1896126473827,154.84436984223916,150.03160908617906,147.67563076548282,150.31504531760334,142.1896126473827,145.06830121547,66.58807530386751,142.1896126473827,139.35107511638307,142.1896126473827,139.35107511638307,142.1896126473827,154.84436984223916,145.06830121547,139.35107511638307,145.06830121547,154.84436984223916,154.84436984223916,145.06830121547,139.35107511638307,139.35107511638307,139.35107511638307,139.35107511638307,139.35107511638307,139.35107511638307
145.06830121547,154.84436984223916,139.35107511638307,142.1896126473827,142.1896126473827,149.4426850182274,139.35107511638307,139.35107511638307,139.35107511638307,139.35107511638307,139.35107511638307,139.35107511638307,139.35107511638307,139.35107511638307,139.35107511638307,139.35107511638307,139.35107511638307,139.35107511638307,139.35107511638307,139.35107511638307,145.06830121547,161.68407963349227,147.67563076548282,152.42149427310898,142.1896126473827,139.35107511638307,163.57322016106943,166.6132948003608,144.76105005188165,144.76105005188165,147.67563076548282,145.06830121547,150.31504531760334,65.15876877909578,144.76105005188165,147.67563076548282,145.06830121547,66.58807530386751,66.58807530386751,76.99283678550484,79.61833961170134,75.95085268319768,66.58807530386751,79.61833961170134,151.21243675976552,81.28232919184401,70.32708710668275,80.49239090066779,80.49239090066779,75.20192175168627,80.49239090066779,80.49239090066779,66.58807530386751,79.61833961170134,145.06830121547,81.28232919184401,81.28232919184401,81.28232919184401,81.28232919184401,81.28232919184401,81.28232919184401,81.28232919184401,81.28232919184401,0.0,81.28232919184401,81.28232919184401,81.28232919184401,81.28232919184401,81.28232919184401,81.28232919184401,80.49239090066779,79.61833961170134,80.49239090066779,81.28232919184401,78.94681440560515,79.61833961170134,66.58807530386751,75.20192175168627,66.58807530386751,163.0791328548696,73.18707938324333,75.95085268319768,77.93232652531799,78.94681440560515,67.89976132940085,66.58807530386751,67.89976132940085,142.1896126473827,78.94681440560515,154.21516546937346,77.93232652531799,145.06830121547,147.67563076548282,157.89559560746392,142.1896126473827,152.699681763737,145.06830121547,166.6132948003608,147.67563076548282,158.58372013413413,144.76105005188165,142.1896126473827,142.1896126473827,150.31504531760334,147.67563076548282,144.76105005188165,142.1896126473827,65.15876877909578,147.08496973019726,156.93337800353655,158.58372013413413,161.68407963349227,78.94681440560515,73.18707938324333,66.58807530386751,142.1896126473827,142.1896126473827,169.60096962084367,154.84436984223916,160.65716102871156,157.89559560746392,150.31504531760334,147.67563076548282,150.31504531760334,144.76105005188165,147.67563076548282,145.06830121547,145.06830121547,139.35107511638307,139.35107511638307,145.06830121547
147.67563076548282,139.35107511638307,139.35107511638307,142.1896126473827,142.1896126473827,149.4426850182274,139.35107511638307,139.35107511638307,139.35107511638307,139.35107511638307,139.35107511638307,139.35107511638307,139.35107511638307,139.35107511638307,139.35107511638307,139.35107511638307,139.35107511638307,139.35107511638307,139.35107511638307,139.35107511638307,142.1896126473827,144.76105005188165,144.76105005188165,144.76105005188165,139.35107511638307,142.1896126473827,142.1896126473827,139.35107511638307,139.35107511638307,139.35107511638307,142.1896126473827,144.76105005188165,158.58372013413413,144.76105005188165,139.35107511638307,139.35107511638307,65.15876877909578,154.84436984223916,65.15876877909578,65.15876877909578,65.15876877909578,67.89976132940085,163.57322016106943,75.20192175168627,165.40601723935436,73.18707938324333,65.15876877909578,73.97779426498602,142.1896126473827,75.20192175168627,77.93232652531799,76.99283678550484,73.18707938324333,79.61833961170134,79.61833961170134,81.28232919184401,81.28232919184401,80.49239090066779,81.28232919184401,81.28232919184401,81.28232919184401,81.28232919184401,81.28232919184401,81.28232919184401,0.0,81.28232919184401,81.28232919184401,80.49239090066779,81.28232919184401,81.28232919184401,78.94681440560515,73.18707938324333,81.28232919184401,77.93232652531799,77.93232652531799,73.18707938324333,73.97779426498602,73.18707938324333,66.58807530386751,139.35107511638307,156.31801381575997,163.57322016106943,66.58807530386751,66.58807530386751,163.57322016106943,69.09847886756535,163.57322016106943,156.31801381575997,65.15876877909578,147.67563076548282,147.67563076548282,142.1896126473827,145.06830121547,142.1896126473827,147.67563076548282,151.21243675976552,145.06830121547,147.67563076548282,145.06830121547,154.84436984223916,147.67563076548282,142.1896126473827,139.35107511638307,163.0791328548696,152.42149427310898,154.21516546937346,144.76105005188165,154.84436984223916,147.08496973019726,150.03160908617906,142.1896126473827,157.89559560746392,67.89976132940085,159.96087436183808,139.35107511638307,139.35107511638307,150.31504531760334,159.96087436183808,139.35107511638307,144.76105005188165,161.86598742590354,147.67563076548282,139.35107511638307,139.35107511638307,139.35107511638307,142.1896126473827,139.35107511638307,139.35107511638307,139.35107511638307,139.35107511638307,139.35107511638307
144.76105005188165,139.35107511638307,156.31801381575997,169.5853865523195,144.76105005188165,149.4426850182274,139.35107511638307,139.35107511638307,139.35107511638307,139.35107511638307,139.35107511638307,139.35107511638307,139.35107511638307,139.35107511638307,139.35107511638307,139.35107511638307,139.35107511638307,139.35107511638307,139.35107511638307,139.35107511638307,157.89559560746392,147.67563076548282,147.67563076548282,154.84436984223916,142.1896126473827,142.1896126473827,157.89559560746392,165.00883771602287,154.84436984223916,144.76105005188165,151.21243675976552,142.1896126473827,144.76105005188165,66.58807530386751,151.21243675976552,139.35107511638307,66.58807530386751,76.99283678550484,77.93232652531799,77.93232652531799,80.49239090066779,73.18707938324333,65.15876877909578,78.94681440560515,71.25730792455762,80.49239090066779,65.15876877909578,80.49239090066779,81.28232919184401,67.89976132940085,79.61833961170134,80.49239090066779,73.18707938324333,81.28232919184401,78.94681440560515,81.28232919184401,81.28232919184401,80.49239090066779,80.49239090066779,81.28232919184401,81.28232919184401,81.28232919184401,81.28232919184401,81.28232919184401,81.28232919184401,0.0,81.28232919184401,81.28232919184401,81.28232919184401,81.28232919184401,81.28232919184401,77.93232652531799,81.28232919184401,81.28232919184401,81.28232919184401,81.28232919184401,73.97779426498602,79.61833961170134,80.49239090066779,79.61833961170134,66.58807530386751,80.49239090066779,79.61833961170134,77.93232652531799,67.89976132940085,76.99283678550484,65.15876877909578,142.1896126473827,69.09847886756535,71.25730792455762,79.61833961170134,159.38869722218828,142.1896126473827,161.86598742590354,71.25730792455762,65.15876877909578,66.58807530386751,159.38839631986644,70.32708710668275,166.6132948003608,65.15876877909578,139.35107511638307,73.97779426498602,144.76105005188165,66.58807530386751,139.35107511638307,142.1896126473827,65.15876877909578,139.35107511638307,151.21243675976552,154.21516546937346,149.4426850182274,76.99283678550484,66.58807530386751,139.35107511638307,139.35107511638307,154.21516546937346,163.0791328548696,142.1896126473827,159.38869722218828,145.06830121547,145.06830121547,150.03160908617906,168.17784775427387,154.84436984223916,147.67563076548282,139.35107511638307,139.35107511638307,139.35107511638307,139.35107511638307,139.35107511638307
142.1896126473827,150.03160908617906,142.1896126473827,169.5853865523195,144.76105005188165,149.4426850182274,139.35107511638307,139.35107511638307,139.35107511638307,139.35107511638307,139.35107511638307,139.35107511638307,139.35107511638307,139.35107511638307,139.35107511638307,139.35107511638307,139.35107511638307,139.35107511638307,139.35107511638307,139.35107511638307,139.35107511638307,139.35107511638307,139.35107511638307,139.35107511638307,139.35107511638307,139.35107511638307,156.31801381575997,156.31801381575997,156.31801381575997,147.08496973019726,159.96087436183808,151.21243675976552,147.67563076548282,154.84436984223916,154.21516546937346,159.38869722218828,145.06830121547,145.06830121547,150.03160908617906,145.06830121547,75.20192175168627,142.1896126473827,142.1896126473827,65.15876877909578,159.38869722218828,66.58807530386751,156.31801381575997,73.97779426498602,75.20192175168627,163.57322016106943,73.18707938324333,73.97779426498602,66.58807530386751,75.95085268319768,162.16765637819583,81.28232919184401,66.58807530386751,80.49239090066779,77.93232652531799,81.28232919184401,81.28232919184401,81.28232919184401,81.28232919184401,81.28232919184401,81.28232919184401,81.28232919184401,0.0,81.28232919184401,81.28232919184401,81.28232919184401,81.28232919184401,73.97779426498602,77.93232652531799,77.93232652531799,77.93232652531799,77.93232652531799,76.99283678550484,73.97779426498602,69.09847886756535,66.58807530386751,142.1896126473827,142.1896126473827,71.25730792455762,66.58807530386751,163.0791328548696,66.58807530386751,163.0791328548696,154.21516546937346,69.09847886756535,156.93337800353655,69.09847886756535,142.1896126473827,154.21516546937346,145.06830121547,142.1896126473827,152.42149427310898,145.06830121547,147.67563076548282,145.06830121547,154.21516546937346,152.699681763737,142.1896126473827,66.58807530386751,147.67563076548282,142.1896126473827,156.31801381575997,142.1896126473827,156.31801381575997,145.06830121547,147.67563076548282,145.06830121547,145.06830121547,142.1896126473827,150.03160908617906,145.06830121547,159.96087436183808,144.76105005188165,167.22064889903015,158.58372013413413,164.48956708672387,139.35107511638307,139.35107511638307,158.58372013413413,158.58372013413413,161.68407963349227,139.35107511638307,139.35107511638307,139.35107511638307,139.35107511638307,139.35107511638307,139.35107511638307
139.35107511638307,142.1896126473827,142.1896126473827,169.5853865523195,144.76105005188165,149.4426850182274,139.35107511638307,139.35107511638307,139.35107511638307,139.35107511638307,139.35107511638307,139.35107511638307,139.35107511638307,139.35107511638307,139.35107511638307,139.35107511638307,139.35107511638307,139.35107511638307,139.35107511638307,139.35107511638307,142.1896126473827,139.35107511638307,144.76105005188165,144.76105005188165,139.35107511638307,144.76105005188165,145.06830121547,145.06830121547,142.1896126473827,145.06830121547,145.06830121547,145.06830121547,142.1896126473827,147.67563076548282,157.55424433126018,152.42149427310898,145.06830121547,150.03160908617906,65.15876877909578,66.58807530386751,75.95085268319768,67.89976132940085,156.31801381575997,76.99283678550484,154.84436984223916,75.95085268319768,142.1896126473827,79.61833961170134,79.61833961170134,70.32708710668275,79.61833961170134,79.61833961170134,69.09847886756535,79.61833961170134,73.97779426498602,75.95085268319768,81.28232919184401,80.49239090066779,73.97779426498602,81.28232919184401,81.28232919184401,81.28232919184401,81.28232919184401,81.28232919184401,80.49239090066779,81.28232919184401,81.28232919184401,0.0,81.28232919184401,81.28232919184401,81.28232919184401,81.28232919184401,81.28232919184401,81.28232919184401,81.28232919184401,79.61833961170134,79.61833961170134,79.61833961170134,76.99283678550484,77.93232652531799,76.99283678550484,79.61833961170134,79.61833961170134,80.49239090066779,147.08496973019726,69.09847886756535,67.89976132940085,145.06830121547,79.61833961170134,65.15876877909578,69.09847886756535,159.96087436183808,147.67563076548282,66.58807530386751,73.18707938324333,152.699681763737,66.58807530386751,147.08496973019726,147.67563076548282,163.57322016106943,69.09847886756535,142.1896126473827,70.32708710668275,139.35107511638307,156.93337800353655,65.15876877909578,144.76105005188165,150.31504531760334,139.35107511638307,142.1896126473827,142.1896126473827,142.1896126473827,66.58807530386751,65.15876877909578,139.35107511638307,142.1896126473827,150.31504531760334,159.96087436183808,139.35107511638307,145.06830121547,142.1896126473827,142.1896126473827,147.08496973019726,147.67563076548282,145.06830121547,144.76105005188165,147.67563076548282,139.35107511638307,139.35107511638307,139.35107511638307,139.35107511638307
150.03160908617906,152.42149427310898,144.76105005188165,169.5853865523195,144.76105005188165,149.4426850182274,139.35107511638307,139.35107511638307,139.35107511638307,139.35107511638307,139.35107511638307,139.35107511638307,139.35107511638307,139.35107511638307,139.35107511638307,139.35107511638307,139.35107511638307,139.35107511638307,139.35107511638307,139.35107511638307,139.35107511638307,139.35107511638307,139.35107511638307,139.35107511638307,139.35107511638307,139.35107511638307,159.96087436183808,159.96087436183808,159.96087436183808,152.699681763737,144.76105005188165,156.93337800353655,150.31504531760334,139.35107511638307,145.06830121547,147.67563076548282,155.10991547026134,157.89559560746392,155.10991547026134,154.21516546937346,144.76105005188165,147.08496973019726,139.35107511638307,67.89976132940085,163.57322016106943,150.03160908617906,161.86598742590354,75.95085268319768,73.18707938324333,168.17784775427387,65.15876877909578,78.94681440560515,144.76105005188165,66.58807530386751,160.65716102871156,79.61833961170134,69.09847886756535,76.99283678550484,77.93232652531799,79.61833961170134,80.49239090066779,80.49239090066779,78.94681440560515,81.28232919184401,81.28232919184401,81.28232919184401,81.28232919184401,81.28232919184401,0.0,81.28232919184401,81.28232919184401,77.93232652531799,79.61833961170134,80.49239090066779,81.28232919184401,80.49239090066779,77.93232652531799,73.18707938324333,66.58807530386751,71.25730792455762,67.89976132940085,75.95085268319768,139.35107511638307,73.97779426498602,152.699681763737,69.09847886756535,66.58807530386751,150.31504531760334,69.09847886756535,154.21516546937346,70.32708710668275,154.84436984223916,145.06830121547,154.21516546937346,142.1896126473827,150.03160908617906,145.06830121547,162.16765637819583,145.06830121547,154.84436984223916,147.67563076548282,142.1896126473827,67.89976132940085,147.67563076548282,151.21243675976552,142.1896126473827,145.06830121547,147.67563076548282,144.76105005188165,154.21516546937346,154.84436984223916,157.89559560746392,147.08496973019726,147.67563076548282,142.1896126473827,152.42149427310898,144.76105005188165,147.67563076548282,163.0791328548696,139.35107511638307,139.35107511638307,139.35107511638307,139.35107511638307,139.35107511638307,139.35107511638307,139.35107511638307,139.35107511638307,139.35107511638307,139.35107511638307,139.35107511638307,139.35107511638307
142.1896126473827,139.35107511638307,145.06830121547,169.5853865523195,169.5853865523195,169.5853865523195,139.35107511638307,139.35107511638307,139.35107511638307,139.35107511638307,139.35107511638307,139.35107511638307,139.35107511638307,139.35107511638307,139.35107511638307,139.35107511638307,139.35107511638307,139.35107511638307,139.35107511638307,139.35107511638307,145.06830121547,177.0644650626826,147.67563076548282,142.1896126473827,142.1896126473827,147.67563076548282,161.68407963349227,147.67563076548282,158.58372013413413,147.67563076548282,147.67563076548282,150.03160908617906,144.76105005188165,150.03160908617906,151.21243675976552,152.42149427310898,147.67563076548282,73.97779426498602,66.58807530386751,75.20192175168627,75.95085268319768,66.58807530386751,69.09847886756535,75.20192175168627,160.65716102871156,65.15876877909578,163.0791328548696,77.93232652531799,80.49239090066779,70.32708710668275,80.49239090066779,81.28232919184401,67.89976132940085,80.49239090066779,75.95085268319768,81.28232919184401,70.32708710668275,81.28232919184401,79.61833961170134,81.28232919184401,78.94681440560515,81.28232919184401,80.49239090066779,81.28232919184401,81.28232919184401,81.28232919184401,81.28232919184401,81.28232919184401,81.28232919184401,0.0,81.28232919184401,80.49239090066779,81.28232919184401,81.28232919184401,81.28232919184401,81.28232919184401,80.49239090066779,79.61833961170134,78.94681440560515,75.95085268319768,71.25730792455762,80.49239090066779,81.28232919184401,80.49239090066779,76.99283678550484,79.61833961170134,70.32708710668275,67.89976132940085,77.93232652531799,66.58807530386751,76.99283678550484,73.18707938324333,66.58807530386751,144.76105005188165,67.89976132940085,150.31504531760334,69.09847886756535,150.03160908617906,147.67563076548282,164.48956708672387,65.15876877909578,145.06830121547,76.99283678550484,142.1896126473827,65.15876877909578,66.58807530386751,147.67563076548282,155.11832453144766,142.1896126473827,67.89976132940085,145.06830121547,145.06830121547,67.89976132940085,67.89976132940085,142.1896126473827,145.06830121547,144.76105005188165,165.90062072383324,144.76105005188165,147.67563076548282,147.67563076548282,147.67563076548282,152.699681763737,159.96087436183808,147.67563076548282,150.31504531760334,139.35107511638307,139.35107511638307,139.35107511638307,139.35107511638307,139.35107511638307
150.03160908617906,145.06830121547,139.35107511638307,142.1896126473827,142.1896126473827,149.4426850182274,139.35107511638307,139.35107511638307,139.35107511638307,139.35107511638307,139.35107511638307,139.35107511638307,139.35107511638307,139.35107511638307,139.35107511638307,139.35107511638307,139.35107511638307,139.35107511638307,139.35107511638307,139.35107511638307,139.35107511638307,161.68407963349227,139.35107511638307,154.21516546937346,165.00883771602287,166.73794456362603,147.08496973019726,139.35107511638307,154.84436984223916,158.58372013413413,150.03160908617906,145.06830121547,147.67563076548282,147.08496973019726,157.89559560746392,145.06830121547,152.699681763737,66.58807530386751,150.03160908617906,150.03160908617906,65.15876877909578,147.67563076548282,155.10991547026134,71.25730792455762,152.699681763737,150.03160908617906,147.08496973019726,76.99283678550484,66.58807530386751,166.6132948003608,75.95085268319768,73.97779426498602,145.06830121547,76.99283678550484,145.06830121547,76.99283678550484,75.20192175168627,69.09847886756535,77.93232652531799,75.95085268319768,77.93232652531799,69.09847886756535,77.93232652531799,80.49239090066779,78.94681440560515,81.28232919184401,81.28232919184401,81.28232919184401,81.28232919184401,81.28232919184401,0.0,81.28232919184401,81.28232919184401,81.28232919184401,81.28232919184401,79.61833961170134,77.93232652531799,78.94681440560515,67.89976132940085,73.97779426498602,67.89976132940085,76.99283678550484,77.93232652531799,76.99283678550484,147.08496973019726,69.09847886756535,69.09847886756535,66.58807530386751,75.20192175168627,156.93337800353655,73.18707938324333,161.86598742590354,150.03160908617906,157.89559560746392,144.76105005188165,147.67563076548282,66.58807530386751,167.85230888662812,145.06830121547,161.86598742590354,150.31504531760334,147.08496973019726,139.35107511638307,142.1896126473827,142.1896126473827,147.08496973019726,147.08496973019726,152.699681763737,139.35107511638307,145.06830121547,163.57322016106943,156.31801381575997,147.08496973019726,145.06830121547,142.1896126473827,145.06830121547,142.1896126473827,145.06830121547,139.35107511638307,144.76105005188165,139.35107511638307,139.35107511638307,139.35107511638307,139.35107511638307,142.1896126473827,139.35107511638307,139.35107511638307,139.35107511638307,139.35107511638307,139.35107511638307,139.35107511638307
144.76105005188165,144.76105005188165,142.1896126473827,169.5853865523195,169.5853865523195,169.5853865523195,139.35107511638307,139.35107511638307,139.35107511638307,139.35107511638307,139.35107511638307,139.35107511638307,139.35107511638307,139.35107511638307,139.35107511638307,139.35107511638307,139.35107511638307,139.35107511638307,139.35107511638307,139.35107511638307,147.67563076548282,139.35107511638307,150.31504531760334,155.11832453144766,144.76105005188165,142.1896126473827,142.1896126473827,151.21243675976552,139.35107511638307,139.35107511638307,142.1896126473827,144.76105005188165,151.21243675976552,144.76105005188165,139.35107511638307,139.35107511638307,145.06830121547,145.06830121547,67.89976132940085,65.15876877909578,71.25730792455762,75.95085268319768,149.4426850182274,75.20192175168627,149.4426850182274,73.18707938324333,65.15876877909578,73.97779426498602,78.94681440560515,71.25730792455762,75.20192175168627,79.61833961170134,66.58807530386751,71.25730792455762,69.09847886756535,78.94681440560515,142.1896126473827,71.25730792455762,70.32708710668275,71.25730792455762,73.97779426498602,73.97779426498602,71.25730792455762,79.61833961170134,73.18707938324333,77.93232652531799,73.97779426498602,81.28232919184401,77.93232652531799,80.49239090066779,81.28232919184401,0.0,81.28232919184401,81.28232919184401,81.28232919184401,75.20192175168627,76.99283678550484,71.25730792455762,75.95085268319768,71.25730792455762,78.94681440560515,76.99283678550484,75.95085268319768,77.93232652531799,75.20192175168627,71.25730792455762,73.97779426498602,71.25730792455762,71.25730792455762,71.25730792455762,77.93232652531799,151.21243675976552,144.76105005188165,144.76105005188165,67.89976132940085,65.15876877909578,154.21516546937346,152.699681763737,66.58807530386751,151.21243675976552,71.25730792455762,151.21243675976552,66.58807530386751,151.21243675976552,66.58807530386751,67.89976132940085,151.21243675976552,65.15876877909578,151.21243675976552,67.89976132940085,151.21243675976552,149.4426850182274,71.25730792455762,150.03160908617906,144.76105005188165,142.1896126473827,151.21243675976552,161.68407963349227,151.21243675976552,154.21516546937346,161.86598742590354,151.21243675976552,142.1896126473827,151.21243675976552,139.35107511638307,142.1896126473827,139.35107511638307,139.35107511638307,139.35107511638307,139.35107511638307,139.35107511638307
144.76105005188165,142.1896126473827,139.35107511638307,142.1896126473827,142.1896126473827,149.4426850182274,139.35107511638307,139.35107511638307,139.35107511638307,139.35107511638307,139.35107511638307,139.35107511638307,139.35107511638307,139.35107511638307,139.35107511638307,139.35107511638307,139.35107511638307,139.35107511638307,139.35107511638307,139.35107511638307,139.35107511638307,139.35107511638307,139.35107511638307,139.35107511638307,139.35107511638307,139.35107511638307,142.1896126473827,142.1896126473827,142.1896126473827,145.06830121547,150.03160908617906,151.21243675976552,144.76105005188165,152.699681763737,151.21243675976552,147.67563076548282,139.35107511638307,142.1896126473827,144.76105005188165,139.35107511638307,151.21243675976552,139.35107511638307,139.35107511638307,142.1896126473827,139.35107511638307,65.15876877909578,151.21243675976552,66.58807530386751,75.95085268319768,163.57322016106943,75.20192175168627,75.95085268319768,139.35107511638307,75.20192175168627,65.15876877909578,76.99283678550484,142.1896126473827,75.20192175168627,65.15876877909578,75.95085268319768,71.25730792455762,79.61833961170134,66.58807530386751,80.49239090066779,81.28232919184401,81.28232919184401,77.93232652531799,81.28232919184401,79.61833961170134,81.28232919184401,81.28232919184401,81.28232919184401,0.0,81.28232919184401,81.28232919184401,81.28232919184401,81.28232919184401,73.18707938324333,78.94681440560515,76.99283678550484,76.99283678550484,66.58807530386751,65.15876877909578,77.93232652531799,165.40601723935436,69.09847886756535,71.25730792455762,167.85230888662812,144.76105005188165,144.76105005188165,65.15876877909578,154.84436984223916,142.1896126473827,139.35107511638307,142.1896126473827,159.38839631986644,142.1896126473827,166.6132948003608,154.21516546937346,142.1896126473827,147.08496973019726,142.1896126473827,142.1896126473827,156.93337800353655,161.86598742590354,151.21243675976552,142.1896126473827,145.06830121547,163.0791328548696,147.08496973019726,139.35107511638307,157.89559560746392,142.1896126473827,144.76105005188165,142.1896126473827,152.699681763737,144.76105005188165,147.67563076548282,145.06830121547,139.35107511638307,139.35107511638307,139.35107511638307,139.35107511638307,139.35107511638307,139.35107511638307,139.35107511638307,139.35107511638307,139.35107511638307,139.35107511638307,139.35107511638307,139.35107511638307
147.67563076548282,139.35107511638307,142.1896126473827,169.5853865523195,169.5853865523195,169.5853865523195,139.35107511638307,139.35107511638307,139.35107511638307,139.35107511638307,139.35107511638307,139.35107511638307,139.35107511638307,139.35107511638307,139.35107511638307,139.35107511638307,139.35107511638307,139.35107511638307,139.35107511638307,139.35107511638307,147.67563076548282,161.68407963349227,150.31504531760334,144.76105005188165,144.76105005188165,142.1896126473827,163.57322016106943,145.06830121547,139.35107511638307,139.35107511638307,142.1896126473827,144.76105005188165,147.67563076548282,144.76105005188165,139.35107511638307,139.35107511638307,145.06830121547,66.58807530386751,67.89976132940085,145.06830121547,75.95085268319768,67.89976132940085,145.06830121547,65.15876877909578,164.48956708672387,67.89976132940085,65.15876877909578,77.93232652531799,70.32708710668275,156.31801381575997,75.95085268319768,76.99283678550484,66.58807530386751,77.93232652531799,66.58807530386751,77.93232652531799,69.09847886756535,75.20192175168627,144.76105005188165,80.49239090066779,75.20192175168627,79.61833961170134,75.20192175168627,81.28232919184401,77.93232652531799,81.28232919184401,77.93232652531799,81.28232919184401,80.49239090066779,81.28232919184401,81.28232919184401,81.28232919184401,81.28232919184401,0.0,81.28232919184401,81.28232919184401,81.28232919184401,79.61833961170134,80.49239090066779,79.61833961170134,81.28232919184401,80.49239090066779,81.28232919184401,80.49239090066779,75.20192175168627,79.61833961170134,66.58807530386751,65.15876877909578,80.49239090066779,73.97779426498602,71.25730792455762,66.58807530386751,66.58807530386751,139.35107511638307,67.89976132940085,144.76105005188165,142.1896126473827,147.08496973019726,73.18707938324333,158.58372013413413,65.15876877909578,142.1896126473827,66.58807530386751,65.15876877909578,69.09847886756535,65.15876877909578,145.06830121547,73.18707938324333,142.1896126473827,65.15876877909578,145.06830121547,142.1896126473827,66.58807530386751,145.06830121547,142.1896126473827,145.06830121547,142.1896126473827,145.06830121547,157.89559560746392,145.06830121547,161.86598742590354,145.06830121547,142.1896126473827,159.96087436183808,139.35107511638307,142.1896126473827,139.35107511638307,139.35107511638307,139.35107511638307,139.35107511638307,139.35107511638307
150.03160908617906,147.67563076548282,144.76105005188165,169.5853865523195,144.76105005188165,149.4426850182274,139.35107511638307,139.35107511638307,139.35107511638307,139.35107511638307,139.35107511638307,139.35107511638307,139.35107511638307,139.35107511638307,139.35107511638307,139.35107511638307,139.35107511638307,139.35107511638307,139.35107511638307,139.35107511638307,139.35107511638307,139.35107511638307,139.35107511638307,139.35107511638307,139.35107511638307,139.35107511638307,144.76105005188165,142.1896126473827,144.76105005188165,147.67563076548282,144.76105005188165,145.06830121547,139.35107511638307,139.35107511638307,154.84436984223916,142.1896126473827,147.08496973019726,142.1896126473827,139.35107511638307,149.4426850182274,66.58807530386751,139.35107511638307,139.35107511638307,66.58807530386751,149.4426850182274,67.89976132940085,144.76105005188165,67.89976132940085,66.58807530386751,166.6132948003608,65.15876877909578,65.15876877909578,144.76105005188165,142.1896126473827,166.73794456362603,79.61833961170134,65.15876877909578,67.89976132940085,70.32708710668275,65.15876877909578,73.18707938324333,73.18707938324333,139.35107511638307,78.94681440560515,77.93232652531799,81.28232919184401,77.93232652531799,81.28232919184401,81.28232919184401,81.28232919184401,81.28232919184401,81.28232919184401,81.28232919184401,81.28232919184401,0.0,81.28232919184401,81.28232919184401,79.61833961170134,79.61833961170134,80.49239090066779,81.28232919184401,79.61833961170134,79.61833961170134,67.89976132940085,65.15876877909578,69.09847886756535,65.15876877909578,169.5853865523195,65.15876877909578,158.58372013413413,67.89976132940085,144.76105005188165,142.1896126473827,147.67563076548282,139.35107511638307,147.08496973019726,144.76105005188165,150.31504531760334,142.1896126473827,163.57322016106943,139.35107511638307,139.35107511638307,67.89976132940085,144.76105005188165,142.1896126473827,139.35107511638307,142.1896126473827,65.15876877909578,147.08496973019726,151.21243675976552,152.699681763737,161.68407963349227,69.09847886756535,142.1896126473827,139.35107511638307,144.76105005188165,144.76105005188165,142.1896126473827,142.1896126473827,147.67563076548282,139.35107511638307,150.03160908617906,142.1896126473827,142.1896126473827,145.06830121547,139.35107511638307,139.35107511638307,139.35107511638307,139.35107511638307,139.35107511638307,139.35107511638307
147.08496973019726,139.35107511638307,144.76105005188165,169.5853865523195,169.5853865523195,169.5853865523195,139.35107511638307,139.35107511638307,139.35107511638307,139.35107511638307,139.35107511638307,139.35107511638307,139.35107511638307,139.35107511638307,139.35107511638307,139.35107511638307,139.35107511638307,139.35107511638307,139.35107511638307,139.35107511638307,145.06830121547,158.58372013413413,147.67563076548282,151.21243675976552,142.1896126473827,145.06830121547,159.96087436183808,147.67563076548282,142.1896126473827,142.1896126473827,145.06830121547,147.67563076548282,139.35107511638307,142.1896126473827,142.1896126473827,142.1896126473827,139.35107511638307,65.15876877909578,66.58807530386751,139.35107511638307,75.95085268319768,139.35107511638307,139.35107511638307,66.58807530386751,139.35107511638307,67.89976132940085,154.84436984223916,75.95085268319768,73.18707938324333,65.15876877909578,73.18707938324333,80.49239090066779,66.58807530386751,79.61833961170134,75.20192175168627,79.61833961170134,76.99283678550484,79.61833961170134,65.15876877909578,80.49239090066779,73.97779426498602,78.94681440560515,77.93232652531799,79.61833961170134,73.18707938324333,81.28232919184401,77.93232652531799,79.61833961170134,80.49239090066779,81.28232919184401,79.61833961170134,75.20192175168627,81.28232919184401,81.28232919184401,81.28232919184401,0.0,81.28232919184401,81.28232919184401,81.28232919184401,81.28232919184401,81.28232919184401,81.28232919184401,81.28232919184401,81.28232919184401,80.49239090066779,81.28232919184401,78.94681440560515,76.99283678550484,79.61833961170134,76.99283678550484,77.93232652531799,66.58807530386751,139.35107511638307,67.89976132940085,76.99283678550484,66.58807530386751,73.97779426498602,147.08496973019726,75.20192175168627,65.15876877909578,69.09847886756535,145.06830121547,67.89976132940085,147.67563076548282,76.99283678550484,75.20192175168627,147.67563076548282,67.89976132940085,139.35107511638307,65.15876877909578,139.35107511638307,142.1896126473827,67.89976132940085,145.06830121547,142.1896126473827,142.1896126473827,139.35107511638307,145.06830121547,159.96087436183808,147.67563076548282,165.00883771602287,147.67563076548282,145.06830121547,159.96087436183808,142.1896126473827,145.06830121547,139.35107511638307,139.35107511638307,139.35107511638307,139.35107511638307,139.35107511638307
147.67563076548282,142.1896126473827,147.08496973019726,169.5853865523195,144.76105005188165,149.4426850182274,139.35107511638307,139.35107511638307,139.35107511638307,139.35107511638307,139.35107511638307,139.35107511638307,139.35107511638307,139.35107511638307,139.35107511638307,139.35107511638307,139.35107511638307,139.35107511638307,139.35107511638307,139.35107511638307,139.35107511638307,139.35107511638307,139.35107511638307,139.35107511638307,139.35107511638307,139.35107511638307,139.35107511638307,139.35107511638307,139.35107511638307,139.35107511638307,147.67563076548282,139.35107511638307,150.31504531760334,142.1896126473827,145.06830121547,150.03160908617906,142.1896126473827,145.06830121547,145.06830121547,142.1896126473827,139.35107511638307,142.1896126473827,142.1896126473827,154.84436984223916,142.1896126473827,150.03160908617906,144.76105005188165,139.35107511638307,139.35107511638307,161.68407963349227,66.58807530386751,69.09847886756535,145.06830121547,66.58807530386751,169.5853865523195,67.89976132940085,70.32708710668275,67.89976132940085,66.58807530386751,73.18707938324333,76.99283678550484,69.09847886756535,142.1896126473827,66.58807530386751,73.97779426498602,73.97779426498602,76.99283678550484,79.61833961170134,77.93232652531799,80.49239090066779,77.93232652531799,76.99283678550484,81.28232919184401,81.28232919184401,81.28232919184401,81.28232919184401,0.0,81.28232919184401,81.28232919184401,81.28232919184401,81.28232919184401,81.28232919184401,79.61833961170134,65.15876877909578,78.94681440560515,69.09847886756535,77.93232652531799,65.15876877909578,73.18707938324333,166.6132948003608,142.1896126473827,66.58807530386751,159.96087436183808,142.1896126473827,65.15876877909578,144.76105005188165,142.1896126473827,144.76105005188165,142.1896126473827,168.17784775427387,66.58807530386751,139.35107511638307,69.09847886756535,139.35107511638307,139.35107511638307,163.0791328548696,147.08496973019726,142.1896126473827,142.1896126473827,142.1896126473827,147.08496973019726,142.1896126473827,147.08496973019726,156.93337800353655,142.1896126473827,144.76105005188165,144.76105005188165,139.35107511638307,139.35107511638307,139.35107511638307,139.35107511638307,139.35107511638307,139.35107511638307,139.35107511638307,139.35107511638307,139.35107511638307,139.35107511638307,139.35107511638307,139.35107511638307,139.35107511638307,139.35107511638307
65.15876877909578,142.1896126473827,142.1896126473827,139.35107511638307,139.35107511638307,145.06830121547,139.35107511638307,139.35107511638307,139.35107511638307,139.35107511638307,139.35107511638307,139.35107511638307,139.35107511638307,139.35107511638307,139.35107511638307,139.35107511638307,139.35107511638307,139.35107511638307,139.35107511638307,139.35107511638307,145.06830121547,161.68407963349227,139.35107511638307,142.1896126473827,165.00883771602287,145.06830121547,145.06830121547,145.06830121547,142.1896126473827,145.06830121547,145.06830121547,142.1896126473827,160.65716102871156,154.84436984223916,158.58372013413413,157.89559560746392,145.06830121547,66.58807530386751,150.31504531760334,66.58807530386751,76.99283678550484,66.58807530386751,147.67563076548282,70.32708710668275,149.4426850182274,73.18707938324333,151.21243675976552,73.97779426498602,65.15876877909578,150.03160908617906,75.20192175168627,79.61833961170134,66.58807530386751,79.61833961170134,67.89976132940085,79.61833961170134,73.18707938324333,73.18707938324333,70.32708710668275,79.61833961170134,77.93232652531799,73.18707938324333,66.58807530386751,75.20192175168627,73.18707938324333,79.61833961170134,73.97779426498602,79.61833961170134,73.18707938324333,79.61833961170134,78.94681440560515,71.25730792455762,73.18707938324333,79.61833961170134,79.61833961170134,81.28232919184401,81.28232919184401,0.0,81.28232919184401,80.49239090066779,81.28232919184401,81.28232919184401,81.28232919184401,79.61833961170134,79.61833961170134,79.61833961170134,73.18707938324333,73.18707938324333,79.61833961170134,73.18707938324333,79.61833961170134,65.15876877909578,73.97779426498602,75.20192175168627,79.61833961170134,73.18707938324333,67.89976132940085,149.4426850182274,75.20192175168627,65.15876877909578,73.18707938324333,65.15876877909578,70.32708710668275,144.76105005188165,73.18707938324333,65.15876877909578,151.21243675976552,69.09847886756535,139.35107511638307,71.25730792455762,65.15876877909578,66.58807530386751,66.58807530386751,150.03160908617906,142.1896126473827,145.06830121547,142.1896126473827,157.89559560746392,157.89559560746392,145.06830121547,139.35107511638307,145.06830121547,161.86598742590354,161.86598742590354,145.06830121547,139.35107511638307,139.35107511638307,139.35107511638307,139.35107511638307,139.35107511638307,139.35107511638307
151.21243675976552,144.76105005188165,149.4426850182274,169.5853865523195,144.76105005188165,149.4426850182274,139.35107511638307,139.35107511638307,139.35107511638307,139.35107511638307,139.35107511638307,139.35107511638307,139.35107511638307,139.35107511638307,139.35107511638307,139.35107511638307,139.35107511638307,139.35107511638307,139.35107511638307,139.35107511638307,139.35107511638307,139.35107511638307,139.35107511638307,139.35107511638307,139.35107511638307,139.35107511638307,142.1896126473827,142.1896126473827,142.1896126473827,145.06830121547,150.03160908617906,157.89559560746392,144.76105005188165,142.1896126473827,142.1896126473827,142.1896126473827,142.1896126473827,142.1896126473827,142.1896126473827,142.1896126473827,142.1896126473827,147.67563076548282,139.35107511638307,142.1896126473827,147.67563076548282,150.03160908617906,142.1896126473827,66.58807530386751,147.67563076548282,157.89559560746392,67.89976132940085,65.15876877909578,145.06830121547,145.06830121547,165.40601723935436,65.15876877909578,149.4426850182274,66.58807530386751,159.96087436183808,75.95085268319768,66.58807530386751,66.58807530386751,66.58807530386751,66.58807530386751,66.58807530386751,80.49239090066779,69.09847886756535,76.99283678550484,66.58807530386751,78.94681440560515,67.89976132940085,75.95085268319768,78.94681440560515,80.49239090066779,79.61833961170134,81.28232919184401,81.28232919184401,81.28232919184401,0.0,81.28232919184401,81.28232919184401,81.28232919184401,81.28232919184401,80.49239090066779,79.61833961170134,75.95085268319768,78.94681440560515,145.06830121547,79.61833961170134,71.25730792455762,75.95085268319768,167.85230888662812,168.59405645886625,165.00883771602287,67.89976132940085,159.96087436183808,66.58807530386751,159.38839631986644,163.0791328548696,169.5853865523195,67.89976132940085,154.21516546937346,70.32708710668275,151.21243675976552,163.0791328548696,161.86598742590354,156.93337800353655,142.1896126473827,151.21243675976552,165.90062072383324,154.21516546937346,154.21516546937346,142.1896126473827,142.1896126473827,142.1896126473827,142.1896126473827,139.35107511638307,145.06830121547,145.06830121547,139.35107511638307,139.35107511638307,139.35107511638307,139.35107511638307,139.35107511638307,139.35107511638307,139.35107511638307,139.35107511638307,139.35107511638307,139.35107511638307,139.35107511638307,139.35107511638307
159.96087436183808,145.06830121547,157.89559560746392,169.5853865523195,144.76105005188165,149.4426850182274,139.35107511638307,139.35107511638307,139.35107511638307,139.35107511638307,139.35107511638307,139.35107511638307,139.35107511638307,139.35107511638307,139.35107511638307,139.35107511638307,139.35107511638307,139.35107511638307,139.35107511638307,139.35107511638307,145.06830121547,139.35107511638307,139.35107511638307,142.1896126473827,139.35107511638307,154.21516546937346,142.1896126473827,139.35107511638307,142.1896126473827,145.06830121547,150.03160908617906,145.06830121547,147.67563076548282,145.06830121547,154.21516546937346,147.67563076548282,147.08496973019726,142.1896126473827,145.06830121547,149.4426850182274,65.15876877909578,66.58807530386751,139.35107511638307,142.1896126473827,147.67563076548282,66.58807530386751,142.1896126473827,66.58807530386751,66.58807530386751,157.89559560746392,75.95085268319768,71.25730792455762,145.06830121547,73.97779426498602,159.38839631986644,77.93232652531799,65.15876877909578,75.95085268319768,70.32708710668275,77.93232652531799,66.58807530386751,73.97779426498602,66.58807530386751,163.0791328548696,139.35107511638307,79.61833961170134,66.58807530386751,77.93232652531799,71.25730792455762,75.95085268319768,73.97779426498602,71.25730792455762,76.99283678550484,79.61833961170134,80.49239090066779,81.28232919184401,81.28232919184401,80.49239090066779,81.28232919184401,0.0,81.28232919184401,81.28232919184401,81.28232919184401,81.28232919184401,80.49239090066779,80.49239090066779,80.49239090066779,71.25730792455762,80.49239090066779,75.95085268319768,77.93232652531799,166.6132948003608,144.76105005188165,66.58807530386751,65.15876877909578,151.21243675976552,66.58807530386751,168.17784775427387,154.21516546937346,168.17784775427387,159.96087436183808,163.0791328548696,75.20192175168627,151.21243675976552,65.15876877909578,73.18707938324333,145.06830121547,151.21243675976552,159.96087436183808,142.1896126473827,163.0791328548696,163.0791328548696,142.1896126473827,142.1896126473827,144.76105005188165,152.42149427310898,147.67563076548282,147.67563076548282,139.35107511638307,144.76105005188165,139.35107511638307,139.35107511638307,139.35107511638307,139.35107511638307,142.1896126473827,139.35107511638307,139.35107511638307,139.35107511638307,139.35107511638307,139.35107511638307,139.35107511638307
161.86598742590354,165.00883771602287,159.96087436183808,169.5853865523195,144.76105005188165,149.4426850182274,139.35107511638307,139.35107511638307,139.35107511638307,139.35107511638307,139.35107511638307,139.35107511638307,139.35107511638307,139.35107511638307,139.35107511638307,139.35107511638307,139.35107511638307,139.35107511638307,139.35107511638307,139.35107511638307,139.35107511638307,139.35107511638307,139.35107511638307,139.35107511638307,139.35107511638307,139.35107511638307,139.35107511638307,139.35107511638307,139.35107511638307,139.35107511638307,147.67563076548282,139.35107511638307,142.1896126473827,142.1896126473827,139.35107511638307,157.89559560746392,145.06830121547,144.76105005188165,142.1896126473827,158.58372013413413,144.76105005188165,139.35107511638307,139.35107511638307,144.76105005188165,144.76105005188165,151.21243675976552,139.35107511638307,139.35107511638307,147.67563076548282,147.67563076548282,66.58807530386751,162.16765637819583,147.67563076548282,147.67563076548282,161.86598742590354,144.76105005188165,65.15876877909578,144.76105005188165,161.86598742590354,66.58807530386751,65.15876877909578,73.97779426498602,67.89976132940085,73.18707938324333,156.31801381575997,66.58807530386751,142.1896126473827,76.99283678550484,67.89976132940085,71.25730792455762,67.89976132940085,78.94681440560515,76.99283678550484,81.28232919184401,81.28232919184401,81.28232919184401,81.28232919184401,81.28232919184401,81.28232919184401,81.28232919184401,0.0,81.28232919184401,81.28232919184401,79.61833961170134,80.49239090066779,77.93232652531799,81.28232919184401,67.89976132940085,73.97779426498602,154.21516546937346,76.99283678550484,166.6132948003608,154.21516546937346,160.65716102871156,65.15876877909578,142.1896126473827,145.06830121547,169.5853865523195,147.67563076548282,168.17784775427387,142.1896126473827,163.57322016106943,75.95085268319768,144.76105005188165,144.76105005188165,154.21516546937346,162.16765637819583,142.1896126473827,142.1896126473827,147.67563076548282,165.00883771602287,159.38869722218828,139.35107511638307,139.35107511638307,145.06830121547,139.35107511638307,147.67563076548282,139.35107511638307,139.35107511638307,139.35107511638307,139.35107511638307,139.35107511638307,139.35107511638307,139.35107511638307,139.35107511638307,139.35107511638307,139.35107511638307,139.35107511638307,139.35107511638307,139.35107511638307,139.35107511638307
139.35107511638307,144.76105005188165,163.0791328548696,169.5853865523195,169.5853865523195,169.5853865523195,139.35107511638307,139.35107511638307,139.35107511638307,139.35107511638307,139.35107511638307,139.35107511638307,139.35107511638307,139.35107511638307,139.35107511638307,139.35107511638307,139.35107511638307,139.35107511638307,139.35107511638307,139.35107511638307,139.35107511638307,139.35107511638307,139.35107511638307,139.35107511638307,139.35107511638307,139.35107511638307,154.84436984223916,154.84436984223916,154.84436984223916,157.89559560746392,144.76105005188165,150.03160908617906,159.38839631986644,139.35107511638307,157.89559560746392,154.21516546937346,142.1896126473827,145.06830121547,147.08496973019726,142.1896126473827,154.21516546937346,139.35107511638307,139.35107511638307,154.84436984223916,142.1896126473827,142.1896126473827,154.84436984223916,73.18707938324333,69.09847886756535,166.73794456362603,65.15876877909578,71.25730792455762,157.89559560746392,73.18707938324333,142.1896126473827,165.00883771602287,65.15876877909578,75.95085268319768,66.58807530386751,78.94681440560515,73.18707938324333,73.97779426498602,73.18707938324333,75.95085268319768,163.57322016106943,80.49239090066779,142.1896126473827,79.61833961170134,75.95085268319768,80.49239090066779,76.99283678550484,76.99283678550484,66.58807530386751,80.49239090066779,79.61833961170134,81.28232919184401,81.28232919184401,81.28232919184401,81.28232919184401,81.28232919184401,81.28232919184401,0.0,81.28232919184401,81.28232919184401,81.28232919184401,81.28232919184401,81.28232919184401,79.61833961170134,81.28232919184401,80.49239090066779,81.28232919184401,75.20192175168627,73.97779426498602,66.58807530386751,78.94681440560515,154.84436984223916,73.18707938324333,152.699681763737,78.94681440560515,65.15876877909578,78.94681440560515,65.15876877909578,80.49239090066779,154.21516546937346,76.99283678550484,75.95085268319768,65.15876877909578,66.58807530386751,158.58372013413413,67.89976132940085,139.35107511638307,158.58372013413413,154.21516546937346,154.84436984223916,147.08496973019726,159.38839631986644,144.76105005188165,165.67902768077838,157.89559560746392,139.35107511638307,139.35107511638307,139.35107511638307,139.35107511638307,139.35107511638307,139.35107511638307,139.35107511638307,139.35107511638307,139.35107511638307,139.35107511638307,139.35107511638307,139.35107511638307
67.89976132940085,147.08496973019726,154.21516546937346,144.76105005188165,144.76105005188165,161.87766521146938,144.76105005188165,144.76105005188165,144.76105005188165,144.76105005188165,144.76105005188165,144.76105005188165,144.76105005188165,144.76105005188165,144.76105005188165,144.76105005188165,144.76105005188165,144.76105005188165,144.76105005188165,144.76105005188165,142.1896126473827,144.76105005188165,144.76105005188165,139.35107511638307,144.76105005188165,151.21243675976552,142.1896126473827,142.1896126473827,142.1896126473827,145.06830121547,144.76105005188165,147.67563076548282,150.31504531760334,139.35107511638307,150.03160908617906,152.42149427310898,142.1896126473827,142.1896126473827,142.1896126473827,142.1896126473827,142.1896126473827,65.15876877909578,139.35107511638307,149.4426850182274,162.16765637819583,67.89976132940085,142.1896126473827,66.58807530386751,67.89976132940085,154.84436984223916,65.15876877909578,77.93232652531799,65.15876877909578,77.93232652531799,139.35107511638307,69.09847886756535,139.35107511638307,75.20192175168627,139.35107511638307,76.99283678550484,73.97779426498602,158.58372013413413,70.32708710668275,77.93232652531799,66.58807530386751,79.61833961170134,71.25730792455762,79.61833961170134,139.35107511638307,81.28232919184401,77.93232652531799,75.95085268319768,65.15876877909578,81.28232919184401,79.61833961170134,81.28232919184401,79.61833961170134,81.28232919184401,81.28232919184401,81.28232919184401,81.28232919184401,81.28232919184401,0.0,81.28232919184401,81.28232919184401,81.28232919184401,81.28232919184401,80.49239090066779,81.28232919184401,67.89976132940085,81.28232919184401,77.93232652531799,66.58807530386751,65.15876877909578,76.99283678550484,150.31504531760334,67.89976132940085,149.4426850182274,78.94681440560515,139.35107511638307,69.09847886756535,144.76105005188165,79.61833961170134,144.76105005188165,79.61833961170134,71.25730792455762,142.1896126473827,78.94681440560515,144.76105005188165,69.09847886756535,65.15876877909578,147.67563076548282,147.67563076548282,147.08496973019726,144.76105005188165,149.4426850182274,144.76105005188165,152.42149427310898,145.06830121547,144.76105005188165,144.76105005188165,144.76105005188165,144.76105005188165,144.76105005188165,144.76105005188165,144.76105005188165,144.76105005188165,144.76105005188165,144.76105005188165,144.76105005188165,144.76105005188165
139.35107511638307,144.76105005188165,139.35107511638307,142.1896126473827,144.76105005188165,151.21243675976552,139.35107511638307,139.35107511638307,139.35107511638307,139.35107511638307,139.35107511638307,139.35107511638307,139.35107511638307,139.35107511638307,139.35107511638307,139.35107511638307,139.35107511638307,139.35107511638307,139.35107511638307,139.35107511638307,139.35107511638307,139.35107511638307,139.35107511638307,139.35107511638307,139.35107511638307,139.35107511638307,144.76105005188165,139.35107511638307,144.76105005188165,147.67563076548282,151.21243675976552,142.1896126473827,139.35107511638307,139.35107511638307,147.67563076548282,154.21516546937346,142.1896126473827,144.76105005188165,139.35107511638307,142.1896126473827,65.15876877909578,144.76105005188165,142.1896126473827,142.1896126473827,159.96087436183808,145.06830121547,139.35107511638307,67.89976132940085,65.15876877909578,161.68407963349227,75.20192175168627,71.25730792455762,145.06830121547,73.18707938324333,163.57322016106943,67.89976132940085,69.09847886756535,65.15876877909578,142.1896126473827,65.15876877909578,73.97779426498602,147.08496973019726,67.89976132940085,78.94681440560515,66.58807530386751,77.93232652531799,66.58807530386751,80.49239090066779,73.97779426498602,80.49239090066779,76.99283678550484,77.93232652531799,77.93232652531799,80.49239090066779,67.89976132940085,81.28232919184401,65.15876877909578,79.61833961170134,80.49239090066779,81.28232919184401,79.61833961170134,81.28232919184401,81.28232919184401,0.0,81.28232919184401,81.28232919184401,81.28232919184401,81.28232919184401,81.28232919184401,81.28232919184401,80.49239090066779,65.15876877909578,75.95085268319768,66.58807530386751,79.61833961170134,70.32708710668275,79.61833961170134,67.89976132940085,66.58807530386751,147.08496973019726,76.99283678550484,65.15876877909578,80.49239090066779,75.95085268319768,70.32708710668275,159.96087436183808,139.35107511638307,78.94681440560515,139.35107511638307,73.97779426498602,69.09847886756535,139.35107511638307,142.1896126473827,142.1896126473827,142.1896126473827,139.35107511638307,139.35107511638307,155.11832453144766,139.35107511638307,144.76105005188165,139.35107511638307,139.35107511638307,139.35107511638307,139.35107511638307,142.1896126473827,139.35107511638307,139.35107511638307,139.35107511638307,139.35107511638307,139.35107511638307,139.35107511638307
162.16765637819583,139.35107511638307,159.96087436183808,169.5853865523195,144.76105005188165,149.4426850182274,139.35107511638307,139.35107511638307,139.35107511638307,139.35107511638307,139.35107511638307,139.35107511638307,139.35107511638307,139.35107511638307,139.35107511638307,139.35107511638307,139.35107511638307,139.35107511638307,139.35107511638307,139.35107511638307,139.35107511638307,139.35107511638307,139.35107511638307,139.35107511638307,139.35107511638307,139.35107511638307,139.35107511638307,139.35107511638307,139.35107511638307,139.35107511638307,139.35107511638307,139.35107511638307,139.35107511638307,144.76105005188165,139.35107511638307,139.35107511638307,147.67563076548282,147.67563076548282,147.67563076548282,158.58372013413413,142.1896126473827,160.65716102871156,144.76105005188165,142.1896126473827,156.93337800353655,144.76105005188165,144.76105005188165,144.76105005188165,142.1896126473827,150.31504531760334,139.35107511638307,139.35107511638307,147.67563076548282,168.59405645886625,161.68407963349227,155.10991547026134,139.35107511638307,144.76105005188165,149.4426850182274,139.35107511638307,147.08496973019726,147.08496973019726,159.96087436183808,67.89976132940085,163.57322016106943,67.89976132940085,163.0791328548696,147.08496973019726,152.699681763737,76.99283678550484,147.08496973019726,75.20192175168627,165.40601723935436,75.20192175168627,65.15876877909578,80.49239090066779,78.94681440560515,79.61833961170134,79.61833961170134,80.49239090066779,80.49239090066779,81.28232919184401,81.28232919184401,81.28232919184401,0.0,81.28232919184401,81.28232919184401,81.28232919184401,81.28232919184401,80.49239090066779,78.94681440560515,73.97779426498602,66.58807530386751,165.00883771602287,77.93232652531799,144.76105005188165,147.67563076548282,169.5853865523195,155.11832453144766,166.6132948003608,65.15876877909578,159.38869722218828,75.95085268319768,147.67563076548282,66.58807530386751,158.58372013413413,169.5853865523195,139.35107511638307,147.08496973019726,142.1896126473827,145.06830121547,156.31801381575997,147.08496973019726,147.67563076548282,147.67563076548282,139.35107511638307,139.35107511638307,139.35107511638307,139.35107511638307,139.35107511638307,139.35107511638307,139.35107511638307,139.35107511638307,139.35107511638307,139.35107511638307,139.35107511638307,139.35107511638307,139.35107511638307,139.35107511638307,139.35107511638307,139.35107511638307
66.58807530386751,144.76105005188165,139.35107511638307,142.1896126473827,142.1896126473827,142.1896126473827,139.35107511638307,139.35107511638307,139.35107511638307,139.35107511638307,139.35107511638307,139.35107511638307,139.35107511638307,139.35107511638307,139.35107511638307,139.35107511638307,139.35107511638307,139.35107511638307,139.35107511638307,139.35107511638307,139.35107511638307,139.35107511638307,139.35107511638307,139.35107511638307,139.35107511638307,139.35107511638307,147.08496973019726,142.1896126473827,147.08496973019726,142.1896126473827,142.1896126473827,154.21516546937346,139.35107511638307,139.35107511638307,151.21243675976552,145.06830121547,147.08496973019726,145.06830121547,139.35107511638307,145.06830121547,147.08496973019726,147.08496973019726,142.1896126473827,142.1896126473827,147.67563076548282,66.58807530386751,139.35107511638307,69.09847886756535,150.03160908617906,157.55424433126018,66.58807530386751,147.08496973019726,145.06830121547,73.18707938324333,147.08496973019726,73.18707938324333,69.09847886756535,65.15876877909578,147.08496973019726,65.15876877909578,139.35107511638307,66.58807530386751,142.1896126473827,66.58807530386751,69.09847886756535,76.99283678550484,66.58807530386751,69.09847886756535,69.09847886756535,79.61833961170134,69.09847886756535,71.25730792455762,69.09847886756535,79.61833961170134,69.09847886756535,81.28232919184401,69.09847886756535,79.61833961170134,75.95085268319768,80.49239090066779,77.93232652531799,81.28232919184401,81.28232919184401,81.28232919184401,81.28232919184401,0.0,81.28232919184401,81.28232919184401,81.28232919184401,81.28232919184401,81.28232919184401,80.49239090066779,76.99283678550484,73.18707938324333,81.28232919184401,73.18707938324333,76.99283678550484,77.93232652531799,79.61833961170134,145.06830121547,80.49239090066779,65.15876877909578,81.28232919184401,77.93232652531799,81.28232919184401,75.20192175168627,65.15876877909578,75.20192175168627,144.76105005188165,76.99283678550484,76.99283678550484,165.40601723935436,65.15876877909578,142.1896126473827,142.1896126473827,139.35107511638307,139.35107511638307,145.06830121547,150.03160908617906,142.1896126473827,139.35107511638307,142.1896126473827,139.35107511638307,139.35107511638307,142.1896126473827,139.35107511638307,139.35107511638307,139.35107511638307,139.35107511638307,139.35107511638307,139.35107511638307
139.35107511638307,142.1896126473827,142.1896126473827,169.5853865523195,169.5853865523195,169.5853865523195,139.35107511638307,139.35107511638307,139.35107511638307,139.35107511638307,139.35107511638307,139.35107511638307,139.35107511638307,139.35107511638307,139.35107511638307,139.35107511638307,139.35107511638307,139.35107511638307,139.35107511638307,139.35107511638307,139.35107511638307,139.35107511638307,139.35107511638307,139.35107511638307,139.35107511638307,139.35107511638307,139.35107511638307,139.35107511638307,139.35107511638307,139.35107511638307,139.35107511638307,139.35107511638307,144.76105005188165,142.1896126473827,142.1896126473827,154.21516546937346,142.1896126473827,145.06830121547,144.76105005188165,147.67563076548282,142.1896126473827,147.67563076548282,139.35107511638307,142.1896126473827,151.21243675976552,144.76105005188165,139.35107511638307,139.35107511638307,142.1896126473827,144.76105005188165,139.35107511638307,139.35107511638307,145.06830121547,66.58807530386751,145.06830121547,65.15876877909578,139.35107511638307,144.76105005188165,149.4426850182274,139.35107511638307,154.84436984223916,142.1896126473827,142.1896126473827,67.89976132940085,163.57322016106943,65.15876877909578,163.0791328548696,67.89976132940085,66.58807530386751,70.32708710668275,69.09847886756535,73.97779426498602,71.25730792455762,66.58807530386751,65.15876877909578,78.94681440560515,77.93232652531799,73.18707938324333,78.94681440560515,80.49239090066779,81.28232919184401,81.28232919184401,81.28232919184401,81.28232919184401,81.28232919184401,81.28232919184401,0.0,81.28232919184401,81.28232919184401,81.28232919184401,81.28232919184401,79.61833961170134,66.58807530386751,145.06830121547,65.15876877909578,69.09847886756535,75.20192175168627,159.38839631986644,66.58807530386751,154.84436984223916,75.95085268319768,65.15876877909578,78.94681440560515,67.89976132940085,71.25730792455762,65.15876877909578,66.58807530386751,67.89976132940085,156.31801381575997,71.25730792455762,145.06830121547,157.55424433126018,145.06830121547,142.1896126473827,142.1896126473827,152.42149427310898,139.35107511638307,139.35107511638307,139.35107511638307,139.35107511638307,139.35107511638307,139.35107511638307,139.35107511638307,139.35107511638307,139.35107511638307,139.35107511638307,139.35107511638307,139.35107511638307,139.35107511638307,139.35107511638307,139.35107511638307
150.31504531760334,142.1896126473827,165.40601723935436,169.5853865523195,169.5853865523195,169.5853865523195,139.35107511638307,139.35107511638307,139.35107511638307,139.35107511638307,139.35107511638307,139.35107511638307,139.35107511638307,139.35107511638307,139.35107511638307,139.35107511638307,139.35107511638307,139.35107511638307,139.35107511638307,139.35107511638307,139.35107511638307,139.35107511638307,139.35107511638307,139.35107511638307,139.35107511638307,139.35107511638307,139.35107511638307,139.35107511638307,139.35107511638307,139.35107511638307,139.35107511638307,139.35107511638307,139.35107511638307,139.35107511638307,139.35107511638307,139.35107511638307,139.35107511638307,142.1896126473827,144.76105005188165,151.21243675976552,142.1896126473827,144.76105005188165,152.699681763737,139.35107511638307,139.35107511638307,144.76105005188165,139.35107511638307,142.1896126473827,145.06830121547,155.11832453144766,142.1896126473827,147.08496973019726,142.1896126473827,142.1896126473827,142.1896126473827,144.76105005188165,144.76105005188165,144.76105005188165,142.1896126473827,147.67563076548282,144.76105005188165,147.08496973019726,147.67563076548282,142.1896126473827,156.31801381575997,142.1896126473827,154.21516546937346,145.06830121547,150.31504531760334,67.89976132940085,66.58807530386751,71.25730792455762,167.85230888662812,65.15876877909578,169.5853865523195,76.99283678550484,65.15876877909578,73.18707938324333,145.06830121547,71.25730792455762,67.89976132940085,79.61833961170134,80.49239090066779,81.28232919184401,81.28232919184401,81.28232919184401,81.28232919184401,0.0,81.28232919184401,81.28232919184401,81.28232919184401,80.49239090066779,78.94681440560515,73.18707938324333,67.89976132940085,67.89976132940085,66.58807530386751,150.03160908617906,66.58807530386751,154.84436984223916,73.18707938324333,154.84436984223916,78.94681440560515,65.15876877909578,65.15876877909578,139.35107511638307,157.89559560746392,151.21243675976552,158.58372013413413,66.58807530386751,154.84436984223916,155.11832453144766,142.1896126473827,150.31504531760334,139.35107511638307,139.35107511638307,139.35107511638307,139.35107511638307,139.35107511638307,139.35107511638307,139.35107511638307,139.35107511638307,139.35107511638307,139.35107511638307,139.35107511638307,139.35107511638307,139.35107511638307,139.35107511638307,139.35107511638307,139.35107511638307,139.35107511638307
73.97779426498602,147.67563076548282,144.76105005188165,156.31801381575997,150.31504531760334,171.51576041220346,156.93337800353655,156.93337800353655,156.93337800353655,156.93337800353655,156.93337800353655,156.93337800353655,156.93337800353655,156.93337800353655,156.93337800353655,156.93337800353655,156.93337800353655,156.93337800353655,156.93337800353655,156.93337800353655,156.93337800353655,156.93337800353655,156.93337800353655,156.93337800353655,156.93337800353655,156.93337800353655,147.08496973019726,139.35107511638307,154.84436984223916,147.08496973019726,151.21243675976552,151.21243675976552,144.76105005188165,139.35107511638307,147.67563076548282,147.67563076548282,139.35107511638307,147.67563076548282,139.35107511638307,139.35107511638307,65.15876877909578,139.35107511638307,139.35107511638307,65.15876877909578,152.699681763737,67.89976132940085,139.35107511638307,144.76105005188165,142.1896126473827,152.699681763737,139.35107511638307,67.89976132940085,150.03160908617906,67.89976132940085,159.38839631986644,73.97779426498602,65.15876877909578,65.15876877909578,149.4426850182274,69.09847886756535,147.08496973019726,69.09847886756535,139.35107511638307,78.94681440560515,65.15876877909578,69.09847886756535,69.09847886756535,79.61833961170134,69.09847886756535,77.93232652531799,75.20192175168627,71.25730792455762,144.76105005188165,80.49239090066779,65.15876877909578,79.61833961170134,73.18707938324333,79.61833961170134,79.61833961170134,80.49239090066779,73.97779426498602,81.28232919184401,81.28232919184401,81.28232919184401,81.28232919184401,81.28232919184401,81.28232919184401,81.28232919184401,0.0,81.28232919184401,81.28232919184401,81.28232919184401,81.28232919184401,80.49239090066779,81.28232919184401,71.25730792455762,80.49239090066779,78.94681440560515,80.49239090066779,77.93232652531799,73.18707938324333,145.06830121547,81.28232919184401,79.61833961170134,81.28232919184401,79.61833961170134,67.89976132940085,77.93232652531799,69.09847886756535,76.99283678550484,75.20192175168627,161.87766521146938,142.1896126473827,150.03160908617906,142.1896126473827,139.35107511638307,139.35107511638307,159.96087436183808,139.35107511638307,144.76105005188165,156.93337800353655,156.93337800353655,139.35107511638307,139.35107511638307,142.1896126473827,156.93337800353655,156.93337800353655,156.93337800353655,156.93337800353655,156.93337800353655,156.93337800353655
65.15876877909578,156.31801381575997,156.31801381575997,139.35107511638307,139.35107511638307,145.06830121547,142.1896126473827,142.1896126473827,142.1896126473827,142.1896126473827,142.1896126473827,142.1896126473827,142.1896126473827,142.1896126473827,142.1896126473827,142.1896126473827,142.1896126473827,142.1896126473827,142.1896126473827,142.1896126473827,142.1896126473827,142.1896126473827,142.1896126473827,142.1896126473827,142.1896126473827,142.1896126473827,142.1896126473827,142.1896126473827,142.1896126473827,142.1896126473827,142.1896126473827,142.1896126473827,142.1896126473827,154.21516546937346,142.1896126473827,142.1896126473827,154.21516546937346,157.89559560746392,139.35107511638307,142.1896126473827,159.96087436183808,144.76105005188165,150.03160908617906,156.31801381575997,163.7452316982305,142.1896126473827,151.21243675976552,147.67563076548282,150.31504531760334,149.4426850182274,144.76105005188165,151.21243675976552,144.76105005188165,163.7452316982305,156.31801381575997,151.21243675976552,152.42149427310898,154.21516546937346,156.31801381575997,163.7452316982305,154.21516546937346,154.21516546937346,154.21516546937346,154.21516546937346,147.67563076548282,71.25730792455762,156.93337800353655,65.15876877909578,154.21516546937346,66.58807530386751,156.93337800353655,71.25730792455762,144.76105005188165,73.97779426498602,158.58372013413413,76.99283678550484,166.6132948003608,73.18707938324333,71.25730792455762,75.95085268319768,154.21516546937346,80.49239090066779,67.89976132940085,81.28232919184401,80.49239090066779,81.28232919184401,81.28232919184401,81.28232919184401,81.28232919184401,0.0,81.28232919184401,81.28232919184401,81.28232919184401,77.93232652531799,80.49239090066779,75.95085268319768,77.93232652531799,69.09847886756535,79.61833961170134,142.1896126473827,79.61833961170134,66.58807530386751,81.28232919184401,65.15876877909578,142.1896126473827,75.95085268319768,67.89976132940085,75.20192175168627,65.15876877909578,73.97779426498602,66.58807530386751,66.58807530386751,142.1896126473827,139.35107511638307,142.1896126473827,142.1896126473827,142.1896126473827,142.1896126473827,142.1896126473827,142.1896126473827,142.1896126473827,142.1896126473827,142.1896126473827,142.1896126473827,142.1896126473827,142.1896126473827,142.1896126473827,142.1896126473827,142.1896126473827,142.1896126473827,142.1896126473827
76.99283678550484,66.58807530386751,166.6132948003608,161.86598742590354,161.86598742590354,161.86598742590354,165.40601723935436,165.40601723935436,142.1896126473827,154.84436984223916,154.21516546937346,158.58372013413413,144.76105005188165,142.1896126473827,154.21516546937346,144.76105005188165,171.40082473091195,169.8165983821928,166.6132948003608,166.6132948003608,169.5853865523195,169.5853865523195,166.6132948003608,169.5853865523195,169.5853865523195,169.5853865523195,142.1896126473827,142.1896126473827,142.1896126473827,145.06830121547,145.06830121547,145.06830121547,150.31504531760334,151.21243675976552,154.21516546937346,161.68407963349227,139.35107511638307,142.1896126473827,147.08496973019726,139.35107511638307,147.67563076548282,139.35107511638307,139.35107511638307,142.1896126473827,139.35107511638307,67.89976132940085,149.4426850182274,66.58807530386751,66.58807530386751,157.55424433126018,71.25730792455762,144.76105005188165,145.06830121547,71.25730792455762,139.35107511638307,75.95085268319768,144.76105005188165,77.93232652531799,65.15876877909578,75.95085268319768,70.32708710668275,77.93232652531799,66.58807530386751,77.93232652531799,147.67563076548282,79.61833961170134,69.09847886756535,69.09847886756535,70.32708710668275,76.99283678550484,73.18707938324333,77.93232652531799,65.15876877909578,71.25730792455762,67.89976132940085,77.93232652531799,142.1896126473827,79.61833961170134,75.95085268319768,77.93232652531799,76.99283678550484,81.28232919184401,81.28232919184401,80.49239090066779,78.94681440560515,81.28232919184401,81.28232919184401,81.28232919184401,81.28232919184401,81.28232919184401,0.0,81.28232919184401,81.28232919184401,81.28232919184401,81.28232919184401,81.28232919184401,81.28232919184401,79.61833961170134,81.28232919184401,80.49239090066779,81.28232919184401,81.28232919184401,81.28232919184401,80.49239090066779,81.28232919184401,81.28232919184401,77.93232652531799,81.28232919184401,80.49239090066779,81.28232919184401,81.28232919184401,79.61833961170134,66.58807530386751,147.08496973019726,145.06830121547,161.68407963349227,150.31504531760334,152.42149427310898,145.06830121547,145.06830121547,166.6132948003608,145.06830121547,169.5853865523195,169.5853865523195,145.06830121547,166.6132948003608,166.6132948003608,166.6132948003608,166.6132948003608,166.6132948003608,166.6132948003608
67.89976132940085,158.58372013413413,162.16765637819583,144.76105005188165,144.76105005188165,142.1896126473827,139.35107511638307,139.35107511638307,139.35107511638307,139.35107511638307,139.35107511638307,139.35107511638307,139.35107511638307,139.35107511638307,139.35107511638307,139.35107511638307,139.35107511638307,139.35107511638307,139.35107511638307,139.35107511638307,142.1896126473827,142.1896126473827,139.35107511638307,142.1896126473827,142.1896126473827,142.1896126473827,142.1896126473827,142.1896126473827,142.1896126473827,142.1896126473827,142.1896126473827,142.1896126473827,142.1896126473827,142.1896126473827,142.1896126473827,142.1896126473827,142.1896126473827,142.1896126473827,145.06830121547,142.1896126473827,139.35107511638307,142.1896126473827,163.1509018756485,142.1896126473827,142.1896126473827,147.67563076548282,142.1896126473827,144.76105005188165,139.35107511638307,142.1896126473827,145.06830121547,150.03160908617906,142.1896126473827,145.06830121547,144.76105005188165,144.76105005188165,147.08496973019726,139.35107511638307,142.1896126473827,139.35107511638307,156.31801381575997,150.03160908617906,142.1896126473827,145.06830121547,142.1896126473827,159.38869722218828,142.1896126473827,159.96087436183808,154.84436984223916,73.18707938324333,161.86598742590354,151.21243675976552,154.84436984223916,66.58807530386751,144.76105005188165,66.58807530386751,66.58807530386751,65.15876877909578,167.85230888662812,166.6132948003608,166.6132948003608,75.20192175168627,77.93232652531799,65.15876877909578,73.97779426498602,80.49239090066779,79.61833961170134,80.49239090066779,81.28232919184401,81.28232919184401,81.28232919184401,0.0,81.28232919184401,81.28232919184401,80.49239090066779,81.28232919184401,80.49239090066779,80.49239090066779,77.93232652531799,79.61833961170134,76.99283678550484,66.58807530386751,81.28232919184401,67.89976132940085,79.61833961170134,75.95085268319768,156.93337800353655,79.61833961170134,65.15876877909578,75.20192175168627,67.89976132940085,65.15876877909578,142.1896126473827,160.65716102871156,142.1896126473827,142.1896126473827,142.1896126473827,142.1896126473827,142.1896126473827,142.1896126473827,139.35107511638307,142.1896126473827,142.1896126473827,142.1896126473827,142.1896126473827,139.35107511638307,139.35107511638307,139.35107511638307,139.35107511638307,139.35107511638307,139.35107511638307
147.67563076548282,139.35107511638307,159.38869722218828,145.06830121547,159.38869722218828,154.21516546937346,147.67563076548282,147.67563076548282,147.67563076548282,147.67563076548282,147.67563076548282,147.67563076548282,147.67563076548282,147.67563076548282,147.67563076548282,147.67563076548282,147.67563076548282,147.67563076548282,147.67563076548282,147.67563076548282,163.57322016106943,147.67563076548282,147.67563076548282,163.57322016106943,147.67563076548282,163.57322016106943,163.57322016106943,163.57322016106943,163.57322016106943,163.57322016106943,163.57322016106943,163.57322016106943,163.57322016106943,163.57322016106943,163.57322016106943,163.57322016106943,163.57322016106943,145.06830121547,145.06830121547,159.38869722218828,159.96087436183808,142.1896126473827,150.03160908617906,142.1896126473827,163.57322016106943,142.1896126473827,142.1896126473827,145.06830121547,147.67563076548282,152.42149427310898,142.1896126473827,165.00883771602287,142.1896126473827,145.06830121547,145.06830121547,142.1896126473827,150.03160908617906,159.96087436183808,159.38869722218828,159.96087436183808,159.38869722218828,165.00883771602287,152.42149427310898,147.67563076548282,145.06830121547,142.1896126473827,154.21516546937346,147.67563076548282,145.06830121547,66.58807530386751,150.03160908617906,144.76105005188165,142.1896126473827,66.58807530386751,142.1896126473827,139.35107511638307,159.96087436183808,73.97779426498602,168.59405645886625,144.76105005188165,154.21516546937346,73.97779426498602,66.58807530386751,75.95085268319768,66.58807530386751,76.99283678550484,66.58807530386751,78.94681440560515,81.28232919184401,81.28232919184401,81.28232919184401,81.28232919184401,0.0,81.28232919184401,81.28232919184401,81.28232919184401,81.28232919184401,81.28232919184401,80.49239090066779,79.61833961170134,79.61833961170134,77.93232652531799,80.49239090066779,67.89976132940085,67.89976132940085,73.97779426498602,145.06830121547,147.67563076548282,168.59405645886625,65.15876877909578,66.58807530386751,159.38869722218828,145.06830121547,147.67563076548282,163.57322016106943,163.57322016106943,163.57322016106943,163.57322016106943,163.57322016106943,147.67563076548282,147.67563076548282,147.67563076548282,147.67563076548282,147.67563076548282,147.67563076548282,147.67563076548282,147.67563076548282,147.67563076548282,147.67563076548282,147.67563076548282,147.67563076548282
144.76105005188165,139.35107511638307,139.35107511638307,164.6769332014403,152.699681763737,271.083876332554,144.76105005188165,144.76105005188165,144.76105005188165,144.76105005188165,144.76105005188165,144.76105005188165,144.76105005188165,144.76105005188165,144.76105005188165,144.76105005188165,144.76105005188165,144.76105005188165,144.76105005188165,144.76105005188165,154.21516546937346,144.76105005188165,144.76105005188165,154.21516546937346,144.76105005188165,154.21516546937346,154.21516546937346,154.21516546937346,154.21516546937346,154.21516546937346,154.21516546937346,154.21516546937346,154.21516546937346,154.21516546937346,154.21516546937346,154.21516546937346,154.21516546937346,144.76105005188165,142.1896126473827,145.06830121547,142.1896126473827,139.35107511638307,154.21516546937346,147.67563076548282,154.21516546937346,144.76105005188165,154.21516546937346,142.1896126473827,142.1896126473827,144.76105005188165,139.35107511638307,154.21516546937346,139.35107511638307,157.89559560746392,159.38869722218828,147.08496973019726,142.1896126473827,142.1896126473827,144.76105005188165,142.1896126473827,145.06830121547,157.89559560746392,145.06830121547,157.89559560746392,142.1896126473827,161.86598742590354,145.06830121547,66.58807530386751,154.21516546937346,144.76105005188165,157.89559560746392,144.76105005188165,139.35107511638307,139.35107511638307,147.67563076548282,67.89976132940085,142.1896126473827,75.20192175168627,165.00883771602287,66.58807530386751,160.65716102871156,66.58807530386751,65.15876877909578,66.58807530386751,165.00883771602287,73.18707938324333,145.06830121547,73.18707938324333,80.49239090066779,77.93232652531799,81.28232919184401,81.28232919184401,81.28232919184401,0.0,81.28232919184401,81.28232919184401,81.28232919184401,81.28232919184401,81.28232919184401,81.28232919184401,80.49239090066779,80.49239090066779,80.49239090066779,71.25730792455762,76.99283678550484,142.1896126473827,66.58807530386751,76.99283678550484,152.699681763737,65.15876877909578,139.35107511638307,161.68407963349227,145.06830121547,142.1896126473827,154.21516546937346,154.21516546937346,154.21516546937346,154.21516546937346,154.21516546937346,144.76105005188165,144.76105005188165,144.76105005188165,144.76105005188165,144.76105005188165,144.76105005188165,144.76105005188165,144.76105005188165,144.76105005188165,144.76105005188165,144.76105005188165,144.76105005188165
76.99283678550484,165.90062072383324,158.58372013413413,161.86598742590354,161.86598742590354,139.35107511638307,165.40601723935436,164.48956708672387,142.1896126473827,154.84436984223916,147.67563076548282,158.58372013413413,144.76105005188165,142.1896126473827,147.67563076548282,144.76105005188165,166.6132948003608,166.6132948003608,139.35107511638307,139.35107511638307,139.35107511638307,139.35107511638307,139.35107511638307,139.35107511638307,139.35107511638307,139.35107511638307,139.35107511638307,139.35107511638307,139.35107511638307,142.1896126473827,147.08496973019726,154.84436984223916,150.31504531760334,144.76105005188165,147.67563076548282,165.40601723935436,147.67563076548282,142.1896126473827,145.06830121547,144.76105005188165,139.35107511638307,142.1896126473827,144.76105005188165,142.1896126473827,147.67563076548282,142.1896126473827,144.76105005188165,65.15876877909578,142.1896126473827,155.11832453144766,142.1896126473827,144.76105005188165,145.06830121547,142.1896126473827,147.67563076548282,67.89976132940085,139.35107511638307,67.89976132940085,142.1896126473827,142.1896126473827,139.35107511638307,66.58807530386751,66.58807530386751,142.1896126473827,147.67563076548282,71.25730792455762,142.1896126473827,73.18707938324333,142.1896126473827,67.89976132940085,144.76105005188165,67.89976132940085,142.1896126473827,67.89976132940085,139.35107511638307,76.99283678550484,65.15876877909578,79.61833961170134,67.89976132940085,65.15876877909578,65.15876877909578,78.94681440560515,76.99283678550484,79.61833961170134,77.93232652531799,81.28232919184401,65.15876877909578,67.89976132940085,81.28232919184401,80.49239090066779,81.28232919184401,80.49239090066779,81.28232919184401,81.28232919184401,0.0,81.28232919184401,81.28232919184401,81.28232919184401,81.28232919184401,80.49239090066779,81.28232919184401,81.28232919184401,81.28232919184401,79.61833961170134,81.28232919184401,81.28232919184401,79.61833961170134,81.28232919184401,78.94681440560515,81.28232919184401,81.28232919184401,78.94681440560515,145.06830121547,150.31504531760334,142.1896126473827,144.76105005188165,144.76105005188165,149.4426850182274,142.1896126473827,139.35107511638307,139.35107511638307,139.35107511638307,139.35107511638307,139.35107511638307,139.35107511638307,139.35107511638307,139.35107511638307,139.35107511638307,139.35107511638307,139.35107511638307,139.35107511638307
67.89976132940085,154.84436984223916,139.35107511638307,144.76105005188165,144.76105005188165,152.42149427310898,154.84436984223916,154.84436984223916,154.84436984223916,154.84436984223916,154.84436984223916,154.84436984223916,154.84436984223916,154.84436984223916,154.84436984223916,154.84436984223916,154.84436984223916,154.84436984223916,154.84436984223916,154.84436984223916,157.89559560746392,157.89559560746392,154.84436984223916,157.89559560746392,157.89559560746392,157.89559560746392,159.96087436183808,159.96087436183808,159.96087436183808,159.96087436183808,159.96087436183808,159.96087436183808,159.96087436183808,142.1896126473827,159.96087436183808,159.96087436183808,142.1896126473827,142.1896126473827,144.76105005188165,139.35107511638307,149.4426850182274,154.84436984223916,139.35107511638307,145.06830121547,151.21243675976552,147.67563076548282,139.35107511638307,155.11832453144766,149.4426850182274,142.1896126473827,157.89559560746392,156.93337800353655,142.1896126473827,150.03160908617906,147.08496973019726,147.08496973019726,151.21243675976552,149.4426850182274,142.1896126473827,149.4426850182274,156.31801381575997,156.31801381575997,151.21243675976552,152.699681763737,151.21243675976552,65.15876877909578,152.42149427310898,152.699681763737,150.03160908617906,150.31504531760334,147.67563076548282,65.15876877909578,159.38839631986644,144.76105005188165,147.08496973019726,66.58807530386751,144.76105005188165,73.18707938324333,159.96087436183808,151.21243675976552,142.1896126473827,154.84436984223916,150.31504531760334,70.32708710668275,144.76105005188165,73.18707938324333,69.09847886756535,67.89976132940085,71.25730792455762,75.95085268319768,81.28232919184401,81.28232919184401,81.28232919184401,81.28232919184401,81.28232919184401,0.0,81.28232919184401,81.28232919184401,81.28232919184401,81.28232919184401,81.28232919184401,81.28232919184401,81.28232919184401,73.97779426498602,79.61833961170134,80.49239090066779,73.18707938324333,80.49239090066779,73.18707938324333,73.18707938324333,75.20192175168627,70.32708710668275,147.67563076548282,142.1896126473827,159.96087436183808,159.96087436183808,159.96087436183808,159.96087436183808,159.96087436183808,159.96087436183808,154.84436984223916,159.96087436183808,157.89559560746392,157.89559560746392,159.96087436183808,154.84436984223916,154.84436984223916,154.84436984223916,154.84436984223916,154.84436984223916,154.84436984223916
75.95085268319768,66.58807530386751,158.58372013413413,159.96087436183808,159.96087436183808,139.35107511638307,151.21243675976552,147.08496973019726,145.06830121547,144.76105005188165,145.06830121547,144.76105005188165,139.35107511638307,145.06830121547,145.06830121547,142.1896126473827,150.31504531760334,147.67563076548282,144.76105005188165,144.76105005188165,154.84436984223916,150.31504531760334,144.76105005188165,154.84436984223916,150.31504531760334,154.84436984223916,139.35107511638307,139.35107511638307,139.35107511638307,142.1896126473827,147.08496973019726,154.84436984223916,168.17784775427387,145.06830121547,165.40601723935436,165.40601723935436,145.06830121547,145.06830121547,142.1896126473827,145.06830121547,142.1896126473827,144.76105005188165,142.1896126473827,154.21516546937346,154.21516546937346,145.06830121547,142.1896126473827,65.15876877909578,144.76105005188165,147.67563076548282,144.76105005188165,142.1896126473827,144.76105005188165,159.38869722218828,150.31504531760334,142.1896126473827,142.1896126473827,145.06830121547,152.42149427310898,161.86598742590354,145.06830121547,145.06830121547,145.06830121547,145.06830121547,145.06830121547,66.58807530386751,145.06830121547,66.58807530386751,145.06830121547,69.09847886756535,66.58807530386751,154.21516546937346,142.1896126473827,142.1896126473827,144.76105005188165,73.97779426498602,142.1896126473827,67.89976132940085,66.58807530386751,66.58807530386751,145.06830121547,73.18707938324333,67.89976132940085,79.61833961170134,147.67563076548282,76.99283678550484,75.20192175168627,66.58807530386751,80.49239090066779,77.93232652531799,81.28232919184401,80.49239090066779,81.28232919184401,81.28232919184401,81.28232919184401,81.28232919184401,0.0,81.28232919184401,81.28232919184401,81.28232919184401,81.28232919184401,81.28232919184401,81.28232919184401,81.28232919184401,81.28232919184401,81.28232919184401,79.61833961170134,81.28232919184401,78.94681440560515,80.49239090066779,79.61833961170134,78.94681440560515,145.06830121547,142.1896126473827,163.57322016106943,168.17784775427387,154.84436984223916,149.4426850182274,142.1896126473827,150.31504531760334,144.76105005188165,150.31504531760334,150.31504531760334,150.31504531760334,150.31504531760334,144.76105005188165,144.76105005188165,144.76105005188165,144.76105005188165,144.76105005188165,144.76105005188165
147.08496973019726,147.08496973019726,139.35107511638307,145.06830121547,159.38869722218828,154.21516546937346,147.08496973019726,147.08496973019726,147.08496973019726,147.08496973019726,147.08496973019726,147.08496973019726,147.08496973019726,147.08496973019726,147.08496973019726,147.08496973019726,147.08496973019726,147.08496973019726,147.08496973019726,147.08496973019726,147.08496973019726,147.08496973019726,147.08496973019726,147.08496973019726,147.08496973019726,147.08496973019726,147.08496973019726,147.08496973019726,147.08496973019726,147.08496973019726,147.08496973019726,147.08496973019726,147.08496973019726,169.5853865523195,147.08496973019726,147.08496973019726,169.5853865523195,169.5853865523195,169.5853865523195,169.5853865523195,144.76105005188165,169.5853865523195,169.5853865523195,165.40601723935436,169.5853865523195,166.73794456362603,169.5853865523195,150.31504531760334,144.76105005188165,169.5853865523195,164.48956708672387,156.93337800353655,169.5853865523195,158.58372013413413,169.5853865523195,150.31504531760334,152.699681763737,144.76105005188165,166.6132948003608,144.76105005188165,162.16765637819583,166.73794456362603,150.31504531760334,166.6132948003608,147.67563076548282,159.38839631986644,147.67563076548282,147.08496973019726,162.16765637819583,150.03160908617906,167.85230888662812,152.699681763737,166.6132948003608,147.08496973019726,150.31504531760334,147.08496973019726,144.76105005188165,149.4426850182274,159.38839631986644,168.17784775427387,169.5853865523195,152.699681763737,149.4426850182274,67.89976132940085,169.5853865523195,77.93232652531799,159.38839631986644,150.03160908617906,78.94681440560515,69.09847886756535,79.61833961170134,80.49239090066779,81.28232919184401,81.28232919184401,81.28232919184401,81.28232919184401,81.28232919184401,0.0,81.28232919184401,81.28232919184401,81.28232919184401,81.28232919184401,81.28232919184401,81.28232919184401,80.49239090066779,79.61833961170134,79.61833961170134,79.61833961170134,66.58807530386751,69.09847886756535,70.32708710668275,150.03160908617906,158.58372013413413,169.5853865523195,147.08496973019726,147.08496973019726,147.08496973019726,147.08496973019726,147.08496973019726,147.08496973019726,147.08496973019726,147.08496973019726,147.08496973019726,147.08496973019726,147.08496973019726,147.08496973019726,147.08496973019726,147.08496973019726,147.08496973019726,147.08496973019726,147.08496973019726
76.99283678550484,150.31504531760334,163.57322016106943,142.1896126473827,156.31801381575997,151.21243675976552,161.87766521146938,157.55424433126018,142.1896126473827,154.84436984223916,154.21516546937346,155.11832453144766,144.76105005188165,142.1896126473827,154.21516546937346,144.76105005188165,158.58372013413413,158.58372013413413,158.58372013413413,158.58372013413413,165.67902768077838,165.67902768077838,158.58372013413413,165.67902768077838,165.67902768077838,165.67902768077838,165.67902768077838,165.67902768077838,165.67902768077838,165.67902768077838,165.67902768077838,165.67902768077838,165.67902768077838,152.42149427310898,165.67902768077838,165.67902768077838,152.42149427310898,157.89559560746392,147.67563076548282,142.1896126473827,142.1896126473827,160.65716102871156,149.4426850182274,154.84436984223916,161.87766521146938,157.89559560746392,142.1896126473827,147.67563076548282,142.1896126473827,154.21516546937346,161.68407963349227,154.21516546937346,145.06830121547,145.06830121547,150.03160908617906,142.1896126473827,150.03160908617906,142.1896126473827,152.42149427310898,142.1896126473827,159.38869722218828,159.38869722218828,147.67563076548282,147.67563076548282,145.06830121547,70.32708710668275,145.06830121547,147.67563076548282,145.06830121547,147.67563076548282,145.06830121547,66.58807530386751,154.21516546937346,73.18707938324333,142.1896126473827,75.20192175168627,142.1896126473827,75.20192175168627,163.0791328548696,154.21516546937346,147.67563076548282,78.94681440560515,78.94681440560515,66.58807530386751,155.11832453144766,79.61833961170134,66.58807530386751,66.58807530386751,80.49239090066779,79.61833961170134,81.28232919184401,77.93232652531799,80.49239090066779,81.28232919184401,81.28232919184401,81.28232919184401,81.28232919184401,81.28232919184401,0.0,81.28232919184401,81.28232919184401,81.28232919184401,81.28232919184401,81.28232919184401,81.28232919184401,81.28232919184401,79.61833961170134,81.28232919184401,78.94681440560515,81.28232919184401,79.61833961170134,78.94681440560515,154.21516546937346,152.42149427310898,165.67902768077838,165.67902768077838,165.67902768077838,165.67902768077838,165.67902768077838,165.67902768077838,158.58372013413413,165.67902768077838,165.67902768077838,165.67902768077838,165.67902768077838,158.58372013413413,158.58372013413413,158.58372013413413,158.58372013413413,158.58372013413413,158.58372013413413
69.09847886756535,152.699681763737,161.68407963349227,147.08496973019726,147.08496973019726,142.1896126473827,139.35107511638307,139.35107511638307,139.35107511638307,139.35107511638307,139.35107511638307,139.35107511638307,139.35107511638307,139.35107511638307,139.35107511638307,139.35107511638307,139.35107511638307,139.35107511638307,139.35107511638307,139.35107511638307,151.21243675976552,151.21243675976552,139.35107511638307,151.21243675976552,151.21243675976552,151.21243675976552,169.5853865523195,169.5853865523195,169.5853865523195,169.5853865523195,169.5853865523195,169.5853865523195,169.5853865523195,169.5853865523195,169.5853865523195,169.5853865523195,169.5853865523195,139.35107511638307,142.1896126473827,142.1896126473827,159.96087436183808,142.1896126473827,169.5853865523195,142.1896126473827,169.5853865523195,144.76105005188165,169.5853865523195,154.21516546937346,139.35107511638307,139.35107511638307,139.35107511638307,151.21243675976552,142.1896126473827,151.21243675976552,144.76105005188165,159.38839631986644,139.35107511638307,154.84436984223916,139.35107511638307,159.38839631986644,154.84436984223916,154.84436984223916,142.1896126473827,158.58372013413413,154.84436984223916,166.6132948003608,154.21516546937346,163.57322016106943,154.84436984223916,164.48956708672387,161.86598742590354,151.21243675976552,142.1896126473827,158.58372013413413,163.57322016106943,65.15876877909578,168.17784775427387,65.15876877909578,169.5853865523195,168.17784775427387,168.17784775427387,65.15876877909578,139.35107511638307,147.08496973019726,166.6132948003608,145.06830121547,154.84436984223916,154.84436984223916,77.93232652531799,142.1896126473827,80.49239090066779,79.61833961170134,79.61833961170134,81.28232919184401,80.49239090066779,81.28232919184401,81.28232919184401,81.28232919184401,81.28232919184401,0.0,81.28232919184401,81.28232919184401,81.28232919184401,81.28232919184401,81.28232919184401,77.93232652531799,78.94681440560515,81.28232919184401,79.61833961170134,75.20192175168627,65.15876877909578,77.93232652531799,142.1896126473827,169.5853865523195,169.5853865523195,169.5853865523195,169.5853865523195,169.5853865523195,169.5853865523195,169.5853865523195,139.35107511638307,169.5853865523195,151.21243675976552,151.21243675976552,169.5853865523195,139.35107511638307,139.35107511638307,139.35107511638307,139.35107511638307,139.35107511638307,139.35107511638307
80.49239090066779,65.15876877909578,156.31801381575997,168.17784775427387,162.16765637819583,169.5853865523195,163.7452316982305,159.38839631986644,157.89559560746392,156.93337800353655,157.89559560746392,156.93337800353655,150.31504531760334,147.67563076548282,157.89559560746392,147.67563076548282,150.31504531760334,147.67563076548282,142.1896126473827,142.1896126473827,142.1896126473827,142.1896126473827,142.1896126473827,142.1896126473827,142.1896126473827,142.1896126473827,142.1896126473827,142.1896126473827,142.1896126473827,142.1896126473827,142.1896126473827,142.1896126473827,142.1896126473827,142.1896126473827,142.1896126473827,142.1896126473827,142.1896126473827,142.1896126473827,142.1896126473827,150.03160908617906,154.84436984223916,142.1896126473827,139.35107511638307,139.35107511638307,151.21243675976552,139.35107511638307,139.35107511638307,147.67563076548282,149.4426850182274,144.76105005188165,145.06830121547,144.76105005188165,142.1896126473827,145.06830121547,142.1896126473827,144.76105005188165,147.08496973019726,147.67563076548282,145.06830121547,157.89559560746392,147.67563076548282,147.67563076548282,147.67563076548282,144.76105005188165,147.67563076548282,65.15876877909578,152.699681763737,69.09847886756535,147.67563076548282,65.15876877909578,150.31504531760334,71.25730792455762,147.08496973019726,65.15876877909578,139.35107511638307,69.09847886756535,66.58807530386751,73.18707938324333,67.89976132940085,159.96087436183808,142.1896126473827,78.94681440560515,69.09847886756535,76.99283678550484,65.15876877909578,80.49239090066779,75.95085268319768,73.18707938324333,73.18707938324333,79.61833961170134,81.28232919184401,76.99283678550484,79.61833961170134,80.49239090066779,81.28232919184401,81.28232919184401,81.28232919184401,81.28232919184401,81.28232919184401,81.28232919184401,0.0,81.28232919184401,81.28232919184401,81.28232919184401,81.28232919184401,81.28232919184401,81.28232919184401,81.28232919184401,79.61833961170134,81.28232919184401,81.28232919184401,80.49239090066779,142.1896126473827,142.1896126473827,142.1896126473827,142.1896126473827,142.1896126473827,142.1896126473827,142.1896126473827,142.1896126473827,142.1896126473827,142.1896126473827,142.1896126473827,142.1896126473827,142.1896126473827,142.1896126473827,142.1896126473827,142.1896126473827,142.1896126473827,142.1896126473827,142.1896126473827
65.15876877909578,147.67563076548282,147.08496973019726,139.35107511638307,139.35107511638307,168.59405645886625,139.35107511638307,139.35107511638307,139.35107511638307,139.35107511638307,139.35107511638307,139.35107511638307,139.35107511638307,139.35107511638307,139.35107511638307,139.35107511638307,139.35107511638307,139.35107511638307,139.35107511638307,139.35107511638307,142.1896126473827,142.1896126473827,139.35107511638307,142.1896126473827,142.1896126473827,142.1896126473827,142.1896126473827,142.1896126473827,142.1896126473827,142.1896126473827,142.1896126473827,142.1896126473827,142.1896126473827,147.67563076548282,142.1896126473827,142.1896126473827,147.67563076548282,142.1896126473827,172.82595986394244,142.1896126473827,139.35107511638307,142.1896126473827,172.82595986394244,149.4426850182274,147.67563076548282,142.1896126473827,172.82595986394244,144.76105005188165,139.35107511638307,172.82595986394244,139.35107511638307,151.21243675976552,142.1896126473827,142.1896126473827,144.76105005188165,139.35107511638307,139.35107511638307,139.35107511638307,142.1896126473827,139.35107511638307,154.84436984223916,142.1896126473827,142.1896126473827,142.1896126473827,142.1896126473827,139.35107511638307,142.1896126473827,142.1896126473827,142.1896126473827,145.06830121547,147.08496973019726,151.21243675976552,142.1896126473827,142.1896126473827,139.35107511638307,145.06830121547,139.35107511638307,65.15876877909578,154.21516546937346,163.0791328548696,163.57322016106943,65.15876877909578,144.76105005188165,65.15876877909578,159.38869722218828,65.15876877909578,65.15876877909578,154.84436984223916,145.06830121547,66.58807530386751,81.28232919184401,66.58807530386751,77.93232652531799,80.49239090066779,81.28232919184401,81.28232919184401,81.28232919184401,81.28232919184401,81.28232919184401,81.28232919184401,81.28232919184401,0.0,81.28232919184401,81.28232919184401,81.28232919184401,79.61833961170134,81.28232919184401,81.28232919184401,79.61833961170134,80.49239090066779,75.95085268319768,78.94681440560515,139.35107511638307,172.82595986394244,142.1896126473827,142.1896126473827,142.1896126473827,142.1896126473827,142.1896126473827,142.1896126473827,139.35107511638307,142.1896126473827,142.1896126473827,142.1896126473827,142.1896126473827,139.35107511638307,139.35107511638307,139.35107511638307,139.35107511638307,139.35107511638307,139.35107511638307
81.28232919184401,77.93232652531799,65.15876877909578,139.35107511638307,139.35107511638307,149.4426850182274,150.31504531760334,144.76105005188165,155.11832453144766,154.84436984223916,142.1896126473827,158.58372013413413,139.35107511638307,151.21243675976552,151.21243675976552,147.08496973019726,151.21243675976552,139.35107511638307,142.1896126473827,142.1896126473827,142.1896126473827,142.1896126473827,142.1896126473827,142.1896126473827,142.1896126473827,142.1896126473827,147.08496973019726,139.35107511638307,154.84436984223916,158.58372013413413,151.21243675976552,161.86598742590354,147.67563076548282,147.08496973019726,145.06830121547,150.03160908617906,142.1896126473827,139.35107511638307,147.08496973019726,142.1896126473827,65.15876877909578,139.35107511638307,139.35107511638307,139.35107511638307,152.699681763737,145.06830121547,142.1896126473827,150.31504531760334,147.67563076548282,144.76105005188165,144.76105005188165,69.09847886756535,65.15876877909578,147.67563076548282,145.06830121547,66.58807530386751,65.15876877909578,69.09847886756535,144.76105005188165,73.18707938324333,70.32708710668275,69.09847886756535,65.15876877909578,142.1896126473827,139.35107511638307,73.97779426498602,66.58807530386751,70.32708710668275,67.89976132940085,76.99283678550484,139.35107511638307,66.58807530386751,142.1896126473827,66.58807530386751,67.89976132940085,67.89976132940085,69.09847886756535,70.32708710668275,70.32708710668275,75.20192175168627,75.95085268319768,80.49239090066779,79.61833961170134,80.49239090066779,75.95085268319768,81.28232919184401,78.94681440560515,78.94681440560515,81.28232919184401,81.28232919184401,81.28232919184401,81.28232919184401,80.49239090066779,80.49239090066779,81.28232919184401,81.28232919184401,81.28232919184401,81.28232919184401,81.28232919184401,81.28232919184401,81.28232919184401,81.28232919184401,0.0,81.28232919184401,81.28232919184401,81.28232919184401,81.28232919184401,81.28232919184401,81.28232919184401,81.28232919184401,81.28232919184401,81.28232919184401,142.1896126473827,147.08496973019726,147.08496973019726,147.08496973019726,142.1896126473827,159.96087436183808,139.35107511638307,144.76105005188165,142.1896126473827,142.1896126473827,139.35107511638307,139.35107511638307,142.1896126473827,142.1896126473827,142.1896126473827,142.1896126473827,142.1896126473827,142.1896126473827,142.1896126473827
76.99283678550484,156.93337800353655,158.58372013413413,159.38869722218828,161.86598742590354,139.35107511638307,151.21243675976552,147.08496973019726,142.1896126473827,144.76105005188165,142.1896126473827,144.76105005188165,139.35107511638307,142.1896126473827,142.1896126473827,139.35107511638307,139.35107511638307,139.35107511638307,139.35107511638307,139.35107511638307,139.35107511638307,139.35107511638307,139.35107511638307,139.35107511638307,139.35107511638307,139.35107511638307,139.35107511638307,139.35107511638307,139.35107511638307,139.35107511638307,139.35107511638307,139.35107511638307,139.35107511638307,150.31504531760334,139.35107511638307,139.35107511638307,150.31504531760334,142.1896126473827,144.76105005188165,154.84436984223916,159.96087436183808,144.76105005188165,154.84436984223916,139.35107511638307,150.31504531760334,144.76105005188165,139.35107511638307,147.67563076548282,147.67563076548282,154.84436984223916,159.96087436183808,161.86598742590354,142.1896126473827,144.76105005188165,142.1896126473827,144.76105005188165,147.08496973019726,158.58372013413413,168.17784775427387,152.699681763737,156.93337800353655,156.93337800353655,150.31504531760334,150.31504531760334,163.0791328548696,144.76105005188165,147.67563076548282,139.35107511638307,147.67563076548282,142.1896126473827,142.1896126473827,151.21243675976552,156.93337800353655,65.15876877909578,144.76105005188165,147.67563076548282,139.35107511638307,144.76105005188165,151.21243675976552,151.21243675976552,144.76105005188165,154.21516546937346,144.76105005188165,75.95085268319768,147.67563076548282,77.93232652531799,67.89976132940085,65.15876877909578,79.61833961170134,65.15876877909578,80.49239090066779,67.89976132940085,67.89976132940085,71.25730792455762,79.61833961170134,73.97779426498602,81.28232919184401,81.28232919184401,81.28232919184401,81.28232919184401,81.28232919184401,81.28232919184401,81.28232919184401,0.0,81.28232919184401,81.28232919184401,81.28232919184401,81.28232919184401,80.49239090066779,81.28232919184401,80.49239090066779,73.97779426498602,142.1896126473827,154.84436984223916,139.35107511638307,139.35107511638307,139.35107511638307,139.35107511638307,139.35107511638307,139.35107511638307,139.35107511638307,139.35107511638307,139.35107511638307,139.35107511638307,139.35107511638307,139.35107511638307,139.35107511638307,139.35107511638307,139.35107511638307,139.35107511638307,139.35107511638307
81.28232919184401,73.97779426498602,168.17784775427387,169.5853865523195,169.5853865523195,168.17784775427387,179.61253588471192,175.3292780137893,163.0791328548696,172.71411045685244,165.00883771602287,172.71411045685244,155.11832453144766,152.42149427310898,165.00883771602287,152.42149427310898,155.11832453144766,152.42149427310898,142.1896126473827,142.1896126473827,142.1896126473827,142.1896126473827,142.1896126473827,142.1896126473827,142.1896126473827,142.1896126473827,142.1896126473827,142.1896126473827,142.1896126473827,142.1896126473827,142.1896126473827,142.1896126473827,142.1896126473827,145.06830121547,142.1896126473827,142.1896126473827,145.06830121547,150.03160908617906,142.1896126473827,142.1896126473827,139.35107511638307,142.1896126473827,142.1896126473827,147.08496973019726,154.21516546937346,139.35107511638307,142.1896126473827,142.1896126473827,142.1896126473827,147.67563076548282,159.96087436183808,151.21243675976552,144.76105005188165,154.21516546937346,150.03160908617906,151.21243675976552,139.35107511638307,149.4426850182274,149.4426850182274,149.4426850182274,142.1896126473827,156.31801381575997,142.1896126473827,147.67563076548282,152.42149427310898,66.58807530386751,142.1896126473827,156.93337800353655,151.21243675976552,65.15876877909578,142.1896126473827,66.58807530386751,161.86598742590354,69.09847886756535,142.1896126473827,76.99283678550484,139.35107511638307,73.18707938324333,163.0791328548696,65.15876877909578,144.76105005188165,76.99283678550484,79.61833961170134,70.32708710668275,66.58807530386751,81.28232919184401,71.25730792455762,65.15876877909578,81.28232919184401,142.1896126473827,81.28232919184401,79.61833961170134,67.89976132940085,76.99283678550484,81.28232919184401,79.61833961170134,81.28232919184401,80.49239090066779,81.28232919184401,81.28232919184401,81.28232919184401,81.28232919184401,81.28232919184401,81.28232919184401,0.0,81.28232919184401,81.28232919184401,81.28232919184401,81.28232919184401,81.28232919184401,81.28232919184401,81.28232919184401,144.76105005188165,144.76105005188165,142.1896126473827,142.1896126473827,142.1896126473827,142.1896126473827,142.1896126473827,142.1896126473827,142.1896126473827,142.1896126473827,142.1896126473827,142.1896126473827,142.1896126473827,142.1896126473827,142.1896126473827,142.1896126473827,142.1896126473827,142.1896126473827,142.1896126473827
81.28232919184401,66.58807530386751,66.58807530386751,169.5853865523195,169.5853865523195,166.6132948003608,154.21516546937346,150.03160908617906,150.03160908617906,147.67563076548282,168.59405645886625,147.67563076548282,142.1896126473827,168.59405645886625,165.00883771602287,165.40601723935436,168.59405645886625,163.0791328548696,139.35107511638307,139.35107511638307,151.21243675976552,151.21243675976552,139.35107511638307,151.21243675976552,151.21243675976552,151.21243675976552,151.21243675976552,151.21243675976552,151.21243675976552,151.21243675976552,151.21243675976552,151.21243675976552,151.21243675976552,151.21243675976552,151.21243675976552,151.21243675976552,151.21243675976552,142.1896126473827,139.35107511638307,142.1896126473827,154.84436984223916,142.1896126473827,150.03160908617906,139.35107511638307,151.21243675976552,142.1896126473827,139.35107511638307,154.21516546937346,139.35107511638307,149.4426850182274,151.21243675976552,161.86598742590354,142.1896126473827,142.1896126473827,142.1896126473827,139.35107511638307,147.08496973019726,154.84436984223916,149.4426850182274,156.93337800353655,157.89559560746392,154.84436984223916,142.1896126473827,144.76105005188165,154.21516546937346,139.35107511638307,156.31801381575997,65.15876877909578,142.1896126473827,66.58807530386751,147.08496973019726,67.89976132940085,151.21243675976552,65.15876877909578,139.35107511638307,75.20192175168627,163.0791328548696,65.15876877909578,161.86598742590354,73.18707938324333,154.21516546937346,75.95085268319768,71.25730792455762,159.96087436183808,158.58372013413413,75.20192175168627,65.15876877909578,139.35107511638307,79.61833961170134,75.95085268319768,81.28232919184401,75.95085268319768,73.97779426498602,142.1896126473827,81.28232919184401,80.49239090066779,81.28232919184401,79.61833961170134,81.28232919184401,77.93232652531799,81.28232919184401,79.61833961170134,81.28232919184401,81.28232919184401,81.28232919184401,0.0,81.28232919184401,81.28232919184401,81.28232919184401,81.28232919184401,81.28232919184401,81.28232919184401,142.1896126473827,139.35107511638307,151.21243675976552,151.21243675976552,151.21243675976552,151.21243675976552,151.21243675976552,151.21243675976552,139.35107511638307,151.21243675976552,151.21243675976552,151.21243675976552,151.21243675976552,139.35107511638307,139.35107511638307,139.35107511638307,139.35107511638307,139.35107511638307,139.35107511638307
71.25730792455762,155.11832453144766,139.35107511638307,151.21243675976552,144.76105005188165,154.84436984223916,151.21243675976552,147.08496973019726,145.06830121547,144.76105005188165,147.67563076548282,144.76105005188165,139.35107511638307,145.06830121547,147.67563076548282,144.76105005188165,150.31504531760334,147.67563076548282,142.1896126473827,142.1896126473827,142.1896126473827,142.1896126473827,142.1896126473827,142.1896126473827,142.1896126473827,142.1896126473827,144.76105005188165,144.76105005188165,144.76105005188165,144.76105005188165,144.76105005188165,144.76105005188165,144.76105005188165,154.84436984223916,144.76105005188165,144.76105005188165,154.84436984223916,154.84436984223916,154.84436984223916,154.84436984223916,144.76105005188165,154.84436984223916,154.84436984223916,144.76105005188165,154.84436984223916,142.1896126473827,154.84436984223916,147.08496973019726,147.08496973019726,154.84436984223916,139.35107511638307,150.31504531760334,169.5853865523195,145.06830121547,154.84436984223916,142.1896126473827,139.35107511638307,139.35107511638307,142.1896126473827,139.35107511638307,154.84436984223916,142.1896126473827,154.84436984223916,142.1896126473827,144.76105005188165,142.1896126473827,142.1896126473827,144.76105005188165,145.06830121547,147.67563076548282,147.08496973019726,151.21243675976552,142.1896126473827,145.06830121547,142.1896126473827,147.67563076548282,147.08496973019726,151.21243675976552,156.93337800353655,145.06830121547,162.16765637819583,65.15876877909578,142.1896126473827,139.35107511638307,169.5853865523195,65.15876877909578,66.58807530386751,157.89559560746392,67.89976132940085,67.89976132940085,77.93232652531799,156.93337800353655,145.06830121547,66.58807530386751,79.61833961170134,73.18707938324333,79.61833961170134,79.61833961170134,79.61833961170134,78.94681440560515,81.28232919184401,81.28232919184401,81.28232919184401,81.28232919184401,81.28232919184401,81.28232919184401,0.0,81.28232919184401,81.28232919184401,81.28232919184401,80.49239090066779,81.28232919184401,139.35107511638307,154.84436984223916,144.76105005188165,144.76105005188165,144.76105005188165,144.76105005188165,144.76105005188165,144.76105005188165,142.1896126473827,144.76105005188165,142.1896126473827,142.1896126473827,144.76105005188165,142.1896126473827,142.1896126473827,142.1896126473827,142.1896126473827,142.1896126473827,142.1896126473827
81.28232919184401,73.18707938324333,168.17784775427387,169.5853865523195,169.5853865523195,163.57322016106943,179.96630827011165,175.3292780137893,157.89559560746392,171.46431753297327,166.73794456362603,172.71411045685244,160.65716102871156,157.89559560746392,166.73794456362603,160.65716102871156,174.31592340856736,171.40082473091195,142.1896126473827,142.1896126473827,142.1896126473827,142.1896126473827,142.1896126473827,142.1896126473827,142.1896126473827,142.1896126473827,142.1896126473827,142.1896126473827,142.1896126473827,142.1896126473827,142.1896126473827,142.1896126473827,142.1896126473827,139.35107511638307,142.1896126473827,142.1896126473827,142.1896126473827,142.1896126473827,142.1896126473827,139.35107511638307,142.1896126473827,150.03160908617906,139.35107511638307,142.1896126473827,151.21243675976552,144.76105005188165,139.35107511638307,144.76105005188165,142.1896126473827,144.76105005188165,139.35107511638307,139.35107511638307,142.1896126473827,147.67563076548282,147.08496973019726,144.76105005188165,139.35107511638307,144.76105005188165,144.76105005188165,139.35107511638307,154.84436984223916,154.84436984223916,150.03160908617906,65.15876877909578,154.84436984223916,65.15876877909578,156.31801381575997,150.31504531760334,147.67563076548282,155.11832453144766,152.699681763737,65.15876877909578,145.06830121547,73.18707938324333,65.15876877909578,67.89976132940085,142.1896126473827,69.09847886756535,142.1896126473827,151.21243675976552,142.1896126473827,66.58807530386751,78.94681440560515,78.94681440560515,139.35107511638307,75.20192175168627,67.89976132940085,151.21243675976552,77.93232652531799,75.20192175168627,81.28232919184401,79.61833961170134,147.67563076548282,76.99283678550484,81.28232919184401,80.49239090066779,81.28232919184401,79.61833961170134,81.28232919184401,81.28232919184401,81.28232919184401,81.28232919184401,81.28232919184401,81.28232919184401,81.28232919184401,81.28232919184401,81.28232919184401,0.0,81.28232919184401,81.28232919184401,81.28232919184401,81.28232919184401,147.08496973019726,142.1896126473827,142.1896126473827,142.1896126473827,142.1896126473827,142.1896126473827,142.1896126473827,142.1896126473827,142.1896126473827,142.1896126473827,142.1896126473827,142.1896126473827,142.1896126473827,142.1896126473827,142.1896126473827,142.1896126473827,142.1896126473827,142.1896126473827,142.1896126473827
79.61833961170134,165.00883771602287,144.76105005188165,162.16765637819583,150.31504531760334,144.76105005188165,154.21516546937346,150.03160908617906,142.1896126473827,147.67563076548282,161.68407963349227,147.67563076548282,142.1896126473827,142.1896126473827,161.68407963349227,144.76105005188165,155.11832453144766,152.42149427310898,139.35107511638307,139.35107511638307,139.35107511638307,139.35107511638307,139.35107511638307,139.35107511638307,139.35107511638307,139.35107511638307,139.35107511638307,139.35107511638307,139.35107511638307,139.35107511638307,139.35107511638307,139.35107511638307,139.35107511638307,144.76105005188165,139.35107511638307,139.35107511638307,144.76105005188165,157.89559560746392,157.89559560746392,157.89559560746392,147.08496973019726,157.89559560746392,157.89559560746392,147.08496973019726,144.76105005188165,152.699681763737,157.89559560746392,145.06830121547,145.06830121547,157.89559560746392,181.61131239327767,152.699681763737,169.5853865523195,142.1896126473827,157.89559560746392,147.08496973019726,147.08496973019726,142.1896126473827,168.17784775427387,150.03160908617906,139.35107511638307,139.35107511638307,147.67563076548282,147.08496973019726,147.08496973019726,139.35107511638307,145.06830121547,139.35107511638307,144.76105005188165,142.1896126473827,139.35107511638307,151.21243675976552,163.0791328548696,142.1896126473827,147.08496973019726,139.35107511638307,142.1896126473827,139.35107511638307,151.21243675976552,159.96087436183808,142.1896126473827,158.58372013413413,144.76105005188165,139.35107511638307,147.08496973019726,144.76105005188165,156.31801381575997,158.58372013413413,69.09847886756535,65.15876877909578,80.49239090066779,65.15876877909578,168.59405645886625,152.699681763737,78.94681440560515,73.18707938324333,78.94681440560515,66.58807530386751,78.94681440560515,79.61833961170134,79.61833961170134,79.61833961170134,81.28232919184401,80.49239090066779,81.28232919184401,81.28232919184401,81.28232919184401,81.28232919184401,0.0,81.28232919184401,81.28232919184401,81.28232919184401,142.1896126473827,157.89559560746392,139.35107511638307,139.35107511638307,139.35107511638307,139.35107511638307,139.35107511638307,139.35107511638307,139.35107511638307,139.35107511638307,139.35107511638307,139.35107511638307,139.35107511638307,139.35107511638307,139.35107511638307,139.35107511638307,139.35107511638307,139.35107511638307,139.35107511638307
81.28232919184401,65.15876877909578,139.35107511638307,139.35107511638307,139.35107511638307,144.76105005188165,139.35107511638307,142.1896126473827,139.35107511638307,142.1896126473827,139.35107511638307,149.4426850182274,139.35107511638307,139.35107511638307,142.1896126473827,139.35107511638307,139.35107511638307,142.1896126473827,139.35107511638307,139.35107511638307,139.35107511638307,139.35107511638307,139.35107511638307,139.35107511638307,139.35107511638307,139.35107511638307,139.35107511638307,139.35107511638307,139.35107511638307,139.35107511638307,139.35107511638307,139.35107511638307,139.35107511638307,139.35107511638307,139.35107511638307,139.35107511638307,139.35107511638307,139.35107511638307,142.1896126473827,144.76105005188165,156.31801381575997,144.76105005188165,152.699681763737,139.35107511638307,139.35107511638307,144.76105005188165,139.35107511638307,147.67563076548282,147.67563076548282,139.35107511638307,144.76105005188165,156.93337800353655,142.1896126473827,144.76105005188165,142.1896126473827,151.21243675976552,144.76105005188165,156.31801381575997,139.35107511638307,152.699681763737,156.31801381575997,156.93337800353655,150.31504531760334,156.93337800353655,150.03160908617906,151.21243675976552,147.67563076548282,142.1896126473827,154.21516546937346,67.89976132940085,145.06830121547,67.89976132940085,147.08496973019726,65.15876877909578,151.21243675976552,65.15876877909578,142.1896126473827,71.25730792455762,165.90062072383324,142.1896126473827,147.67563076548282,67.89976132940085,69.09847886756535,73.97779426498602,142.1896126473827,76.99283678550484,71.25730792455762,66.58807530386751,76.99283678550484,73.97779426498602,81.28232919184401,75.20192175168627,65.15876877909578,65.15876877909578,81.28232919184401,73.18707938324333,80.49239090066779,69.09847886756535,81.28232919184401,75.20192175168627,81.28232919184401,80.49239090066779,81.28232919184401,81.28232919184401,81.28232919184401,81.28232919184401,81.28232919184401,81.28232919184401,81.28232919184401,0.0,81.28232919184401,81.28232919184401,142.1896126473827,150.31504531760334,139.35107511638307,139.35107511638307,139.35107511638307,139.35107511638307,139.35107511638307,139.35107511638307,139.35107511638307,139.35107511638307,139.35107511638307,139.35107511638307,139.35107511638307,139.35107511638307,139.35107511638307,139.35107511638307,139.35107511638307,139.35107511638307,139.35107511638307
81.28232919184401,80.49239090066779,164.48956708672387,144.76105005188165,164.48956708672387,155.11832453144766,165.90062072383324,169.60096962084367,167.85230888662812,169.60096962084367,165.90062072383324,164.48956708672387,163.57322016106943,165.90062072383324,156.93337800353655,152.699681763737,169.60096962084367,169.60096962084367,139.35107511638307,139.35107511638307,142.1896126473827,142.1896126473827,139.35107511638307,142.1896126473827,142.1896126473827,142.1896126473827,142.1896126473827,142.1896126473827,142.1896126473827,142.1896126473827,142.1896126473827,142.1896126473827,142.1896126473827,142.1896126473827,142.1896126473827,142.1896126473827,142.1896126473827,142.1896126473827,142.1896126473827,142.1896126473827,147.08496973019726,139.35107511638307,142.1896126473827,149.4426850182274,142.1896126473827,144.76105005188165,142.1896126473827,142.1896126473827,139.35107511638307,142.1896126473827,139.35107511638307,159.38839631986644,139.35107511638307,142.1896126473827,144.76105005188165,147.08496973019726,154.84436984223916,147.08496973019726,149.4426850182274,147.08496973019726,154.21516546937346,154.21516546937346,142.1896126473827,158.58372013413413,142.1896126473827,154.21516546937346,145.06830121547,142.1896126473827,154.84436984223916,145.06830121547,163.57322016106943,151.21243675976552,139.35107511638307,145.06830121547,152.699681763737,139.35107511638307,147.08496973019726,65.15876877909578,154.21516546937346,163.0791328548696,165.00883771602287,139.35107511638307,65.15876877909578,69.09847886756535,145.06830121547,76.99283678550484,145.06830121547,154.84436984223916,75.20192175168627,66.58807530386751,81.28232919184401,67.89976132940085,66.58807530386751,139.35107511638307,81.28232919184401,75.20192175168627,79.61833961170134,70.32708710668275,79.61833961170134,65.15876877909578,81.28232919184401,75.95085268319768,81.28232919184401,80.49239090066779,81.28232919184401,81.28232919184401,80.49239090066779,81.28232919184401,81.28232919184401,81.28232919184401,0.0,81.28232919184401,142.1896126473827,142.1896126473827,142.1896126473827,142.1896126473827,142.1896126473827,142.1896126473827,142.1896126473827,142.1896126473827,139.35107511638307,142.1896126473827,142.1896126473827,142.1896126473827,142.1896126473827,139.35107511638307,139.35107511638307,139.35107511638307,139.35107511638307,139.35107511638307,139.35107511638307
81.28232919184401,78.94681440560515,139.35107511638307,147.08496973019726,147.08496973019726,66.58807530386751,152.699681763737,157.55424433126018,157.55424433126018,144.76105005188165,139.35107511638307,150.03160908617906,139.35107511638307,147.08496973019726,158.58372013413413,161.86598742590354,152.699681763737,149.4426850182274,139.35107511638307,139.35107511638307,139.35107511638307,139.35107511638307,139.35107511638307,139.35107511638307,139.35107511638307,139.35107511638307,139.35107511638307,139.35107511638307,139.35107511638307,139.35107511638307,139.35107511638307,139.35107511638307,139.35107511638307,139.35107511638307,139.35107511638307,139.35107511638307,139.35107511638307,145.06830121547,139.35107511638307,145.06830121547,165.00883771602287,145.06830121547,139.35107511638307,152.42149427310898,139.35107511638307,157.89559560746392,139.35107511638307,145.06830121547,142.1896126473827,139.35107511638307,161.68407963349227,169.8165983821928,145.06830121547,142.1896126473827,147.67563076548282,150.03160908617906,157.89559560746392,157.89559560746392,152.42149427310898,150.03160908617906,154.21516546937346,154.21516546937346,145.06830121547,161.68407963349227,157.89559560746392,149.4426850182274,145.06830121547,142.1896126473827,157.89559560746392,145.06830121547,156.31801381575997,149.4426850182274,157.89559560746392,142.1896126473827,161.68407963349227,142.1896126473827,142.1896126473827,66.58807530386751,154.21516546937346,163.0791328548696,159.38869722218828,158.58372013413413,147.67563076548282,139.35107511638307,156.31801381575997,165.40601723935436,157.55424433126018,155.11832453144766,161.87766521146938,66.58807530386751,79.61833961170134,65.15876877909578,159.38869722218828,161.68407963349227,78.94681440560515,70.32708710668275,78.94681440560515,150.03160908617906,78.94681440560515,77.93232652531799,80.49239090066779,78.94681440560515,81.28232919184401,73.97779426498602,81.28232919184401,81.28232919184401,81.28232919184401,81.28232919184401,81.28232919184401,81.28232919184401,81.28232919184401,0.0,142.1896126473827,139.35107511638307,139.35107511638307,139.35107511638307,139.35107511638307,139.35107511638307,139.35107511638307,139.35107511638307,139.35107511638307,139.35107511638307,139.35107511638307,139.35107511638307,139.35107511638307,139.35107511638307,139.35107511638307,139.35107511638307,139.35107511638307,139.35107511638307,139.35107511638307
139.35107511638307,145.06830121547,139.35107511638307,142.1896126473827,142.1896126473827,149.4426850182274,139.35107511638307,139.35107511638307,139.35107511638307,139.35107511638307,139.35107511638307,139.35107511638307,139.35107511638307,139.35107511638307,139.35107511638307,139.35107511638307,139.35107511638307,139.35107511638307,142.1896126473827,139.35107511638307,152.42149427310898,159.38869722218828,164.48956708672387,169.5853865523195,158.58372013413413,163.57322016106943,169.5853865523195,66.58807530386751,168.17784775427387,66.58807530386751,66.58807530386751,166.73794456362603,75.95085268319768,77.93232652531799,73.97779426498602,79.61833961170134,80.49239090066779,76.99283678550484,75.20192175168627,80.49239090066779,81.28232919184401,81.28232919184401,80.49239090066779,81.28232919184401,80.49239090066779,81.28232919184401,79.61833961170134,81.28232919184401,77.93232652531799,144.76105005188165,80.49239090066779,80.49239090066779,76.99283678550484,76.99283678550484,76.99283678550484,75.95085268319768,77.93232652531799,66.58807530386751,71.25730792455762,76.99283678550484,65.15876877909578,66.58807530386751,66.58807530386751,78.94681440560515,67.89976132940085,76.99283678550484,142.1896126473827,66.58807530386751,147.08496973019726,67.89976132940085,147.08496973019726,71.25730792455762,142.1896126473827,66.58807530386751,69.09847886756535,67.89976132940085,147.08496973019726,66.58807530386751,142.1896126473827,142.1896126473827,139.35107511638307,154.21516546937346,147.67563076548282,142.1896126473827,147.08496973019726,65.15876877909578,145.06830121547,142.1896126473827,142.1896126473827,142.1896126473827,66.58807530386751,142.1896126473827,145.06830121547,145.06830121547,145.06830121547,147.67563076548282,145.06830121547,158.58372013413413,154.21516546937346,142.1896126473827,142.1896126473827,139.35107511638307,142.1896126473827,142.1896126473827,144.76105005188165,142.1896126473827,139.35107511638307,147.08496973019726,142.1896126473827,142.1896126473827,142.1896126473827,142.1896126473827,0.0,81.28232919184401,81.28232919184401,81.28232919184401,80.49239090066779,75.95085268319768,73.18707938324333,66.58807530386751,172.82595986394244,66.58807530386751,169.5853865523195,169.5853865523195,66.58807530386751,172.82595986394244,172.82595986394244,171.40082473091195,156.31801381575997,159.38869722218828,145.06830121547
139.35107511638307,139.35107511638307,139.35107511638307,142.1896126473827,142.1896126473827,149.4426850182274,139.35107511638307,139.35107511638307,139.35107511638307,139.35107511638307,139.35107511638307,139.35107511638307,139.35107511638307,139.35107511638307,139.35107511638307,139.35107511638307,139.35107511638307,139.35107511638307,139.35107511638307,139.35107511638307,145.06830121547,147.67563076548282,147.67563076548282,169.5853865523195,147.67563076548282,154.84436984223916,159.38869722218828,166.6132948003608,163.57322016106943,165.90062072383324,150.03160908617906,161.68407963349227,66.58807530386751,73.18707938324333,77.93232652531799,73.97779426498602,79.61833961170134,78.94681440560515,80.49239090066779,77.93232652531799,81.28232919184401,81.28232919184401,75.95085268319768,78.94681440560515,73.18707938324333,77.93232652531799,75.95085268319768,79.61833961170134,75.20192175168627,142.1896126473827,75.95085268319768,75.95085268319768,69.09847886756535,78.94681440560515,67.89976132940085,77.93232652531799,155.11832453144766,71.25730792455762,154.84436984223916,66.58807530386751,65.15876877909578,157.89559560746392,142.1896126473827,73.18707938324333,159.96087436183808,66.58807530386751,150.03160908617906,65.15876877909578,147.67563076548282,67.89976132940085,145.06830121547,150.03160908617906,144.76105005188165,145.06830121547,142.1896126473827,145.06830121547,156.93337800353655,150.03160908617906,142.1896126473827,142.1896126473827,139.35107511638307,154.84436984223916,147.08496973019726,142.1896126473827,147.67563076548282,142.1896126473827,142.1896126473827,150.31504531760334,150.03160908617906,139.35107511638307,147.08496973019726,160.65716102871156,147.67563076548282,142.1896126473827,150.31504531760334,142.1896126473827,142.1896126473827,169.5853865523195,152.42149427310898,169.5853865523195,142.1896126473827,172.82595986394244,147.08496973019726,154.84436984223916,144.76105005188165,139.35107511638307,154.84436984223916,142.1896126473827,157.89559560746392,150.31504531760334,142.1896126473827,139.35107511638307,81.28232919184401,0.0,80.49239090066779,81.28232919184401,81.28232919184401,75.95085268319768,65.15876877909578,73.97779426498602,66.58807530386751,66.58807530386751,69.09847886756535,169.5853865523195,169.5853865523195,67.89976132940085,169.5853865523195,169.5853865523195,165.00883771602287,163.57322016106943,159.38869722218828
139.35107511638307,139.35107511638307,139.35107511638307,142.1896126473827,142.1896126473827,149.4426850182274,139.35107511638307,139.35107511638307,139.35107511638307,139.35107511638307,139.35107511638307,139.35107511638307,139.35107511638307,139.35107511638307,139.35107511638307,139.35107511638307,139.35107511638307,139.35107511638307,139.35107511638307,139.35107511638307,142.1896126473827,139.35107511638307,144.76105005188165,144.76105005188165,139.35107511638307,144.76105005188165,163.57322016106943,163.57322016106943,163.57322016106943,144.76105005188165,147.08496973019726,142.1896126473827,142.1896126473827,142.1896126473827,142.1896126473827,142.1896126473827,144.76105005188165,145.06830121547,65.15876877909578,142.1896126473827,81.28232919184401,67.89976132940085,65.15876877909578,76.99283678550484,144.76105005188165,66.58807530386751,142.1896126473827,77.93232652531799,66.58807530386751,158.58372013413413,69.09847886756535,69.09847886756535,145.06830121547,65.15876877909578,142.1896126473827,67.89976132940085,139.35107511638307,66.58807530386751,139.35107511638307,66.58807530386751,142.1896126473827,65.15876877909578,139.35107511638307,66.58807530386751,139.35107511638307,139.35107511638307,145.06830121547,139.35107511638307,142.1896126473827,142.1896126473827,142.1896126473827,144.76105005188165,142.1896126473827,142.1896126473827,139.35107511638307,142.1896126473827,142.1896126473827,142.1896126473827,142.1896126473827,144.76105005188165,145.06830121547,147.08496973019726,144.76105005188165,142.1896126473827,147.67563076548282,142.1896126473827,142.1896126473827,139.35107511638307,142.1896126473827,142.1896126473827,145.06830121547,142.1896126473827,163.57322016106943,154.21516546937346,142.1896126473827,159.96087436183808,163.57322016106943,147.08496973019726,165.67902768077838,169.5853865523195,142.1896126473827,142.1896126473827,147.08496973019726,139.35107511638307,142.1896126473827,151.21243675976552,144.76105005188165,142.1896126473827,139.35107511638307,139.35107511638307,142.1896126473827,139.35107511638307,81.28232919184401,80.49239090066779,0.0,81.28232919184401,81.28232919184401,81.28232919184401,80.49239090066779,80.49239090066779,78.94681440560515,73.18707938324333,75.20192175168627,75.95085268319768,67.89976132940085,73.97779426498602,66.58807530386751,66.58807530386751,169.5853865523195,169.5853865523195,66.58807530386751
139.35107511638307,139.35107511638307,139.35107511638307,142.1896126473827,142.1896126473827,149.4426850182274,139.35107511638307,139.35107511638307,139.35107511638307,139.35107511638307,139.35107511638307,139.35107511638307,139.35107511638307,139.35107511638307,139.35107511638307,139.35107511638307,139.35107511638307,139.35107511638307,139.35107511638307,139.35107511638307,145.06830121547,144.76105005188165,144.76105005188165,149.4426850182274,139.35107511638307,145.06830121547,145.06830121547,168.17784775427387,142.1896126473827,144.76105005188165,142.1896126473827,142.1896126473827,144.76105005188165,139.35107511638307,142.1896126473827,144.76105005188165,65.15876877909578,66.58807530386751,66.58807530386751,66.58807530386751,81.28232919184401,70.32708710668275,65.15876877909578,75.95085268319768,66.58807530386751,75.95085268319768,139.35107511638307,80.49239090066779,75.20192175168627,150.03160908617906,139.35107511638307,69.09847886756535,142.1896126473827,70.32708710668275,142.1896126473827,75.20192175168627,139.35107511638307,65.15876877909578,139.35107511638307,142.1896126473827,145.06830121547,144.76105005188165,142.1896126473827,142.1896126473827,139.35107511638307,139.35107511638307,159.96087436183808,142.1896126473827,152.42149427310898,145.06830121547,145.06830121547,142.1896126473827,152.699681763737,145.06830121547,144.76105005188165,142.1896126473827,144.76105005188165,145.06830121547,142.1896126473827,152.42149427310898,139.35107511638307,159.38839631986644,149.4426850182274,139.35107511638307,139.35107511638307,139.35107511638307,152.42149427310898,139.35107511638307,139.35107511638307,142.1896126473827,161.68407963349227,142.1896126473827,163.57322016106943,154.21516546937346,144.76105005188165,159.96087436183808,168.17784775427387,147.08496973019726,165.67902768077838,169.5853865523195,142.1896126473827,142.1896126473827,147.08496973019726,139.35107511638307,142.1896126473827,151.21243675976552,144.76105005188165,142.1896126473827,139.35107511638307,139.35107511638307,142.1896126473827,139.35107511638307,81.28232919184401,81.28232919184401,81.28232919184401,0.0,81.28232919184401,81.28232919184401,78.94681440560515,79.61833961170134,81.28232919184401,81.28232919184401,80.49239090066779,66.58807530386751,73.97779426498602,71.25730792455762,69.09847886756535,66.58807530386751,169.5853865523195,65.15876877909578,66.58807530386751
139.35107511638307,139.35107511638307,139.35107511638307,142.1896126473827,142.1896126473827,149.4426850182274,139.35107511638307,139.35107511638307,139.35107511638307,139.35107511638307,139.35107511638307,139.35107511638307,139.35107511638307,139.35107511638307,139.35107511638307,139.35107511638307,139.35107511638307,139.35107511638307,139.35107511638307,139.35107511638307,147.67563076548282,158.58372013413413,139.35107511638307,144.76105005188165,161.86598742590354,156.93337800353655,154.84436984223916,154.84436984223916,154.84436984223916,152.699681763737,142.1896126473827,156.93337800353655,144.76105005188165,139.35107511638307,142.1896126473827,147.67563076548282,142.1896126473827,65.15876877909578,154.84436984223916,154.21516546937346,80.49239090066779,67.89976132940085,139.35107511638307,67.89976132940085,66.58807530386751,67.89976132940085,139.35107511638307,73.18707938324333,150.31504531760334,160.65716102871156,67.89976132940085,67.89976132940085,142.1896126473827,66.58807530386751,142.1896126473827,65.15876877909578,144.76105005188165,65.15876877909578,142.1896126473827,158.58372013413413,147.67563076548282,147.67563076548282,139.35107511638307,142.1896126473827,150.31504531760334,154.21516546937346,144.76105005188165,150.31504531760334,144.76105005188165,144.76105005188165,142.1896126473827,151.21243675976552,144.76105005188165,142.1896126473827,144.76105005188165,139.35107511638307,144.76105005188165,142.1896126473827,139.35107511638307,147.67563076548282,147.67563076548282,144.76105005188165,144.76105005188165,139.35107511638307,139.35107511638307,139.35107511638307,139.35107511638307,139.35107511638307,139.35107511638307,142.1896126473827,150.31504531760334,142.1896126473827,163.57322016106943,154.21516546937346,144.76105005188165,159.96087436183808,154.84436984223916,147.08496973019726,165.67902768077838,169.5853865523195,142.1896126473827,142.1896126473827,142.1896126473827,139.35107511638307,142.1896126473827,151.21243675976552,144.76105005188165,142.1896126473827,139.35107511638307,139.35107511638307,142.1896126473827,139.35107511638307,80.49239090066779,81.28232919184401,81.28232919184401,81.28232919184401,0.0,81.28232919184401,80.49239090066779,80.49239090066779,75.95085268319768,78.94681440560515,70.32708710668275,70.32708710668275,66.58807530386751,75.20192175168627,69.09847886756535,70.32708710668275,66.58807530386751,65.15876877909578,169.5853865523195
139.35107511638307,139.35107511638307,139.35107511638307,142.1896126473827,142.1896126473827,149.4426850182274,139.35107511638307,139.35107511638307,139.35107511638307,139.35107511638307,139.35107511638307,139.35107511638307,139.35107511638307,139.35107511638307,139.35107511638307,139.35107511638307,139.35107511638307,139.35107511638307,139.35107511638307,139.35107511638307,139.35107511638307,139.35107511638307,139.35107511638307,139.35107511638307,139.35107511638307,166.73794456362603,149.4426850182274,149.4426850182274,149.4426850182274,152.42149427310898,150.03160908617906,165.67902768077838,147.67563076548282,150.03160908617906,157.89559560746392,145.06830121547,169.5853865523195,168.59405645886625,161.68407963349227,171.40082473091195,75.95085268319768,171.40082473091195,169.5853865523195,172.82595986394244,172.82595986394244,172.82595986394244,168.17784775427387,70.32708710668275,169.5853865523195,168.17784775427387,169.5853865523195,171.40082473091195,163.57322016106943,169.5853865523195,165.90062072383324,169.5853865523195,169.60096962084367,163.0791328548696,166.73794456362603,163.0791328548696,159.96087436183808,163.0791328548696,142.1896126473827,169.60096962084367,159.96087436183808,163.0791328548696,167.22064889903015,159.96087436183808,147.67563076548282,165.90062072383324,145.06830121547,161.68407963349227,147.67563076548282,145.06830121547,142.1896126473827,145.06830121547,139.35107511638307,157.89559560746392,145.06830121547,147.67563076548282,139.35107511638307,165.67902768077838,152.42149427310898,155.11832453144766,139.35107511638307,145.06830121547,139.35107511638307,139.35107511638307,159.96087436183808,142.1896126473827,152.42149427310898,142.1896126473827,163.57322016106943,154.21516546937346,149.4426850182274,159.96087436183808,149.4426850182274,147.08496973019726,165.67902768077838,169.5853865523195,142.1896126473827,142.1896126473827,159.96087436183808,139.35107511638307,142.1896126473827,151.21243675976552,144.76105005188165,142.1896126473827,139.35107511638307,139.35107511638307,142.1896126473827,139.35107511638307,75.95085268319768,75.95085268319768,81.28232919184401,81.28232919184401,81.28232919184401,0.0,81.28232919184401,81.28232919184401,81.28232919184401,81.28232919184401,81.28232919184401,73.97779426498602,77.93232652531799,79.61833961170134,79.61833961170134,77.93232652531799,75.95085268319768,73.18707938324333,73.18707938324333
139.35107511638307,139.35107511638307,139.35107511638307,142.1896126473827,142.1896126473827,149.4426850182274,139.35107511638307,139.35107511638307,139.35107511638307,139.35107511638307,139.35107511638307,139.35107511638307,139.35107511638307,139.35107511638307,139.35107511638307,139.35107511638307,139.35107511638307,139.35107511638307,139.35107511638307,139.35107511638307,139.35107511638307,139.35107511638307,139.35107511638307,139.35107511638307,139.35107511638307,165.00883771602287,142.1896126473827,139.35107511638307,142.1896126473827,145.06830121547,150.03160908617906,157.89559560746392,142.1896126473827,154.84436984223916,161.86598742590354,156.31801381575997,165.40601723935436,165.40601723935436,168.17784775427387,163.57322016106943,65.15876877909578,169.5853865523195,159.96087436183808,165.40601723935436,154.84436984223916,163.57322016106943,159.96087436183808,66.58807530386751,158.58372013413413,166.6132948003608,159.96087436183808,159.96087436183808,147.08496973019726,165.40601723935436,144.76105005188165,163.57322016106943,154.84436984223916,151.21243675976552,151.21243675976552,142.1896126473827,139.35107511638307,157.89559560746392,154.84436984223916,154.84436984223916,139.35107511638307,142.1896126473827,158.58372013413413,139.35107511638307,163.0791328548696,144.76105005188165,139.35107511638307,151.21243675976552,145.06830121547,157.89559560746392,142.1896126473827,159.96087436183808,139.35107511638307,157.89559560746392,145.06830121547,139.35107511638307,139.35107511638307,157.89559560746392,145.06830121547,139.35107511638307,139.35107511638307,150.03160908617906,139.35107511638307,139.35107511638307,139.35107511638307,142.1896126473827,145.06830121547,142.1896126473827,163.57322016106943,154.21516546937346,142.1896126473827,159.96087436183808,142.1896126473827,147.08496973019726,165.67902768077838,169.5853865523195,142.1896126473827,142.1896126473827,139.35107511638307,139.35107511638307,142.1896126473827,151.21243675976552,144.76105005188165,142.1896126473827,139.35107511638307,139.35107511638307,142.1896126473827,139.35107511638307,73.18707938324333,65.15876877909578,80.49239090066779,78.94681440560515,80.49239090066779,81.28232919184401,0.0,81.28232919184401,81.28232919184401,81.28232919184401,81.28232919184401,81.28232919184401,81.28232919184401,81.28232919184401,81.28232919184401,81.28232919184401,79.61833961170134,80.49239090066779,78.94681440560515
139.35107511638307,139.35107511638307,139.35107511638307,142.1896126473827,142.1896126473827,149.4426850182274,139.35107511638307,139.35107511638307,139.35107511638307,139.35107511638307,139.35107511638307,139.35107511638307,139.35107511638307,139.35107511638307,139.35107511638307,139.35107511638307,139.35107511638307,139.35107511638307,139.35107511638307,139.35107511638307,139.35107511638307,139.35107511638307,139.35107511638307,139.35107511638307,139.35107511638307,168.59405645886625,152.699681763737,144.76105005188165,160.65716102871156,145.06830121547,145.06830121547,157.89559560746392,159.38869722218828,160.65716102871156,159.38869722218828,169.8165983821928,157.89559560746392,165.00883771602287,161.68407963349227,165.67902768077838,67.89976132940085,172.82595986394244,166.6132948003608,172.82595986394244,169.8165983821928,171.40082473091195,154.84436984223916,172.82595986394244,166.73794456362603,154.84436984223916,165.67902768077838,157.89559560746392,163.1509018756485,157.89559560746392,162.16765637819583,163.0791328548696,157.89559560746392,145.06830121547,154.21516546937346,154.84436984223916,142.1896126473827,145.06830121547,145.06830121547,160.65716102871156,144.76105005188165,159.38869722218828,164.48956708672387,145.06830121547,139.35107511638307,147.67563076548282,144.76105005188165,154.21516546937346,139.35107511638307,145.06830121547,147.67563076548282,147.67563076548282,139.35107511638307,145.06830121547,139.35107511638307,144.76105005188165,139.35107511638307,139.35107511638307,144.76105005188165,144.76105005188165,139.35107511638307,142.1896126473827,139.35107511638307,139.35107511638307,144.76105005188165,142.1896126473827,145.06830121547,142.1896126473827,147.67563076548282,144.76105005188165,139.35107511638307,159.96087436183808,150.31504531760334,147.08496973019726,165.67902768077838,169.5853865523195,142.1896126473827,142.1896126473827,144.76105005188165,139.35107511638307,142.1896126473827,151.21243675976552,144.76105005188165,142.1896126473827,139.35107511638307,139.35107511638307,142.1896126473827,139.35107511638307,66.58807530386751,73.97779426498602,80.49239090066779,79.61833961170134,80.49239090066779,81.28232919184401,81.28232919184401,0.0,81.28232919184401,81.28232919184401,81.28232919184401,81.28232919184401,81.28232919184401,81.28232919184401,81.28232919184401,80.49239090066779,77.93232652531799,75.20192175168627,66.58807530386751
139.35107511638307,139.35107511638307,139.35107511638307,142.1896126473827,142.1896126473827,149.4426850182274,139.35107511638307,139.35107511638307,139.35107511638307,139.35107511638307,139.35107511638307,139.35107511638307,139.35107511638307,139.35107511638307,139.35107511638307,139.35107511638307,139.35107511638307,139.35107511638307,139.35107511638307,139.35107511638307,139.35107511638307,139.35107511638307,139.35107511638307,139.35107511638307,139.35107511638307,165.00883771602287,139.35107511638307,139.35107511638307,161.86598742590354,161.86598742590354,165.00883771602287,166.73794456362603,145.06830121547,157.89559560746392,161.86598742590354,159.38869722218828,166.73794456362603,159.96087436183808,165.40601723935436,166.73794456362603,169.5853865523195,165.90062072383324,163.0791328548696,165.90062072383324,157.89559560746392,165.90062072383324,163.0791328548696,169.8165983821928,161.68407963349227,163.57322016106943,163.0791328548696,163.0791328548696,150.03160908617906,163.0791328548696,147.67563076548282,159.96087436183808,166.73794456362603,154.21516546937346,167.85230888662812,145.06830121547,142.1896126473827,165.40601723935436,139.35107511638307,157.89559560746392,161.86598742590354,145.06830121547,139.35107511638307,142.1896126473827,139.35107511638307,147.67563076548282,139.35107511638307,161.86598742590354,139.35107511638307,161.86598742590354,139.35107511638307,165.00883771602287,139.35107511638307,139.35107511638307,139.35107511638307,139.35107511638307,139.35107511638307,139.35107511638307,144.76105005188165,139.35107511638307,139.35107511638307,139.35107511638307,139.35107511638307,139.35107511638307,156.93337800353655,142.1896126473827,166.6132948003608,139.35107511638307,147.67563076548282,144.76105005188165,139.35107511638307,154.84436984223916,144.76105005188165,147.08496973019726,158.58372013413413,139.35107511638307,142.1896126473827,139.35107511638307,142.1896126473827,139.35107511638307,142.1896126473827,139.35107511638307,142.1896126473827,142.1896126473827,139.35107511638307,139.35107511638307,139.35107511638307,139.35107511638307,172.82595986394244,66.58807530386751,78.94681440560515,81.28232919184401,75.95085268319768,81.28232919184401,81.28232919184401,81.28232919184401,0.0,81.28232919184401,81.28232919184401,81.28232919184401,81.28232919184401,81.28232919184401,81.28232919184401,80.49239090066779,76.99283678550484,81.28232919184401,78.94681440560515
139.35107511638307,139.35107511638307,139.35107511638307,142.1896126473827,142.1896126473827,149.4426850182274,139.35107511638307,139.35107511638307,139.35107511638307,139.35107511638307,139.35107511638307,139.35107511638307,139.35107511638307,139.35107511638307,139.35107511638307,139.35107511638307,139.35107511638307,139.35107511638307,139.35107511638307,139.35107511638307,139.35107511638307,139.35107511638307,139.35107511638307,139.35107511638307,139.35107511638307,154.21516546937346,139.35107511638307,145.06830121547,151.21243675976552,145.06830121547,145.06830121547,147.67563076548282,145.06830121547,150.31504531760334,151.21243675976552,159.38869722218828,147.67563076548282,160.65716102871156,154.84436984223916,155.11832453144766,169.5853865523195,160.65716102871156,154.84436984223916,168.59405645886625,157.89559560746392,157.89559560746392,144.76105005188165,169.8165983821928,157.89559560746392,144.76105005188165,155.11832453144766,147.67563076548282,150.03160908617906,147.67563076548282,147.67563076548282,160.65716102871156,147.67563076548282,145.06830121547,154.21516546937346,144.76105005188165,142.1896126473827,145.06830121547,145.06830121547,150.31504531760334,147.67563076548282,145.06830121547,139.35107511638307,142.1896126473827,139.35107511638307,147.67563076548282,139.35107511638307,151.21243675976552,139.35107511638307,145.06830121547,150.03160908617906,147.67563076548282,139.35107511638307,145.06830121547,139.35107511638307,139.35107511638307,139.35107511638307,139.35107511638307,144.76105005188165,139.35107511638307,139.35107511638307,142.1896126473827,139.35107511638307,139.35107511638307,156.93337800353655,142.1896126473827,145.06830121547,142.1896126473827,147.67563076548282,144.76105005188165,139.35107511638307,159.96087436183808,150.31504531760334,147.08496973019726,165.67902768077838,169.5853865523195,142.1896126473827,142.1896126473827,142.1896126473827,139.35107511638307,142.1896126473827,151.21243675976552,144.76105005188165,142.1896126473827,139.35107511638307,139.35107511638307,142.1896126473827,139.35107511638307,66.58807530386751,66.58807530386751,73.18707938324333,81.28232919184401,78.94681440560515,81.28232919184401,81.28232919184401,81.28232919184401,81.28232919184401,0.0,81.28232919184401,81.28232919184401,81.28232919184401,81.28232919184401,81.28232919184401,81.28232919184401,76.99283678550484,80.49239090066779,78.94681440560515
139.35107511638307,139.35107511638307,139.35107511638307,142.1896126473827,142.1896126473827,149.4426850182274,139.35107511638307,139.35107511638307,139.35107511638307,139.35107511638307,139.35107511638307,139.35107511638307,139.35107511638307,139.35107511638307,139.35107511638307,139.35107511638307,139.35107511638307,139.35107511638307,139.35107511638307,139.35107511638307,139.35107511638307,139.35107511638307,139.35107511638307,139.35107511638307,139.35107511638307,145.06830121547,147.08496973019726,139.35107511638307,142.1896126473827,142.1896126473827,145.06830121547,147.67563076548282,150.03160908617906,152.699681763737,142.1896126473827,164.6769332014403,150.03160908617906,149.4426850182274,158.58372013413413,157.55424433126018,65.15876877909578,155.11832453144766,158.58372013413413,155.11832453144766,152.42149427310898,155.11832453144766,147.08496973019726,165.67902768077838,161.68407963349227,147.08496973019726,155.11832453144766,150.03160908617906,142.1896126473827,150.03160908617906,147.67563076548282,149.4426850182274,147.67563076548282,149.4426850182274,147.67563076548282,147.08496973019726,147.08496973019726,155.10991547026134,154.84436984223916,147.67563076548282,139.35107511638307,150.03160908617906,158.58372013413413,147.08496973019726,139.35107511638307,152.699681763737,139.35107511638307,142.1896126473827,139.35107511638307,142.1896126473827,142.1896126473827,145.06830121547,139.35107511638307,161.86598742590354,139.35107511638307,139.35107511638307,139.35107511638307,139.35107511638307,144.76105005188165,139.35107511638307,139.35107511638307,139.35107511638307,139.35107511638307,139.35107511638307,139.35107511638307,142.1896126473827,169.5853865523195,142.1896126473827,147.67563076548282,144.76105005188165,139.35107511638307,157.89559560746392,150.31504531760334,147.08496973019726,165.67902768077838,151.21243675976552,142.1896126473827,142.1896126473827,139.35107511638307,139.35107511638307,142.1896126473827,151.21243675976552,142.1896126473827,142.1896126473827,139.35107511638307,139.35107511638307,142.1896126473827,139.35107511638307,169.5853865523195,69.09847886756535,75.20192175168627,80.49239090066779,70.32708710668275,81.28232919184401,81.28232919184401,81.28232919184401,81.28232919184401,81.28232919184401,0.0,81.28232919184401,81.28232919184401,81.28232919184401,81.28232919184401,81.28232919184401,81.28232919184401,81.28232919184401,80.49239090066779
139.35107511638307,139.35107511638307,139.35107511638307,142.1896126473827,142.1896126473827,149.4426850182274,139.35107511638307,139.35107511638307,139.35107511638307,139.35107511638307,139.35107511638307,139.35107511638307,139.35107511638307,139.35107511638307,139.35107511638307,139.35107511638307,139.35107511638307,139.35107511638307,139.35107511638307,139.35107511638307,139.35107511638307,139.35107511638307,139.35107511638307,139.35107511638307,139.35107511638307,139.35107511638307,147.08496973019726,139.35107511638307,154.84436984223916,158.58372013413413,151.21243675976552,147.67563076548282,150.31504531760334,150.31504531760334,169.5853865523195,169.5853865523195,142.1896126473827,145.06830121547,145.06830121547,145.06830121547,65.15876877909578,152.42149427310898,142.1896126473827,155.11832453144766,145.06830121547,155.11832453144766,144.76105005188165,165.67902768077838,149.4426850182274,144.76105005188165,155.11832453144766,147.67563076548282,152.699681763737,147.67563076548282,163.57322016106943,149.4426850182274,147.67563076548282,142.1896126473827,151.21243675976552,144.76105005188165,144.76105005188165,152.699681763737,154.84436984223916,150.31504531760334,139.35107511638307,168.17784775427387,158.58372013413413,147.67563076548282,139.35107511638307,159.96087436183808,139.35107511638307,151.21243675976552,139.35107511638307,159.96087436183808,142.1896126473827,159.96087436183808,139.35107511638307,161.86598742590354,139.35107511638307,139.35107511638307,139.35107511638307,139.35107511638307,144.76105005188165,139.35107511638307,139.35107511638307,139.35107511638307,139.35107511638307,139.35107511638307,139.35107511638307,142.1896126473827,169.5853865523195,142.1896126473827,147.67563076548282,144.76105005188165,139.35107511638307,157.89559560746392,150.31504531760334,147.08496973019726,165.67902768077838,151.21243675976552,142.1896126473827,142.1896126473827,139.35107511638307,139.35107511638307,142.1896126473827,151.21243675976552,142.1896126473827,142.1896126473827,139.35107511638307,139.35107511638307,142.1896126473827,139.35107511638307,169.5853865523195,169.5853865523195,75.95085268319768,66.58807530386751,70.32708710668275,73.97779426498602,81.28232919184401,81.28232919184401,81.28232919184401,81.28232919184401,81.28232919184401,0.0,81.28232919184401,81.28232919184401,81.28232919184401,81.28232919184401,81.28232919184401,81.28232919184401,81.28232919184401
139.35107511638307,139.35107511638307,139.35107511638307,142.1896126473827,142.1896126473827,149.4426850182274,139.35107511638307,139.35107511638307,139.35107511638307,139.35107511638307,139.35107511638307,139.35107511638307,139.35107511638307,139.35107511638307,139.35107511638307,139.35107511638307,139.35107511638307,139.35107511638307,139.35107511638307,139.35107511638307,139.35107511638307,139.35107511638307,139.35107511638307,139.35107511638307,139.35107511638307,142.1896126473827,150.03160908617906,142.1896126473827,139.35107511638307,139.35107511638307,142.1896126473827,144.76105005188165,156.93337800353655,154.84436984223916,139.35107511638307,169.8165983821928,154.21516546937346,142.1896126473827,144.76105005188165,159.38869722218828,66.58807530386751,147.67563076548282,144.76105005188165,147.67563076548282,145.06830121547,147.67563076548282,151.21243675976552,157.89559560746392,147.67563076548282,151.21243675976552,147.67563076548282,147.67563076548282,139.35107511638307,144.76105005188165,144.76105005188165,142.1896126473827,144.76105005188165,142.1896126473827,144.76105005188165,147.67563076548282,142.1896126473827,144.76105005188165,145.06830121547,144.76105005188165,139.35107511638307,154.84436984223916,161.68407963349227,145.06830121547,139.35107511638307,147.67563076548282,142.1896126473827,139.35107511638307,139.35107511638307,139.35107511638307,145.06830121547,142.1896126473827,139.35107511638307,145.06830121547,139.35107511638307,142.1896126473827,139.35107511638307,139.35107511638307,144.76105005188165,142.1896126473827,139.35107511638307,142.1896126473827,139.35107511638307,139.35107511638307,142.1896126473827,142.1896126473827,145.06830121547,142.1896126473827,147.67563076548282,144.76105005188165,139.35107511638307,159.96087436183808,150.31504531760334,147.08496973019726,165.67902768077838,169.5853865523195,142.1896126473827,142.1896126473827,142.1896126473827,139.35107511638307,142.1896126473827,151.21243675976552,144.76105005188165,142.1896126473827,139.35107511638307,139.35107511638307,142.1896126473827,139.35107511638307,66.58807530386751,169.5853865523195,67.89976132940085,73.97779426498602,66.58807530386751,77.93232652531799,81.28232919184401,81.28232919184401,81.28232919184401,81.28232919184401,81.28232919184401,81.28232919184401,0.0,81.28232919184401,81.28232919184401,81.28232919184401,81.28232919184401,81.28232919184401,81.28232919184401
139.35107511638307,139.35107511638307,139.35107511638307,142.1896126473827,142.1896126473827,149.4426850182274,139.35107511638307,139.35107511638307,139.35107511638307,139.35107511638307,139.35107511638307,139.35107511638307,139.35107511638307,139.35107511638307,139.35107511638307,139.35107511638307,139.35107511638307,139.35107511638307,139.35107511638307,139.35107511638307,139.35107511638307,139.35107511638307,139.35107511638307,139.35107511638307,139.35107511638307,145.06830121547,139.35107511638307,139.35107511638307,142.1896126473827,142.1896126473827,145.06830121547,147.67563076548282,147.67563076548282,150.31504531760334,142.1896126473827,162.16765637819583,147.67563076548282,154.21516546937346,154.21516546937346,154.21516546937346,168.17784775427387,161.87766521146938,151.21243675976552,164.48956708672387,154.21516546937346,159.38869722218828,144.76105005188165,171.40082473091195,159.38869722218828,144.76105005188165,155.11832453144766,147.67563076548282,142.1896126473827,147.67563076548282,147.67563076548282,158.58372013413413,147.67563076548282,151.21243675976552,147.67563076548282,144.76105005188165,144.76105005188165,152.699681763737,139.35107511638307,147.67563076548282,142.1896126473827,147.67563076548282,139.35107511638307,144.76105005188165,139.35107511638307,150.31504531760334,139.35107511638307,142.1896126473827,139.35107511638307,142.1896126473827,139.35107511638307,145.06830121547,139.35107511638307,139.35107511638307,139.35107511638307,139.35107511638307,139.35107511638307,139.35107511638307,144.76105005188165,139.35107511638307,139.35107511638307,139.35107511638307,139.35107511638307,139.35107511638307,156.93337800353655,142.1896126473827,166.6132948003608,139.35107511638307,147.67563076548282,144.76105005188165,139.35107511638307,154.84436984223916,144.76105005188165,147.08496973019726,158.58372013413413,139.35107511638307,142.1896126473827,139.35107511638307,142.1896126473827,139.35107511638307,142.1896126473827,139.35107511638307,142.1896126473827,142.1896126473827,139.35107511638307,139.35107511638307,139.35107511638307,139.35107511638307,172.82595986394244,67.89976132940085,73.97779426498602,71.25730792455762,75.20192175168627,79.61833961170134,81.28232919184401,81.28232919184401,81.28232919184401,81.28232919184401,81.28232919184401,81.28232919184401,81.28232919184401,0.0,81.28232919184401,81.28232919184401,81.28232919184401,81.28232919184401,81.28232919184401
139.35107511638307,139.35107511638307,139.35107511638307,142.1896126473827,142.1896126473827,149.4426850182274,139.35107511638307,139.35107511638307,139.35107511638307,139.35107511638307,139.35107511638307,139.35107511638307,139.35107511638307,139.35107511638307,139.35107511638307,139.35107511638307,139.35107511638307,139.35107511638307,139.35107511638307,139.35107511638307,139.35107511638307,139.35107511638307,139.35107511638307,139.35107511638307,139.35107511638307,139.35107511638307,139.35107511638307,139.35107511638307,139.35107511638307,139.35107511638307,139.35107511638307,147.67563076548282,150.31504531760334,150.31504531760334,139.35107511638307,139.35107511638307,147.08496973019726,147.08496973019726,142.1896126473827,150.03160908617906,166.6132948003608,147.67563076548282,142.1896126473827,152.699681763737,150.03160908617906,145.06830121547,144.76105005188165,163.1509018756485,145.06830121547,144.76105005188165,150.03160908617906,147.67563076548282,152.699681763737,142.1896126473827,139.35107511638307,147.08496973019726,147.67563076548282,145.06830121547,139.35107511638307,144.76105005188165,144.76105005188165,142.1896126473827,139.35107511638307,145.06830121547,139.35107511638307,139.35107511638307,139.35107511638307,147.67563076548282,139.35107511638307,139.35107511638307,139.35107511638307,139.35107511638307,139.35107511638307,139.35107511638307,139.35107511638307,139.35107511638307,139.35107511638307,139.35107511638307,139.35107511638307,139.35107511638307,139.35107511638307,139.35107511638307,144.76105005188165,139.35107511638307,139.35107511638307,139.35107511638307,139.35107511638307,139.35107511638307,156.93337800353655,142.1896126473827,166.6132948003608,139.35107511638307,147.67563076548282,144.76105005188165,139.35107511638307,154.84436984223916,144.76105005188165,147.08496973019726,158.58372013413413,139.35107511638307,142.1896126473827,139.35107511638307,142.1896126473827,139.35107511638307,142.1896126473827,139.35107511638307,142.1896126473827,142.1896126473827,139.35107511638307,139.35107511638307,139.35107511638307,139.35107511638307,172.82595986394244,169.5853865523195,66.58807530386751,69.09847886756535,69.09847886756535,79.61833961170134,81.28232919184401,81.28232919184401,81.28232919184401,81.28232919184401,81.28232919184401,81.28232919184401,81.28232919184401,81.28232919184401,0.0,81.28232919184401,81.28232919184401,81.28232919184401,81.28232919184401
139.35107511638307,139.35107511638307,139.35107511638307,142.1896126473827,142.1896126473827,149.4426850182274,139.35107511638307,139.35107511638307,139.35107511638307,139.35107511638307,139.35107511638307,139.35107511638307,139.35107511638307,139.35107511638307,139.35107511638307,139.35107511638307,139.35107511638307,139.35107511638307,139.35107511638307,139.35107511638307,139.35107511638307,139.35107511638307,139.35107511638307,139.35107511638307,139.35107511638307,139.35107511638307,139.35107511638307,139.35107511638307,139.35107511638307,139.35107511638307,139.35107511638307,139.35107511638307,139.35107511638307,139.35107511638307,139.35107511638307,139.35107511638307,142.1896126473827,145.06830121547,142.1896126473827,145.06830121547,166.6132948003608,147.67563076548282,142.1896126473827,155.11832453144766,145.06830121547,145.06830121547,139.35107511638307,165.67902768077838,145.06830121547,139.35107511638307,150.03160908617906,150.03160908617906,139.35107511638307,142.1896126473827,139.35107511638307,147.67563076548282,139.35107511638307,142.1896126473827,139.35107511638307,145.06830121547,139.35107511638307,142.1896126473827,139.35107511638307,145.06830121547,139.35107511638307,139.35107511638307,139.35107511638307,139.35107511638307,139.35107511638307,139.35107511638307,139.35107511638307,139.35107511638307,139.35107511638307,139.35107511638307,139.35107511638307,139.35107511638307,139.35107511638307,139.35107511638307,139.35107511638307,139.35107511638307,139.35107511638307,139.35107511638307,144.76105005188165,139.35107511638307,139.35107511638307,139.35107511638307,139.35107511638307,139.35107511638307,156.93337800353655,142.1896126473827,166.6132948003608,139.35107511638307,147.67563076548282,144.76105005188165,139.35107511638307,154.84436984223916,144.76105005188165,147.08496973019726,158.58372013413413,139.35107511638307,142.1896126473827,139.35107511638307,142.1896126473827,139.35107511638307,142.1896126473827,139.35107511638307,142.1896126473827,142.1896126473827,139.35107511638307,139.35107511638307,139.35107511638307,139.35107511638307,171.40082473091195,169.5853865523195,66.58807530386751,66.58807530386751,70.32708710668275,77.93232652531799,81.28232919184401,80.49239090066779,80.49239090066779,81.28232919184401,81.28232919184401,81.28232919184401,81.28232919184401,81.28232919184401,81.28232919184401,0.0,81.28232919184401,81.28232919184401,81.28232919184401
139.35107511638307,139.35107511638307,139.35107511638307,142.1896126473827,142.1896126473827,149.4426850182274,139.35107511638307,139.35107511638307,139.35107511638307,139.35107511638307,139.35107511638307,139.35107511638307,139.35107511638307,139.35107511638307,139.35107511638307,139.35107511638307,139.35107511638307,139.35107511638307,139.35107511638307,139.35107511638307,139.35107511638307,139.35107511638307,139.35107511638307,139.35107511638307,139.35107511638307,139.35107511638307,139.35107511638307,139.35107511638307,139.35107511638307,139.35107511638307,139.35107511638307,139.35107511638307,139.35107511638307,139.35107511638307,139.35107511638307,139.35107511638307,166.73794456362603,142.1896126473827,172.18533358710283,166.73794456362603,139.35107511638307,147.67563076548282,139.35107511638307,147.67563076548282,145.06830121547,147.67563076548282,139.35107511638307,142.1896126473827,154.84436984223916,139.35107511638307,139.35107511638307,147.67563076548282,139.35107511638307,142.1896126473827,139.35107511638307,142.1896126473827,139.35107511638307,142.1896126473827,139.35107511638307,139.35107511638307,139.35107511638307,139.35107511638307,139.35107511638307,139.35107511638307,139.35107511638307,139.35107511638307,139.35107511638307,139.35107511638307,139.35107511638307,139.35107511638307,139.35107511638307,139.35107511638307,139.35107511638307,139.35107511638307,139.35107511638307,139.35107511638307,139.35107511638307,139.35107511638307,139.35107511638307,139.35107511638307,139.35107511638307,139.35107511638307,144.76105005188165,139.35107511638307,139.35107511638307,139.35107511638307,139.35107511638307,139.35107511638307,156.93337800353655,142.1896126473827,166.6132948003608,139.35107511638307,147.67563076548282,144.76105005188165,139.35107511638307,154.84436984223916,144.76105005188165,147.08496973019726,158.58372013413413,139.35107511638307,142.1896126473827,139.35107511638307,142.1896126473827,139.35107511638307,142.1896126473827,139.35107511638307,142.1896126473827,142.1896126473827,139.35107511638307,139.35107511638307,139.35107511638307,139.35107511638307,156.31801381575997,165.00883771602287,169.5853865523195,169.5853865523195,66.58807530386751,75.95085268319768,79.61833961170134,77.93232652531799,76.99283678550484,76.99283678550484,81.28232919184401,81.28232919184401,81.28232919184401,81.28232919184401,81.28232919184401,81.28232919184401,0.0,81.28232919184401,81.28232919184401
139.35107511638307,139.35107511638307,139.35107511638307,142.1896126473827,142.1896126473827,149.4426850182274,139.35107511638307,139.35107511638307,139.35107511638307,139.35107511638307,139.35107511638307,139.35107511638307,139.35107511638307,139.35107511638307,139.35107511638307,139.35107511638307,139.35107511638307,139.35107511638307,139.35107511638307,139.35107511638307,139.35107511638307,139.35107511638307,139.35107511638307,139.35107511638307,139.35107511638307,139.35107511638307,139.35107511638307,139.35107511638307,139.35107511638307,139.35107511638307,139.35107511638307,139.35107511638307,139.35107511638307,139.35107511638307,139.35107511638307,139.35107511638307,139.35107511638307,139.35107511638307,142.1896126473827,142.1896126473827,142.1896126473827,144.76105005188165,139.35107511638307,144.76105005188165,142.1896126473827,144.76105005188165,139.35107511638307,145.06830121547,139.35107511638307,139.35107511638307,144.76105005188165,144.76105005188165,139.35107511638307,142.1896126473827,139.35107511638307,139.35107511638307,139.35107511638307,139.35107511638307,139.35107511638307,139.35107511638307,139.35107511638307,139.35107511638307,139.35107511638307,139.35107511638307,139.35107511638307,139.35107511638307,139.35107511638307,139.35107511638307,139.35107511638307,139.35107511638307,139.35107511638307,139.35107511638307,139.35107511638307,139.35107511638307,139.35107511638307,139.35107511638307,139.35107511638307,139.35107511638307,139.35107511638307,139.35107511638307,139.35107511638307,139.35107511638307,144.76105005188165,139.35107511638307,139.35107511638307,139.35107511638307,139.35107511638307,139.35107511638307,156.93337800353655,142.1896126473827,166.6132948003608,139.35107511638307,147.67563076548282,144.76105005188165,139.35107511638307,154.84436984223916,144.76105005188165,147.08496973019726,158.58372013413413,139.35107511638307,142.1896126473827,139.35107511638307,142.1896126473827,139.35107511638307,142.1896126473827,139.35107511638307,142.1896126473827,142.1896126473827,139.35107511638307,139.35107511638307,139.35107511638307,139.35107511638307,159.38869722218828,163.57322016106943,169.5853865523195,65.15876877909578,65.15876877909578,73.18707938324333,80.49239090066779,75.20192175168627,81.28232919184401,80.49239090066779,81.28232919184401,81.28232919184401,81.28232919184401,81.28232919184401,81.28232919184401,81.28232919184401,81.28232919184401,0.0,81.28232919184401
139.35107511638307,139.35107511638307,139.35107511638307,142.1896126473827,142.1896126473827,149.4426850182274,139.35107511638307,139.35107511638307,139.35107511638307,139.35107511638307,139.35107511638307,139.35107511638307,139.35107511638307,139.35107511638307,139.35107511638307,139.35107511638307,139.35107511638307,139.35107511638307,139.35107511638307,139.35107511638307,139.35107511638307,139.35107511638307,139.35107511638307,139.35107511638307,139.35107511638307,139.35107511638307,139.35107511638307,139.35107511638307,139.35107511638307,139.35107511638307,139.35107511638307,139.35107511638307,139.35107511638307,139.35107511638307,139.35107511638307,139.35107511638307,142.1896126473827,145.06830121547,142.1896126473827,145.06830121547,147.67563076548282,147.67563076548282,142.1896126473827,163.0791328548696,145.06830121547,145.06830121547,139.35107511638307,165.67902768077838,145.06830121547,139.35107511638307,150.03160908617906,150.03160908617906,139.35107511638307,142.1896126473827,139.35107511638307,147.67563076548282,139.35107511638307,142.1896126473827,139.35107511638307,145.06830121547,139.35107511638307,142.1896126473827,139.35107511638307,145.06830121547,139.35107511638307,139.35107511638307,139.35107511638307,139.35107511638307,139.35107511638307,139.35107511638307,139.35107511638307,139.35107511638307,139.35107511638307,139.35107511638307,139.35107511638307,139.35107511638307,139.35107511638307,139.35107511638307,139.35107511638307,139.35107511638307,139.35107511638307,139.35107511638307,144.76105005188165,139.35107511638307,139.35107511638307,139.35107511638307,139.35107511638307,139.35107511638307,156.93337800353655,142.1896126473827,166.6132948003608,139.35107511638307,147.67563076548282,144.76105005188165,139.35107511638307,154.84436984223916,144.76105005188165,147.08496973019726,158.58372013413413,139.35107511638307,142.1896126473827,139.35107511638307,142.1896126473827,139.35107511638307,142.1896126473827,139.35107511638307,142.1896126473827,142.1896126473827,139.35107511638307,139.35107511638307,139.35107511638307,139.35107511638307,145.06830121547,159.38869722218828,66.58807530386751,66.58807530386751,169.5853865523195,73.18707938324333,78.94681440560515,66.58807530386751,78.94681440560515,78.94681440560515,80.49239090066779,81.28232919184401,81.28232919184401,81.28232919184401,81.28232919184401,81.28232919184401,81.28232919184401,81.28232919184401,0.0
