,grenoble_m3-2,grenoble_m3-11,grenoble_m3-13,grenoble_m3-14,grenoble_m3-15,grenoble_m3-16,grenoble_m3-18,grenoble_m3-20,grenoble_m3-21,grenoble_m3-22,grenoble_m3-24,grenoble_m3-25,grenoble_m3-26,grenoble_m3-27,grenoble_m3-28,grenoble_m3-30,grenoble_m3-31,grenoble_m3-32,grenoble_m3-177,grenoble_m3-178,grenoble_m3-179,grenoble_m3-181,grenoble_m3-182,grenoble_m3-183,grenoble_m3-184,grenoble_m3-185,grenoble_m3-188,grenoble_m3-189,grenoble_m3-191,grenoble_m3-192,grenoble_m3-193,grenoble_m3-195,grenoble_m3-196,grenoble_m3-197,grenoble_m3-198,grenoble_m3-199,grenoble_m3-200,grenoble_m3-201,grenoble_m3-202,grenoble_m3-203,grenoble_m3-204,grenoble_m3-205,grenoble_m3-207,grenoble_m3-208,grenoble_m3-209,grenoble_m3-210,grenoble_m3-211,grenoble_m3-212,grenoble_m3-214,grenoble_m3-215,grenoble_m3-216,grenoble_m3-218,grenoble_m3-219,grenoble_m3-220,grenoble_m3-221,grenoble_m3-222,grenoble_m3-223,grenoble_m3-224,grenoble_m3-225,grenoble_m3-226,grenoble_m3-227,grenoble_m3-228,grenoble_m3-229,grenoble_m3-230,grenoble_m3-231,grenoble_m3-232,grenoble_m3-233,grenoble_m3-234,grenoble_m3-235,grenoble_m3-236,grenoble_m3-237,grenoble_m3-238,grenoble_m3-239,grenoble_m3-240,grenoble_m3-241,grenoble_m3-244,grenoble_m3-245,grenoble_m3-246,grenoble_m3-247,grenoble_m3-248,grenoble_m3-249,grenoble_m3-250,grenoble_m3-252,grenoble_m3-254,grenoble_m3-255,grenoble_m3-256,grenoble_m3-257,grenoble_m3-259,grenoble_m3-260,grenoble_m3-261,grenoble_m3-264,grenoble_m3-265,grenoble_m3-267,grenoble_m3-269,grenoble_m3-270,grenoble_m3-271,grenoble_m3-272,grenoble_m3-273,grenoble_m3-274,grenoble_m3-275,grenoble_m3-276,grenoble_m3-277,grenoble_m3-278,grenoble_m3-279,grenoble_m3-280,grenoble_m3-282,grenoble_m3-283,grenoble_m3-284,grenoble_m3-285,grenoble_m3-286,grenoble_m3-288,grenoble_m3-289,grenoble_m3-290,grenoble_m3-293,grenoble_m3-297,grenoble_m3-298,grenoble_m3-299,grenoble_m3-303,grenoble_m3-307,grenoble_m3-309,grenoble_m3-310,grenoble_m3-311,grenoble_m3-312,grenoble_m3-313,grenoble_m3-314,grenoble_m3-317,grenoble_m3-318,grenoble_m3-321,grenoble_m3-322,grenoble_m3-324,grenoble_m3-325
grenoble_m3-2,0.0,49.36,14.62,7.65,8.07,10.97,9.41,10.09,10.68,23.49,8.899999999999999,8.309999999999999,12.57,9.62,9.18,8.059999999999999,7.76,7.619999999999999,10.41,7.68,29.19,9.489999999999998,7.59,8.67,37.79,14.63,10.75,34.79,23.99,20.29,34.19,7.08,27.79,8.5,17.19,11.65,26.69,7.44,15.989999999999998,8.26,16.99,10.53,17.79,13.05,14.57,8.18,22.29,29.69,27.49,21.39,14.829999999999998,7.99,7.1,8.93,16.09,12.97,18.39,7.44,21.29,9.75,16.39,7.539999999999999,14.829999999999998,7.17,22.09,8.17,18.39,9.63,11.95,7.02,21.99,10.57,19.59,7.959999999999999,15.989999999999998,16.69,8.379999999999999,12.3,9.81,21.29,13.27,10.32,8.56,19.342,44.09,9.841,33.29,11.98,8.559,7.6,8.24,8.889,9.9,13.37,53.921,8.567,7.281,10.168,9.199,8.241,7.286,9.068,6.646,11.621,8.239,9.52,9.519,8.248,57.034,8.56,7.919,42.782,131.89,5.369,5.298,5.3549999999999995,5.457,5.340999999999999,5.342,5.41,5.335,5.3999999999999995,5.305,5.436999999999999,5.481,5.409,5.348,5.353,5.417,5.417,5.3309999999999995
grenoble_m3-11,49.36,0.0,43.455,25.973,57.713,7.921,51.549,8.24,9.52,8.561,7.926,7.926,7.286,6.967,6.96,9.2,8.242,8.881,13.45,10.72,32.230000000000004,12.53,10.63,11.71,40.83,17.67,13.79,37.83,27.03,23.33,37.23,10.12,30.83,11.54,20.23,14.69,29.73,10.48,19.03,11.3,20.03,13.57,20.83,16.09,17.61,11.22,25.33,32.730000000000004,30.53,24.43,17.869999999999997,11.03,10.14,11.97,19.13,16.009999999999998,21.43,10.48,24.33,12.79,19.43,10.58,17.869999999999997,10.21,25.13,11.21,21.43,12.67,14.989999999999998,10.06,25.03,13.61,22.63,11.0,19.03,19.73,11.42,15.34,12.85,24.33,16.310000000000002,13.36,11.26,21.63,47.13,10.85,36.33,15.02,20.23,12.89,53.03,27.53,12.94,16.41,31.53,11.47,9.018,11.47,11.36,14.1,6.021,10.84,7.926,12.08,7.92,7.926,12.94,48.806,235.93,9.2,6.966,7.6,134.93,8.408999999999999,8.338,8.395,8.497,8.381,8.382,8.45,8.375,8.44,8.344999999999999,8.477,8.520999999999999,8.449,8.388,8.392999999999999,8.456999999999999,8.456999999999999,8.371
grenoble_m3-13,14.62,43.455,0.0,8.56,10.48,7.287,16.015,7.601,7.602,7.606,8.248,6.326,8.241,8.882,45.125,10.259,7.921,7.6,15.25,12.52,34.03,14.33,12.43,13.51,42.629999999999995,19.47,15.59,39.629999999999995,28.83,25.130000000000003,39.03,11.92,32.629999999999995,13.34,22.03,16.490000000000002,31.53,12.28,20.83,13.1,21.83,15.37,22.630000000000003,17.89,19.41,13.02,27.13,34.53,32.33,26.23,19.67,12.83,11.94,13.77,20.93,17.810000000000002,23.23,12.28,26.13,14.59,21.23,12.38,19.67,12.01,26.93,13.01,23.23,14.47,16.79,11.86,26.83,15.41,24.43,12.8,20.83,21.53,13.22,17.14,14.65,26.13,18.11,15.16,13.06,23.43,48.93000000000001,12.65,38.129999999999995,16.82,22.03,14.69,54.83,29.33,14.74,18.21,33.33,13.27,13.06,13.27,13.16,15.9,13.44,12.64,14.29,13.88,31.83,22.03,14.74,28.344,237.73,61.53,25.83,10.347,136.73,10.209,10.138,10.195,10.297,10.181,10.182,10.25,10.175,10.24,10.145,10.277,10.321,10.249,10.188,10.193,10.257,10.257,10.171
grenoble_m3-14,7.65,25.973,8.56,0.0,9.84,10.567,7.92,7.287,8.24,7.281,8.56,7.921,54.992,8.881,8.88,7.786,44.934,6.966,8.28,5.55,27.06,7.359999999999999,5.46,6.539999999999999,35.66,12.5,8.620000000000001,32.66,21.86,18.16,32.06,4.949999999999999,25.659999999999997,6.369999999999999,15.06,9.52,24.56,5.31,13.86,6.13,14.86,8.399999999999999,15.66,10.92,12.44,6.05,20.159999999999997,27.56,25.36,19.26,12.7,5.859999999999999,4.97,6.8,13.96,10.84,16.259999999999998,5.31,19.159999999999997,7.62,14.26,5.41,12.7,5.039999999999999,19.96,6.039999999999999,16.259999999999998,7.5,9.82,4.89,19.86,8.44,17.46,5.83,13.86,14.56,6.25,10.17,7.68,19.159999999999997,11.14,8.19,6.09,16.46,41.96,5.68,31.159999999999997,9.85,15.06,7.72,47.86,22.36,7.77,11.24,26.36,6.3,6.09,6.3,6.1899999999999995,8.93,6.47,5.67,7.319999999999999,6.91,24.86,15.06,7.77,6.359999999999999,230.76,54.559999999999995,18.86,7.06,129.76,3.239,3.1679999999999997,3.2249999999999996,3.327,3.211,3.2119999999999997,3.28,3.2049999999999996,3.2699999999999996,3.175,3.307,3.351,3.279,3.218,3.223,3.287,3.287,3.2009999999999996
grenoble_m3-15,8.07,57.713,10.48,9.84,0.0,7.287,7.925,6.646,30.26,6.961,6.966,6.966,9.747,7.92,7.606,9.2,8.248,68.043,8.7,5.970000000000001,27.48,7.779999999999999,5.880000000000001,6.96,36.08,12.92,9.04,33.08,22.28,18.58,32.480000000000004,5.37,26.08,6.79,15.48,9.94,24.98,5.73,14.28,6.550000000000001,15.28,8.82,16.080000000000002,11.34,12.86,6.470000000000001,20.58,27.98,25.78,19.68,13.12,6.28,5.390000000000001,7.220000000000001,14.38,11.26,16.68,5.73,19.58,8.040000000000001,14.68,5.83,13.12,5.46,20.38,6.46,16.68,7.92,10.24,5.3100000000000005,20.28,8.86,17.88,6.25,14.28,14.98,6.67,10.59,8.1,19.58,11.56,8.61,6.51,16.88,42.38,6.1,31.58,10.27,15.48,8.14,48.28,22.78,8.19,11.66,26.78,6.720000000000001,6.51,6.720000000000001,6.61,9.35,6.890000000000001,6.09,7.74,7.33,25.28,15.48,8.19,6.78,231.18,54.98,19.28,7.48,130.18,3.659,3.588,3.645,3.747,3.631,3.632,3.7,3.625,3.69,3.595,3.727,3.771,3.699,3.638,3.643,3.707,3.707,3.621
grenoble_m3-16,10.97,7.921,7.287,10.567,7.287,0.0,6.64,15.545,6.021,12.694,23.697,39.059,7.601,29.725,7.601,8.394,23.449,6.327,11.6,8.870000000000001,30.380000000000003,10.68,8.780000000000001,9.86,38.98,15.82,11.94,35.98,25.18,21.48,35.38,8.27,28.979999999999997,9.69,18.380000000000003,12.84,27.880000000000003,8.629999999999999,17.18,9.45,18.18,11.72,18.98,14.24,15.76,9.37,23.479999999999997,30.880000000000003,28.68,22.58,16.02,9.18,8.29,10.12,17.28,14.16,19.58,8.629999999999999,22.479999999999997,10.94,17.58,8.73,16.02,8.36,23.28,9.36,19.58,10.82,13.14,8.21,23.18,11.76,20.78,9.15,17.18,17.880000000000003,9.57,13.49,11.0,22.479999999999997,14.46,11.51,9.41,19.78,45.28,9.0,34.48,13.17,18.380000000000003,11.04,51.18,25.68,11.09,14.56,29.68,9.62,9.41,9.62,9.51,12.25,9.79,8.99,10.64,10.23,28.18,18.380000000000003,11.09,9.68,234.08,57.879999999999995,22.18,13.099,133.08,6.559,6.488,6.545,6.647,6.531,6.532,6.6,6.525,6.59,6.495,6.627,6.671,6.599,6.538,6.543,6.607,6.607,6.521
grenoble_m3-18,9.41,51.549,16.015,7.92,7.925,6.64,0.0,10.17,6.641,7.601,30.928,7.92,9.52,9.201,8.24,7.926,9.522,7.287,10.04,7.31,28.82,9.12,7.22,8.299999999999999,37.42,14.26,10.38,34.42,23.62,19.92,33.82,6.709999999999999,27.42,8.129999999999999,16.82,11.28,26.32,7.069999999999999,15.62,7.89,16.619999999999997,10.16,17.42,12.68,14.2,7.81,21.92,29.32,27.12,21.02,14.46,7.619999999999999,6.7299999999999995,8.559999999999999,15.72,12.6,18.02,7.069999999999999,20.92,9.38,16.02,7.17,14.46,6.799999999999999,21.72,7.799999999999999,18.02,9.26,11.579999999999998,6.6499999999999995,21.62,10.2,19.22,7.59,15.62,16.32,8.01,11.93,9.44,20.92,12.9,9.95,7.85,18.22,43.72,7.44,32.92,11.61,16.82,9.48,49.620000000000005,24.12,9.53,13.0,28.12,8.059999999999999,7.85,8.059999999999999,7.949999999999999,10.69,8.23,7.43,9.079999999999998,8.67,26.62,16.82,9.53,8.12,232.52,56.31999999999999,20.62,8.82,131.52,4.999,4.928,4.984999999999999,5.087,4.970999999999999,4.9719999999999995,5.039999999999999,4.965,5.029999999999999,4.935,5.066999999999999,5.111,5.039,4.978,4.983,5.047,5.047,4.960999999999999
grenoble_m3-20,10.09,8.24,7.601,7.287,6.646,15.545,10.17,0.0,8.881,11.034,8.56,8.561,12.854,13.175,8.562,9.521,7.922,6.641,10.72,7.99,29.5,9.8,7.9,8.98,38.1,14.94,11.06,35.1,24.3,20.6,34.5,7.390000000000001,28.1,8.81,17.5,11.96,27.0,7.75,16.3,8.57,17.3,10.84,18.1,13.36,14.88,8.49,22.6,30.0,27.8,21.7,15.14,8.3,7.41,9.24,16.4,13.28,18.7,7.75,21.6,10.06,16.7,7.85,15.14,7.48,22.4,8.48,18.7,9.94,12.26,7.33,22.3,10.88,19.9,8.27,16.3,17.0,8.690000000000001,12.61,10.12,21.6,13.580000000000002,10.63,8.530000000000001,18.9,44.400000000000006,8.120000000000001,33.6,12.29,17.5,10.16,50.3,24.8,10.21,13.68,28.8,8.74,8.530000000000001,8.74,8.63,11.37,8.91,8.11,9.76,9.35,27.3,17.5,10.21,8.8,233.2,57.0,21.3,9.5,132.2,5.679,5.6080000000000005,5.665,5.767,5.651,5.652,5.720000000000001,5.6450000000000005,5.71,5.615,5.747,5.791,5.719,5.658,5.663,5.727,5.727,5.641
grenoble_m3-21,10.68,9.52,7.602,8.24,30.26,6.021,6.641,8.881,0.0,26.637,9.521,8.89,8.241,12.026,8.561,7.28,7.92,7.92,11.31,8.58,30.09,10.39,8.49,9.57,38.69,15.53,11.65,35.69,24.89,21.19,35.09,7.98,28.69,9.4,18.09,12.55,27.59,8.34,16.89,9.16,17.89,11.43,18.69,13.95,15.47,9.08,23.19,30.59,28.39,22.29,15.73,8.89,8.0,9.83,16.99,13.87,19.29,8.34,22.19,10.65,17.29,8.44,15.73,8.07,22.99,9.07,19.29,10.53,12.85,7.92,22.89,11.47,20.49,8.86,16.89,17.59,9.28,13.2,10.71,22.19,14.170000000000002,11.22,9.12,19.49,44.99,8.71,34.19,12.88,18.09,10.75,50.89,25.39,10.8,14.27,29.39,9.33,9.12,9.33,9.22,11.96,9.5,8.7,10.35,9.94,27.89,18.09,10.8,9.39,233.79,57.59,21.89,10.09,132.79,6.269,6.198,6.255,6.357,6.241,6.242,6.3100000000000005,6.235,6.3,6.205,6.337,6.381,6.309,6.248,6.253,6.317,6.317,6.231
grenoble_m3-22,23.49,8.561,7.606,7.281,6.961,12.694,7.601,11.034,26.637,0.0,6.648,17.466,6.327,7.159,7.287,7.601,8.241,8.88,24.12,21.39,42.900000000000006,23.200000000000003,21.3,22.380000000000003,51.5,28.340000000000003,24.46,48.5,37.7,34.0,47.900000000000006,20.790000000000003,41.5,22.21,30.9,25.36,40.400000000000006,21.15,29.700000000000003,21.97,30.700000000000003,24.24,31.5,26.76,28.28,21.89,36.0,43.400000000000006,41.2,35.1,28.54,21.700000000000003,20.81,22.64,29.8,26.68,32.1,21.15,35.0,23.46,30.1,21.25,28.54,20.880000000000003,35.8,21.880000000000003,32.1,23.340000000000003,25.66,20.73,35.7,24.28,33.3,21.67,29.700000000000003,30.4,22.090000000000003,26.01,23.520000000000003,35.0,26.980000000000004,24.03,21.93,32.3,57.8,21.520000000000003,47.0,25.69,30.9,23.56,63.7,38.2,23.61,27.08,42.2,22.14,21.93,22.14,22.03,24.770000000000003,22.31,21.51,23.16,22.75,40.7,30.9,23.61,22.200000000000003,246.6,70.4,34.7,22.9,145.6,19.079,19.008000000000003,19.065,19.167,19.051,19.052000000000003,19.12,19.045,19.110000000000003,19.015,19.147,19.191000000000003,19.119,19.058,19.063,19.127,19.127,19.041
grenoble_m3-24,8.899999999999999,7.926,8.248,8.56,6.966,23.697,30.928,8.56,9.521,6.648,0.0,15.638,8.568,10.425,8.246,8.56,6.326,8.56,9.53,6.8,28.31,8.61,6.71,7.789999999999999,36.91,13.75,9.87,33.91,23.11,19.41,33.31,6.199999999999999,26.909999999999997,7.619999999999999,16.310000000000002,10.77,25.81,6.56,15.11,7.38,16.11,9.65,16.91,12.17,13.69,7.3,21.409999999999997,28.81,26.61,20.51,13.95,7.109999999999999,6.22,8.05,15.21,12.09,17.509999999999998,6.56,20.409999999999997,8.870000000000001,15.51,6.66,13.95,6.289999999999999,21.21,7.289999999999999,17.509999999999998,8.75,11.07,6.14,21.11,9.69,18.71,7.08,15.11,15.81,7.5,11.42,8.93,20.409999999999997,12.39,9.44,7.34,17.71,43.21,6.93,32.41,11.1,16.310000000000002,8.969999999999999,49.11,23.61,9.02,12.49,27.61,7.55,7.34,7.55,7.44,10.18,7.72,6.92,8.57,8.16,26.11,16.310000000000002,9.02,7.609999999999999,232.01,55.809999999999995,20.11,8.309999999999999,131.01,4.489,4.418,4.475,4.577,4.460999999999999,4.462,4.529999999999999,4.455,4.52,4.425,4.5569999999999995,4.601,4.529,4.468,4.473,4.537,4.537,4.451
grenoble_m3-25,8.309999999999999,7.926,6.326,7.921,6.966,39.059,7.92,8.561,8.89,17.466,15.638,0.0,8.241,43.833,6.64,7.736,7.326,7.6,8.94,6.21,27.72,8.02,6.12,7.199999999999999,36.32,13.16,9.28,33.32,22.520000000000003,18.82,32.72,5.609999999999999,26.32,7.029999999999999,15.72,10.18,25.22,5.97,14.52,6.79,15.52,9.06,16.32,11.58,13.1,6.71,20.82,28.22,26.020000000000003,19.92,13.36,6.52,5.63,7.46,14.62,11.5,16.92,5.97,19.82,8.280000000000001,14.92,6.07,13.36,5.699999999999999,20.619999999999997,6.699999999999999,16.92,8.16,10.48,5.55,20.520000000000003,9.1,18.119999999999997,6.49,14.52,15.22,6.91,10.83,8.34,19.82,11.8,8.85,6.75,17.119999999999997,42.620000000000005,6.34,31.82,10.51,15.72,8.379999999999999,48.52,23.020000000000003,8.43,11.9,27.020000000000003,6.96,6.75,6.96,6.85,9.59,7.13,6.33,7.98,7.57,25.520000000000003,15.72,8.43,7.02,231.42,55.22,19.520000000000003,7.72,130.42,3.899,3.828,3.885,3.987,3.871,3.872,3.94,3.865,3.93,3.835,3.967,4.011,3.939,3.878,3.883,3.947,3.947,3.861
grenoble_m3-26,12.57,7.286,8.241,54.992,9.747,7.601,9.52,12.854,8.241,6.327,8.568,8.241,0.0,22.576,7.281,9.29,7.603,10.294,13.2,10.47,31.98,12.28,10.38,11.46,40.58,17.42,13.54,37.58,26.78,23.08,36.98,9.87,30.58,11.29,19.98,14.44,29.48,10.23,18.78,11.05,19.78,13.32,20.58,15.84,17.36,10.97,25.08,32.480000000000004,30.28,24.18,17.619999999999997,10.78,9.89,11.72,18.88,15.76,21.18,10.23,24.08,12.54,19.18,10.33,17.619999999999997,9.96,24.88,10.96,21.18,12.42,14.739999999999998,9.81,24.78,13.36,22.38,10.75,18.78,19.48,11.17,15.09,12.6,24.08,16.060000000000002,13.11,11.01,21.38,46.88,10.6,36.08,14.77,19.98,12.64,52.78,27.28,12.69,16.16,31.28,11.22,11.01,11.22,11.11,13.85,11.39,10.59,12.239999999999998,11.83,29.78,19.98,12.69,11.28,235.68,59.48,23.78,11.98,134.68,8.158999999999999,8.088,8.145,8.247,8.131,8.132,8.2,8.125,8.19,8.094999999999999,8.227,8.270999999999999,8.199,8.138,8.142999999999999,8.206999999999999,8.206999999999999,8.121
grenoble_m3-27,9.62,6.967,8.882,8.881,7.92,29.725,9.201,13.175,12.026,7.159,10.425,43.833,22.576,0.0,8.241,10.624,6.656,8.89,10.25,7.52,29.03,9.33,7.430000000000001,8.51,37.629999999999995,14.47,10.59,34.629999999999995,23.83,20.130000000000003,34.03,6.92,27.63,8.34,17.03,11.49,26.53,7.28,15.83,8.100000000000001,16.83,10.37,17.630000000000003,12.89,14.41,8.02,22.13,29.53,27.33,21.23,14.67,7.83,6.94,8.77,15.93,12.81,18.23,7.28,21.13,9.59,16.23,7.380000000000001,14.67,7.01,21.93,8.01,18.23,9.47,11.79,6.86,21.83,10.41,19.43,7.800000000000001,15.83,16.53,8.22,12.14,9.65,21.13,13.11,10.16,8.06,18.43,43.93000000000001,7.65,33.129999999999995,11.82,17.03,9.69,49.83,24.33,9.74,13.21,28.33,8.27,8.06,8.27,8.16,10.9,8.440000000000001,7.640000000000001,9.29,8.88,26.83,17.03,9.74,8.33,232.73,56.53,20.83,9.03,131.73,5.2090000000000005,5.138000000000001,5.195,5.297000000000001,5.181,5.182,5.25,5.175000000000001,5.24,5.1450000000000005,5.277,5.321000000000001,5.2490000000000006,5.188000000000001,5.1930000000000005,5.257000000000001,5.257000000000001,5.171
grenoble_m3-28,9.18,6.96,45.125,8.88,7.606,7.601,8.24,8.562,8.561,7.287,8.246,6.64,7.281,8.241,0.0,14.178,8.066,8.24,9.81,7.08,28.59,8.89,6.99,8.07,37.19,14.03,10.15,34.19,23.39,19.69,33.59,6.48,27.19,7.9,16.59,11.05,26.09,6.84,15.39,7.66,16.39,9.93,17.19,12.45,13.97,7.58,21.69,29.09,26.89,20.79,14.23,7.390000000000001,6.5,8.33,15.489999999999998,12.37,17.79,6.84,20.69,9.15,15.79,6.9399999999999995,14.23,6.57,21.49,7.57,17.79,9.03,11.35,6.42,21.39,9.97,18.99,7.359999999999999,15.39,16.09,7.78,11.7,9.21,20.69,12.670000000000002,9.72,7.62,17.99,43.49,7.21,32.69,11.38,16.59,9.25,49.39,23.89,9.3,12.77,27.89,7.83,7.62,7.83,7.720000000000001,10.46,8.0,7.2,8.85,8.440000000000001,26.39,16.59,9.3,7.890000000000001,232.29,56.09,20.39,8.59,131.29,4.769,4.698,4.755,4.857,4.741,4.742,4.8100000000000005,4.735,4.8,4.705,4.837,4.881,4.809,4.748,4.753,4.817,4.817,4.731
grenoble_m3-30,8.059999999999999,9.2,10.259,7.786,9.2,8.394,7.926,9.521,7.28,7.601,8.56,7.736,9.29,10.624,14.178,0.0,7.281,6.767,8.69,5.96,27.47,7.77,5.87,6.949999999999999,36.07,12.91,9.03,33.07,22.270000000000003,18.57,32.47,5.359999999999999,26.07,6.779999999999999,15.47,9.93,24.97,5.72,14.27,6.54,15.27,8.809999999999999,16.07,11.33,12.85,6.46,20.57,27.97,25.770000000000003,19.67,13.11,6.27,5.38,7.21,14.37,11.25,16.67,5.72,19.57,8.030000000000001,14.67,5.82,13.11,5.449999999999999,20.369999999999997,6.449999999999999,16.67,7.91,10.23,5.3,20.270000000000003,8.85,17.869999999999997,6.24,14.27,14.97,6.66,10.58,8.09,19.57,11.55,8.6,6.5,16.869999999999997,42.370000000000005,6.09,31.57,10.26,15.47,8.129999999999999,48.27,22.770000000000003,8.18,11.65,26.770000000000003,6.71,6.5,6.71,6.6,9.34,6.88,6.08,7.73,7.32,25.270000000000003,15.47,8.18,6.77,231.17,54.97,19.270000000000003,7.47,130.17,3.649,3.578,3.635,3.737,3.621,3.622,3.69,3.615,3.68,3.585,3.717,3.761,3.689,3.628,3.633,3.697,3.697,3.611
grenoble_m3-31,7.76,8.242,7.921,44.934,8.248,23.449,9.522,7.922,7.92,8.241,6.326,7.326,7.603,6.656,8.066,7.281,0.0,8.561,8.39,5.66,27.17,7.47,5.57,6.65,35.769999999999996,12.61,8.73,32.769999999999996,21.97,18.27,32.17,5.0600000000000005,25.77,6.48,15.170000000000002,9.63,24.67,5.42,13.97,6.24,14.97,8.51,15.77,11.03,12.55,6.16,20.27,27.67,25.47,19.37,12.81,5.970000000000001,5.08,6.91,14.07,10.95,16.37,5.42,19.27,7.73,14.37,5.52,12.81,5.15,20.07,6.15,16.37,7.61,9.93,5.0,19.97,8.55,17.57,5.9399999999999995,13.97,14.670000000000002,6.36,10.28,7.79,19.27,11.25,8.3,6.2,16.57,42.07,5.79,31.27,9.96,15.170000000000002,7.83,47.97,22.47,7.88,11.35,26.47,6.41,6.2,6.41,6.300000000000001,9.04,6.58,5.78,7.43,7.0200000000000005,24.97,15.170000000000002,7.88,6.470000000000001,230.87,54.669999999999995,18.97,7.17,129.87,3.349,3.278,3.335,3.4370000000000003,3.321,3.322,3.39,3.315,3.38,3.285,3.4170000000000003,3.4610000000000003,3.389,3.3280000000000003,3.333,3.397,3.397,3.311
grenoble_m3-32,7.619999999999999,8.881,7.6,6.966,68.043,6.327,7.287,6.641,7.92,8.88,8.56,7.6,10.294,8.89,8.24,6.767,8.561,0.0,8.25,5.52,27.03,7.33,5.43,6.51,35.629999999999995,12.47,8.59,32.629999999999995,21.83,18.13,32.03,4.92,25.63,6.34,15.03,9.49,24.53,5.279999999999999,13.83,6.1,14.83,8.37,15.63,10.89,12.41,6.02,20.13,27.53,25.33,19.23,12.67,5.83,4.9399999999999995,6.77,13.93,10.81,16.23,5.279999999999999,19.13,7.59,14.23,5.38,12.67,5.01,19.93,6.01,16.23,7.470000000000001,9.79,4.859999999999999,19.83,8.41,17.43,5.8,13.83,14.53,6.220000000000001,10.14,7.65,19.13,11.11,8.16,6.0600000000000005,16.43,41.93,5.65,31.13,9.82,15.03,7.69,47.83,22.33,7.74,11.21,26.33,6.27,6.0600000000000005,6.27,6.16,8.9,6.4399999999999995,5.640000000000001,7.289999999999999,6.880000000000001,24.83,15.03,7.74,6.33,230.73,54.529999999999994,18.83,7.029999999999999,129.73,3.209,3.138,3.195,3.2969999999999997,3.181,3.182,3.25,3.175,3.24,3.145,3.277,3.3209999999999997,3.249,3.188,3.193,3.257,3.257,3.171
grenoble_m3-177,10.41,13.45,15.25,8.28,8.7,11.6,10.04,10.72,11.31,24.12,9.53,8.94,13.2,10.25,9.81,8.69,8.39,8.25,0.0,31.335,40.888,11.583,16.282,9.52,7.921,63.611,20.838,35.42,24.62,20.92,34.82,7.709999999999999,28.42,9.13,17.82,12.28,27.32,8.07,16.619999999999997,8.89,17.619999999999997,11.16,18.42,13.68,15.2,8.809999999999999,22.92,30.32,28.12,22.02,15.46,8.62,7.73,9.56,16.72,13.6,19.02,8.07,21.92,10.38,17.02,8.17,15.46,7.799999999999999,22.72,8.799999999999999,19.02,10.26,12.579999999999998,7.65,22.62,11.2,20.22,8.59,16.619999999999997,17.32,9.01,12.93,10.44,21.92,13.9,10.95,8.85,19.22,44.72,8.44,33.92,12.61,17.82,10.48,50.620000000000005,25.12,10.53,14.0,29.12,9.06,8.85,9.06,8.95,11.69,9.23,8.43,10.079999999999998,9.67,27.62,17.82,10.53,9.12,233.52,57.31999999999999,21.62,9.82,132.52,5.999,5.928,5.984999999999999,6.087,5.970999999999999,5.9719999999999995,6.039999999999999,5.965,6.029999999999999,5.935,6.066999999999999,6.111,6.039,5.978,5.983,6.047,6.047,5.960999999999999
grenoble_m3-178,7.68,10.72,12.52,5.55,5.970000000000001,8.870000000000001,7.31,7.99,8.58,21.39,6.8,6.21,10.47,7.52,7.08,5.96,5.66,5.52,31.335,0.0,9.21,7.39,8.879,6.57,35.69,15.328,8.65,32.69,21.89,18.19,32.09,4.98,25.69,6.4,15.09,9.55,24.59,5.34,13.89,6.16,14.89,8.43,15.69,10.95,12.47,6.08,20.19,27.59,25.39,19.29,12.73,5.890000000000001,5.0,6.83,13.989999999999998,10.87,16.29,5.34,19.19,7.65,14.29,5.4399999999999995,12.73,5.07,19.99,6.07,16.29,7.53,9.85,4.92,19.89,8.469999999999999,17.49,5.859999999999999,13.89,14.59,6.28,10.2,7.71,19.19,11.170000000000002,8.219999999999999,6.12,16.49,41.99,5.71,31.19,9.88,15.09,7.75,47.89,22.39,7.8,11.27,26.39,6.33,6.12,6.33,6.220000000000001,8.96,6.5,5.7,7.35,6.94,24.89,15.09,7.8,6.390000000000001,230.79,54.59,18.89,7.09,129.79,3.269,3.198,3.255,3.357,3.241,3.242,3.31,3.235,3.3,3.205,3.337,3.381,3.309,3.248,3.253,3.317,3.317,3.231
grenoble_m3-179,29.19,32.230000000000004,34.03,27.06,27.48,30.380000000000003,28.82,29.5,30.09,42.900000000000006,28.31,27.72,31.98,29.03,28.59,27.47,27.17,27.03,40.888,9.21,0.0,9.303,9.528,7.28,9.973,10.159,32.884,8.881,9.974,10.481,57.309,26.49,16.998,27.91,36.6,31.06,8.242,26.85,8.88,27.67,36.4,29.94,37.2,32.46,33.980000000000004,27.59,41.7,49.1,46.900000000000006,40.8,34.24,27.4,26.51,28.34,35.5,32.38,37.8,26.85,40.7,29.16,35.8,26.95,34.24,26.58,41.5,27.58,37.8,29.04,31.36,26.43,41.400000000000006,29.98,39.0,27.37,35.4,36.1,27.79,31.71,29.22,40.7,32.68,29.73,27.630000000000003,38.0,63.5,27.22,52.7,31.39,36.6,29.26,69.4,43.900000000000006,29.31,32.78,47.900000000000006,27.84,27.630000000000003,27.84,27.73,30.47,28.01,27.21,28.86,28.450000000000003,46.400000000000006,36.6,29.31,27.9,252.3,76.1,40.400000000000006,28.6,151.3,24.779,24.708,24.765,24.867,24.751,24.752,24.82,24.745,24.81,24.715,24.847,24.891,24.819,24.758,24.763,24.827,24.827,24.741
grenoble_m3-181,9.489999999999998,12.53,14.33,7.359999999999999,7.779999999999999,10.68,9.12,9.8,10.39,23.200000000000003,8.61,8.02,12.28,9.33,8.89,7.77,7.47,7.33,11.583,7.39,9.303,0.0,7.3,15.8,28.792,16.822,8.24,8.561,7.287,54.75,7.6,6.789999999999999,8.24,19.029,16.9,11.36,9.201,25.519,15.615,7.97,16.7,10.239999999999998,17.5,12.76,14.28,7.89,22.0,29.4,27.200000000000003,21.1,14.54,7.699999999999999,6.81,8.64,15.8,12.68,18.1,7.1499999999999995,21.0,9.46,16.1,7.25,14.54,6.879999999999999,21.799999999999997,7.879999999999999,18.1,9.34,11.66,6.7299999999999995,21.700000000000003,10.28,19.299999999999997,7.67,15.7,16.4,8.09,12.01,9.52,21.0,12.98,10.03,7.93,18.299999999999997,43.8,7.52,33.0,11.69,16.9,9.56,49.7,24.200000000000003,9.61,13.08,28.200000000000003,8.14,7.93,8.14,8.03,10.77,8.309999999999999,7.51,9.16,8.75,26.700000000000003,16.9,9.61,8.2,232.6,56.4,20.700000000000003,8.899999999999999,131.6,5.079,5.008,5.0649999999999995,5.167,5.050999999999999,5.052,5.119999999999999,5.045,5.109999999999999,5.015,5.146999999999999,5.191,5.119,5.058,5.063,5.127,5.127,5.0409999999999995
grenoble_m3-182,7.59,10.63,12.43,5.46,5.880000000000001,8.780000000000001,7.22,7.9,8.49,21.3,6.71,6.12,10.38,7.430000000000001,6.99,5.87,5.57,5.43,16.282,8.879,9.528,7.3,0.0,71.44,35.6,9.201,8.561,7.287,14.315,13.613,8.569,9.588,8.246,9.761,9.52,9.46,8.567,17.371,13.8,6.07,14.8,8.34,15.6,10.86,12.38,5.99,20.1,27.5,25.3,19.2,12.64,5.800000000000001,4.91,6.74,13.9,10.78,16.2,5.25,19.1,7.56,14.2,5.35,12.64,4.98,19.9,5.98,16.2,7.44,9.76,4.83,19.8,8.379999999999999,17.4,5.77,13.8,14.5,6.19,10.11,7.62,19.1,11.080000000000002,8.129999999999999,6.03,16.4,41.900000000000006,5.62,31.1,9.79,15.0,7.66,47.8,22.3,7.71,11.18,26.3,6.24,6.03,6.24,6.130000000000001,8.870000000000001,6.41,5.61,7.26,6.8500000000000005,24.8,15.0,7.71,6.300000000000001,230.7,54.5,18.8,7.0,129.7,3.1790000000000003,3.108,3.165,3.2670000000000003,3.151,3.152,3.22,3.145,3.21,3.115,3.2470000000000003,3.2910000000000004,3.2190000000000003,3.1580000000000004,3.1630000000000003,3.2270000000000003,3.2270000000000003,3.141
grenoble_m3-183,8.67,11.71,13.51,6.539999999999999,6.96,9.86,8.299999999999999,8.98,9.57,22.380000000000003,7.789999999999999,7.199999999999999,11.46,8.51,8.07,6.949999999999999,6.65,6.51,9.52,6.57,7.28,15.8,71.44,0.0,8.882,14.133,7.927,66.186,10.481,10.479,14.773,7.607,67.45,59.745,7.28,7.601,7.921,6.33,13.693,7.6,16.213,6.959,16.68,11.94,13.46,7.07,21.18,28.58,26.380000000000003,20.28,13.72,6.88,5.99,7.82,14.98,11.86,17.28,6.33,20.18,8.64,15.28,6.43,13.72,6.06,20.98,7.06,17.28,8.52,10.84,5.91,20.880000000000003,9.46,18.48,6.85,14.88,15.58,7.27,11.19,8.7,20.18,12.16,9.21,7.109999999999999,17.48,42.98,6.699999999999999,32.18,10.87,16.080000000000002,8.74,48.88,23.380000000000003,8.79,12.26,27.380000000000003,7.32,7.109999999999999,7.32,7.21,9.95,7.49,6.6899999999999995,8.34,7.93,25.880000000000003,16.080000000000002,8.79,7.38,231.78,55.58,19.880000000000003,8.08,130.78,4.2589999999999995,4.188,4.245,4.3469999999999995,4.231,4.232,4.3,4.225,4.29,4.194999999999999,4.327,4.371,4.2989999999999995,4.2379999999999995,4.242999999999999,4.3069999999999995,4.3069999999999995,4.221
grenoble_m3-184,37.79,40.83,42.629999999999995,35.66,36.08,38.98,37.42,38.1,38.69,51.5,36.91,36.32,40.58,37.629999999999995,37.19,36.07,35.769999999999996,35.629999999999995,7.921,35.69,9.973,28.792,35.6,8.882,0.0,10.427,7.927,22.355,7.652,10.16,8.247,35.089999999999996,11.266,8.24,15.438,59.942,7.287,7.6,6.646,36.27,45.0,38.54,45.8,41.06,42.58,36.19,50.3,57.7,55.5,49.4,42.84,36.0,35.11,36.94,44.099999999999994,40.98,46.4,35.449999999999996,49.3,37.76,44.4,35.55,42.84,35.18,50.099999999999994,36.18,46.4,37.64,39.96,35.03,50.0,38.58,47.599999999999994,35.97,44.0,44.7,36.39,40.31,37.82,49.3,41.28,38.33,36.23,46.599999999999994,72.1,35.82,61.3,39.989999999999995,45.2,37.86,78.0,52.5,37.91,41.379999999999995,56.5,36.44,36.23,36.44,36.33,39.07,36.61,35.81,37.46,37.05,55.0,45.2,37.91,36.5,260.9,84.69999999999999,49.0,37.2,159.9,33.379,33.308,33.365,33.467,33.351,33.352,33.42,33.345,33.41,33.315,33.446999999999996,33.491,33.419,33.358,33.363,33.427,33.427,33.341
grenoble_m3-185,14.63,17.67,19.47,12.5,12.92,15.82,14.26,14.94,15.53,28.340000000000003,13.75,13.16,17.42,14.47,14.03,12.91,12.61,12.47,63.611,15.328,10.159,16.822,9.201,14.133,10.427,0.0,8.241,19.712,14.315,9.841,8.241,16.893,32.64,11.53,7.601,17.696,58.791,6.326,29.422,13.11,19.029,15.38,22.64,17.9,19.42,13.03,27.14,34.54,32.34,26.24,19.68,12.84,11.95,13.78,20.94,17.82,23.24,12.29,26.14,14.6,21.24,12.39,19.68,12.02,26.94,13.02,23.24,14.48,16.8,11.87,26.840000000000003,15.42,24.44,12.81,20.84,21.54,13.23,17.15,14.66,26.14,18.12,15.17,13.07,23.44,48.940000000000005,12.66,38.14,16.83,22.04,14.7,54.84,29.340000000000003,14.75,18.22,33.34,13.28,13.07,13.28,13.17,15.91,13.45,12.65,14.3,13.89,31.840000000000003,22.04,14.75,13.34,237.74,61.54,25.840000000000003,14.04,136.74,10.219,10.148,10.205,10.307,10.191,10.192,10.26,10.185,10.25,10.155,10.287,10.331,10.259,10.198,10.203,10.267,10.267,10.181
grenoble_m3-188,10.75,13.79,15.59,8.620000000000001,9.04,11.94,10.38,11.06,11.65,24.46,9.87,9.28,13.54,10.59,10.15,9.03,8.73,8.59,20.838,8.65,32.884,8.24,8.561,7.927,7.927,8.241,0.0,23.703,8.56,7.606,8.879,9.707,9.575,17.584,9.401,8.881,9.84,64.796,7.279,10.48,9.519,8.24,18.76,14.02,15.54,9.15,23.26,30.66,28.46,22.36,15.8,8.96,8.07,9.9,17.06,13.94,19.36,8.41,22.26,10.72,17.36,8.51,15.8,8.14,23.06,9.14,19.36,10.6,12.92,7.99,22.96,11.54,20.56,8.93,16.96,17.66,9.35,13.27,10.78,22.26,14.240000000000002,11.29,9.19,19.56,45.06,8.780000000000001,34.26,12.95,18.16,10.82,50.96,25.46,10.87,14.34,29.46,9.4,9.19,9.4,9.29,12.03,9.57,8.77,10.42,10.010000000000002,27.96,18.16,10.87,9.46,233.86,57.66,21.96,10.16,132.86,6.339,6.268000000000001,6.325,6.4270000000000005,6.311,6.312,6.380000000000001,6.305000000000001,6.37,6.275,6.407,6.4510000000000005,6.379,6.3180000000000005,6.323,6.3870000000000005,6.3870000000000005,6.301
grenoble_m3-189,34.79,37.83,39.629999999999995,32.66,33.08,35.98,34.42,35.1,35.69,48.5,33.91,33.32,37.58,34.629999999999995,34.19,33.07,32.769999999999996,32.629999999999995,35.42,32.69,8.881,8.561,7.287,66.186,22.355,19.712,23.703,0.0,24.663,9.84,8.889,12.549,6.327,21.205,9.974,6.646,8.879,9.521,7.919,7.281,42.0,7.28,42.8,38.06,39.58,8.239,47.3,16.114,52.5,46.4,39.84,33.0,32.11,33.94,41.099999999999994,37.98,43.4,32.449999999999996,46.3,34.76,41.4,32.55,39.84,32.18,47.099999999999994,33.18,43.4,34.64,36.96,32.03,47.0,35.58,44.599999999999994,32.97,41.0,41.7,33.39,37.31,34.82,46.3,38.28,35.33,33.23,43.599999999999994,69.1,32.82,58.3,36.989999999999995,42.2,34.86,75.0,49.5,34.91,38.379999999999995,53.5,33.44,33.23,33.44,33.33,36.07,33.61,32.81,34.46,34.05,52.0,42.2,34.91,33.5,257.9,81.69999999999999,46.0,34.199999999999996,8.881,30.379,30.308,30.365,30.467,30.351,30.352,30.42,30.345,30.41,30.315,30.447,30.491,30.418999999999997,30.357999999999997,30.363,30.427,30.427,30.341
grenoble_m3-191,23.99,27.03,28.83,21.86,22.28,25.18,23.62,24.3,24.89,37.7,23.11,22.520000000000003,26.78,23.83,23.39,22.270000000000003,21.97,21.83,24.62,21.89,9.974,7.287,14.315,10.481,7.652,14.315,8.56,24.663,0.0,8.255,9.521,7.287,7.289,14.133,12.533,10.392,7.28,8.561,6.326,10.159,8.241,7.279,32.0,65.053,28.78,22.39,36.5,11.621,41.7,35.6,29.04,22.200000000000003,21.31,23.14,30.3,27.18,32.6,21.65,35.5,23.96,30.6,21.75,29.04,21.380000000000003,36.3,22.380000000000003,32.6,23.840000000000003,26.16,21.23,36.2,24.78,33.8,22.17,30.200000000000003,30.9,22.590000000000003,26.51,24.020000000000003,35.5,27.480000000000004,24.53,22.43,32.8,58.3,22.020000000000003,47.5,26.19,31.4,24.06,64.2,38.7,24.11,27.58,42.7,22.64,22.43,22.64,22.53,25.270000000000003,22.81,22.01,23.66,23.25,41.2,31.4,24.11,22.700000000000003,247.1,70.9,35.2,23.4,8.889,19.579,19.508000000000003,19.565,19.667,19.551,19.552000000000003,19.62,19.545,19.610000000000003,19.515,19.647,19.691000000000003,19.619,19.558,19.563,19.627,19.627,19.541
grenoble_m3-192,20.29,23.33,25.130000000000003,18.16,18.58,21.48,19.92,20.6,21.19,34.0,19.41,18.82,23.08,20.130000000000003,19.69,18.57,18.27,18.13,20.92,18.19,10.481,54.75,13.613,10.479,10.16,9.841,7.606,9.84,8.255,0.0,7.287,12.213,7.281,8.246,9.707,7.6,9.84,9.199,8.246,8.24,8.88,14.873,28.3,8.559,25.08,18.69,32.8,24.938,38.0,31.9,25.34,18.5,17.61,19.44,26.6,23.48,28.9,17.95,31.799999999999997,20.26,26.9,18.05,25.34,17.68,32.6,18.68,28.9,20.14,22.46,17.53,32.5,21.08,30.1,18.47,26.5,27.200000000000003,18.89,22.81,20.32,31.799999999999997,23.78,20.83,18.73,29.1,54.6,18.32,43.8,22.49,27.700000000000003,20.36,60.5,35.0,20.41,23.880000000000003,39.0,18.94,18.73,18.94,18.83,21.57,19.11,18.31,19.96,19.55,37.5,27.700000000000003,20.41,19.0,243.4,67.2,31.5,19.7,9.519,15.879,15.808,15.865,15.967,15.851,15.852,15.92,15.845,15.91,15.815,15.947,15.991,15.919,15.858,15.863,15.927,15.927,15.841
grenoble_m3-193,34.19,37.23,39.03,32.06,32.480000000000004,35.38,33.82,34.5,35.09,47.900000000000006,33.31,32.72,36.98,34.03,33.59,32.47,32.17,32.03,34.82,32.09,57.309,7.6,8.569,14.773,8.247,8.241,8.879,8.889,9.521,7.287,0.0,6.961,8.24,29.12,9.841,8.561,8.56,7.28,6.325,9.335,7.6,67.969,7.605,8.239,38.98,32.59,46.7,26.284,51.900000000000006,45.8,39.24,32.4,31.51,33.34,40.5,37.38,42.8,31.85,45.7,34.160000000000004,40.8,31.95,39.24,31.58,46.5,32.58,42.8,34.04,36.36,31.43,46.400000000000006,34.980000000000004,44.0,32.37,40.4,41.1,32.79,36.71,34.22,45.7,37.68,34.730000000000004,32.63,43.0,68.5,32.22,57.7,36.39,41.6,34.26,74.4,48.900000000000006,34.31,37.78,52.900000000000006,32.84,32.63,32.84,32.730000000000004,35.47,33.01,32.21,33.86,33.45,51.400000000000006,41.6,34.31,32.9,257.3,81.1,45.400000000000006,33.6,9.84,29.779,29.708,29.765,29.867,29.751,29.752,29.82,29.745,29.81,29.715,29.847,29.891,29.819,29.758,29.763,29.827,29.827,29.741
grenoble_m3-195,7.08,10.12,11.92,4.949999999999999,5.37,8.27,6.709999999999999,7.390000000000001,7.98,20.790000000000003,6.199999999999999,5.609999999999999,9.87,6.92,6.48,5.359999999999999,5.0600000000000005,4.92,7.709999999999999,4.98,26.49,6.789999999999999,9.588,7.607,35.089999999999996,16.893,9.707,12.549,7.287,12.213,6.961,0.0,23.355,8.561,10.027,10.159,11.547,6.645,6.012,7.73,51.11,13.305,7.926,7.28,11.87,10.981,19.59,26.99,8.88,18.69,12.13,8.246,4.4,6.23,13.39,10.27,15.69,4.74,18.59,7.050000000000001,13.69,4.84,12.13,4.47,19.39,5.47,15.69,6.93,9.25,4.32,19.290000000000003,7.869999999999999,16.89,5.26,13.29,13.99,5.68,9.6,7.109999999999999,18.59,10.57,7.619999999999999,5.52,15.89,41.39,5.109999999999999,30.59,9.28,14.49,7.15,47.29,21.790000000000003,7.199999999999999,10.67,25.790000000000003,5.73,5.52,5.73,5.62,8.36,5.9,5.1,6.75,6.34,24.290000000000003,14.49,7.199999999999999,5.79,230.19,53.989999999999995,18.290000000000003,6.49,129.19,2.669,2.598,2.655,2.7569999999999997,2.641,2.642,2.71,2.635,2.7,2.605,2.737,2.7809999999999997,2.709,2.648,2.653,2.717,2.717,2.631
grenoble_m3-196,27.79,30.83,32.629999999999995,25.659999999999997,26.08,28.979999999999997,27.42,28.1,28.69,41.5,26.909999999999997,26.32,30.58,27.63,27.19,26.07,25.77,25.63,28.42,25.69,16.998,8.24,8.246,67.45,11.266,32.64,9.575,6.327,7.289,7.281,8.24,23.355,0.0,7.607,6.975,9.521,18.745,7.605,7.6,26.946,8.56,6.011,11.475,8.245,32.58,7.6,40.3,7.925,8.56,39.4,32.839999999999996,39.433,25.11,26.94,34.099999999999994,30.979999999999997,36.4,7.28,39.3,27.76,34.4,25.549999999999997,32.839999999999996,25.18,40.099999999999994,14.682,36.4,27.64,29.959999999999997,25.03,40.0,28.58,37.599999999999994,25.97,34.0,34.7,26.39,30.31,27.82,39.3,31.28,28.33,26.229999999999997,36.599999999999994,62.1,25.82,51.3,29.99,35.2,27.86,68.0,42.5,27.909999999999997,31.38,46.5,26.44,26.229999999999997,26.44,26.33,29.07,26.61,25.81,27.459999999999997,27.049999999999997,45.0,35.2,27.909999999999997,26.5,250.9,74.69999999999999,39.0,27.2,8.88,23.379,23.308,23.365,23.467,23.351,23.352,23.42,23.345,23.41,23.315,23.447,23.491,23.418999999999997,23.357999999999997,23.363,23.427,23.427,23.341
grenoble_m3-197,8.5,11.54,13.34,6.369999999999999,6.79,9.69,8.129999999999999,8.81,9.4,22.21,7.619999999999999,7.029999999999999,11.29,8.34,7.9,6.779999999999999,6.48,6.34,9.13,6.4,27.91,19.029,9.761,59.745,8.24,11.53,17.584,21.205,14.133,8.246,29.12,8.561,7.607,0.0,7.927,8.24,8.56,6.959,8.24,8.246,10.488,20.931,18.425,9.2,9.2,13.176,21.01,17.834,20.025,20.11,13.55,8.245,5.82,7.606,14.81,50.428,17.11,6.966,20.01,8.47,15.11,7.286,13.55,10.661,20.81,6.326,17.11,8.35,10.67,5.74,20.71,9.29,18.31,6.68,14.71,15.41,7.1,11.02,8.53,20.01,11.99,9.04,6.9399999999999995,17.31,42.81,6.529999999999999,32.01,10.7,15.91,8.57,48.71,23.21,8.62,12.09,27.21,7.15,6.9399999999999995,7.15,7.04,9.78,7.32,6.52,8.17,7.76,25.71,15.91,8.62,7.21,231.61,55.41,19.71,7.91,6.012,8.559,4.018,4.075,4.177,4.061,4.062,4.13,4.055,4.12,4.0249999999999995,4.157,4.201,4.129,4.068,4.0729999999999995,4.137,4.137,4.051
grenoble_m3-198,17.19,20.23,22.03,15.06,15.48,18.380000000000003,16.82,17.5,18.09,30.9,16.310000000000002,15.72,19.98,17.03,16.59,15.47,15.170000000000002,15.03,17.82,15.09,36.6,16.9,9.52,7.28,15.438,7.601,9.401,9.974,12.533,9.707,9.841,10.027,6.975,7.927,0.0,9.84,9.84,8.879,8.561,6.325,9.84,6.645,25.200000000000003,8.245,12.023,8.559,6.326,8.559,8.239,28.8,7.6,7.279,14.510000000000002,16.34,23.5,8.881,13.541,14.85,28.7,17.16,23.8,14.95,22.24,14.58,29.5,15.58,25.8,17.04,19.36,14.43,29.4,17.98,27.0,15.37,23.4,24.1,15.79,19.71,17.22,28.7,20.68,17.73,15.63,26.0,51.5,15.22,40.7,19.39,24.6,17.26,57.400000000000006,31.9,17.310000000000002,20.78,35.900000000000006,15.84,15.63,15.84,15.73,18.47,16.01,15.21,16.86,16.450000000000003,34.400000000000006,24.6,17.310000000000002,15.9,240.3,64.1,28.4,16.6,6.959,8.559,12.708,12.765,12.867,12.751,12.752,12.82,12.745,12.81,12.715,12.847,12.891,12.819,12.758,12.763,12.827,12.827,12.741
grenoble_m3-199,11.65,14.69,16.490000000000002,9.52,9.94,12.84,11.28,11.96,12.55,25.36,10.77,10.18,14.44,11.49,11.05,9.93,9.63,9.49,12.28,9.55,31.06,11.36,9.46,7.601,59.942,17.696,8.881,6.646,10.392,7.6,8.561,10.159,9.521,8.24,9.84,0.0,8.241,6.961,8.559,11.253,10.479,6.967,9.981,8.881,24.103,51.043,24.159999999999997,8.246,8.245,8.753,7.606,8.88,8.969999999999999,16.94,17.96,14.84,20.26,12.128,23.159999999999997,11.62,18.26,9.41,16.7,9.04,23.96,10.04,20.26,11.5,13.82,8.89,23.86,12.44,21.46,9.83,17.86,18.56,10.25,14.17,11.68,23.159999999999997,15.14,12.19,10.09,20.46,45.96,9.68,35.16,13.85,19.06,11.72,51.86,26.36,11.77,15.24,30.36,10.3,10.09,10.3,10.19,12.93,10.47,9.67,11.32,10.91,28.86,19.06,11.77,10.36,234.76,58.559999999999995,22.86,11.06,8.88,44.522,7.168,7.225,7.327,7.210999999999999,7.212,7.279999999999999,7.205,7.27,7.175,7.307,7.351,7.279,7.218,7.223,7.287,7.287,7.201
grenoble_m3-200,26.69,29.73,31.53,24.56,24.98,27.880000000000003,26.32,27.0,27.59,40.400000000000006,25.81,25.22,29.48,26.53,26.09,24.97,24.67,24.53,27.32,24.59,8.242,9.201,8.567,7.921,7.287,58.791,9.84,8.879,7.28,9.84,8.56,11.547,18.745,8.56,9.84,8.241,0.0,9.52,7.279,8.562,10.159,7.279,10.666,10.159,43.815,22.228,39.2,24.327,14.132,11.62,27.902,9.2,10.479,25.84,7.279,9.208,35.3,24.35,38.2,26.66,33.3,41.777,31.74,8.88,39.0,7.606,35.3,26.54,28.86,23.93,38.900000000000006,27.48,36.5,24.87,32.9,33.6,25.29,29.21,26.72,38.2,30.18,27.23,25.130000000000003,35.5,61.0,24.72,50.2,28.89,34.1,26.76,66.9,41.400000000000006,26.81,30.28,45.400000000000006,25.34,25.130000000000003,25.34,25.23,27.97,25.51,24.71,26.36,25.950000000000003,43.900000000000006,34.1,26.81,25.4,249.8,73.6,37.900000000000006,26.1,9.519,8.24,22.208,22.265,22.367,22.251,22.252,22.32,22.245,22.31,22.215,22.347,22.391,22.319,22.258,22.263,22.327,22.327,22.241
grenoble_m3-201,7.44,10.48,12.28,5.31,5.73,8.629999999999999,7.069999999999999,7.75,8.34,21.15,6.56,5.97,10.23,7.28,6.84,5.72,5.42,5.279999999999999,8.07,5.34,26.85,25.519,17.371,6.33,7.6,6.326,64.796,9.521,8.561,9.199,7.28,6.645,7.605,6.959,8.879,6.961,9.52,0.0,7.28,8.88,11.893,8.24,32.39,9.521,6.013,20.985,6.961,8.561,9.52,8.561,7.921,5.65,4.76,12.581,44.268,9.84,10.159,7.286,18.95,20.587,14.05,5.199999999999999,12.489999999999998,17.422,19.75,9.2,16.05,7.29,9.61,4.68,11.621,8.23,17.25,51.456,13.65,14.35,6.04,19.907,7.47,18.95,10.93,7.98,5.88,16.25,41.75,5.47,30.95,9.64,14.85,7.51,47.65,22.15,7.56,11.03,26.15,6.09,5.88,6.09,5.98,8.719999999999999,6.26,5.46,7.109999999999999,6.7,24.65,14.85,7.56,6.15,230.55,54.349999999999994,18.65,6.85,8.559,17.631,2.9579999999999997,7.919,3.117,3.001,3.002,3.07,2.9949999999999997,3.0599999999999996,2.965,3.097,3.141,3.069,3.008,3.013,3.077,3.077,2.9909999999999997
grenoble_m3-202,15.989999999999998,19.03,20.83,13.86,14.28,17.18,15.62,16.3,16.89,29.700000000000003,15.11,14.52,18.78,15.83,15.39,14.27,13.97,13.83,16.619999999999997,13.89,8.88,15.615,13.8,13.693,6.646,29.422,7.279,7.919,6.326,8.246,6.325,6.012,7.6,8.24,8.561,8.559,7.279,7.28,0.0,8.24,8.25,7.6,6.96,7.92,50.768,16.291,28.5,35.9,33.7,46.124,37.811,7.281,13.31,21.26,22.299999999999997,15.003,9.2,22.747,7.925,6.967,22.6,20.448,21.04,8.559,28.299999999999997,10.667,24.6,15.84,18.16,13.23,28.200000000000003,16.78,25.799999999999997,7.926,22.2,9.52,14.59,18.51,16.02,27.5,19.48,16.53,14.43,24.799999999999997,50.3,14.02,39.5,18.19,23.4,16.06,56.2,30.700000000000003,16.11,19.58,34.7,14.64,14.43,14.64,14.53,17.27,14.81,14.01,15.66,15.25,33.2,23.4,16.11,14.7,239.1,62.9,27.200000000000003,15.4,6.645,8.561,11.508,11.565,11.667,11.551,11.552,11.62,11.545,11.61,11.515,11.647,11.691,11.619,11.558,11.563,11.627,11.627,11.541
grenoble_m3-203,8.26,11.3,13.1,6.13,6.550000000000001,9.45,7.89,8.57,9.16,21.97,7.38,6.79,11.05,8.100000000000001,7.66,6.54,6.24,6.1,8.89,6.16,27.67,7.97,6.07,7.6,36.27,13.11,10.48,7.281,10.159,8.24,9.335,7.73,26.946,8.246,6.325,11.253,8.562,8.88,8.24,0.0,9.841,8.56,8.88,8.241,11.573,11.301,9.841,9.201,34.17,10.373,53.707,9.521,5.58,7.41,14.026,11.307,16.87,23.137,19.77,8.23,14.87,19.663,13.31,5.65,20.57,24.877,16.87,15.455,10.43,5.5,20.47,9.05,18.07,6.4399999999999995,14.47,15.170000000000002,6.86,10.78,8.29,19.77,11.75,8.8,6.7,17.07,42.57,6.29,31.77,10.46,15.670000000000002,8.33,48.47,22.97,8.379999999999999,11.85,26.97,6.91,6.7,6.91,6.800000000000001,9.54,7.08,6.28,7.93,7.52,25.47,15.670000000000002,8.379999999999999,6.970000000000001,231.37,55.169999999999995,19.47,7.67,8.239,7.606,3.778,6.645,3.937,3.821,3.822,3.89,3.815,3.88,3.785,3.917,3.961,3.889,3.828,3.833,3.897,3.897,3.811
grenoble_m3-204,16.99,20.03,21.83,14.86,15.28,18.18,16.619999999999997,17.3,17.89,30.700000000000003,16.11,15.52,19.78,16.83,16.39,15.27,14.97,14.83,17.619999999999997,14.89,36.4,16.7,14.8,16.213,45.0,19.029,9.519,42.0,8.241,8.88,7.6,51.11,8.56,10.488,9.84,10.479,10.159,11.893,8.25,9.841,0.0,6.013,39.715,9.84,24.507,16.234,10.278,9.201,6.961,20.699,7.921,8.241,8.881,37.44,10.939,9.199,8.176,8.88,27.747,8.88,6.959,6.96,12.845,7.92,8.88,8.56,8.239,11.626,19.16,14.23,29.200000000000003,27.531,26.149,8.88,23.2,7.28,15.59,24.185,17.02,32.617,20.48,24.187,27.122,25.799999999999997,51.3,15.02,40.5,19.19,54.518,17.06,57.2,31.700000000000003,17.11,20.58,35.7,15.64,15.43,15.64,15.53,18.27,15.81,15.01,16.66,16.25,34.2,24.4,17.11,15.7,240.1,63.9,28.200000000000003,16.4,8.88,7.92,12.301,8.559,37.456,20.303,7.605,7.92,8.559,12.61,7.286,12.647,64.779,12.619,12.558,12.563,12.627,12.627,12.541
grenoble_m3-205,10.53,13.57,15.37,8.399999999999999,8.82,11.72,10.16,10.84,11.43,24.24,9.65,9.06,13.32,10.37,9.93,8.809999999999999,8.51,8.37,11.16,8.43,29.94,10.239999999999998,8.34,6.959,38.54,15.38,8.24,7.28,7.279,14.873,67.969,13.305,6.011,20.931,6.645,6.967,7.279,8.24,7.6,8.56,6.013,0.0,9.398,10.161,7.601,10.987,45.128,6.974,21.065,14.536,8.649,6.96,7.85,9.68,9.014,7.6,19.14,7.293,22.04,10.5,17.14,7.286,15.579999999999998,7.92,22.84,20.169,19.14,10.38,12.7,57.767,22.74,9.848,20.34,7.919,16.74,17.44,9.13,13.05,10.56,19.231,14.02,11.07,6.965,19.34,44.84,8.559999999999999,34.04,12.73,17.94,10.6,50.74,25.24,10.65,14.12,29.24,9.18,8.969999999999999,9.18,9.07,11.81,9.35,8.55,10.2,9.79,27.74,17.94,10.65,9.24,233.64,57.44,21.74,9.94,9.199,8.559,10.66,6.325,14.535,13.221,6.092,6.16,6.085,6.1499999999999995,6.055,6.186999999999999,6.231,6.159,6.098,6.103,6.167,6.167,6.0809999999999995
grenoble_m3-207,17.79,20.83,22.630000000000003,15.66,16.080000000000002,18.98,17.42,18.1,18.69,31.5,16.91,16.32,20.58,17.630000000000003,17.19,16.07,15.77,15.63,18.42,15.69,37.2,17.5,15.6,16.68,45.8,22.64,18.76,42.8,32.0,28.3,7.605,7.926,11.475,18.425,25.200000000000003,9.981,10.666,32.39,6.96,8.88,39.715,9.398,0.0,7.6,8.881,15.008,40.062,31.661,6.975,11.573,9.529,7.921,9.201,32.564,20.943,8.56,26.4,8.239,29.299999999999997,24.596,24.4,15.55,22.84,15.18,30.1,48.307,26.4,17.64,19.96,15.03,30.0,18.58,27.6,15.97,24.0,24.700000000000003,16.39,20.31,17.82,29.299999999999997,21.28,18.33,16.23,26.6,52.1,15.82,41.3,19.99,25.200000000000003,17.86,58.0,32.5,17.91,21.380000000000003,36.5,16.44,16.23,16.44,16.330000000000002,19.07,16.61,15.81,17.46,17.05,35.0,25.200000000000003,17.91,16.5,240.9,64.7,29.0,17.2,10.161,6.959,15.257,13.365,13.467,13.351,13.352,13.42,13.345,13.41,13.315,13.447,13.491,13.419,13.358,13.363,13.427,13.427,13.341
grenoble_m3-208,13.05,16.09,17.89,10.92,11.34,14.24,12.68,13.36,13.95,26.76,12.17,11.58,15.84,12.89,12.45,11.33,11.03,10.89,13.68,10.95,32.46,12.76,10.86,11.94,41.06,17.9,14.02,38.06,65.053,8.559,8.239,7.28,8.245,9.2,8.245,8.881,10.159,9.521,7.92,8.241,9.84,10.161,7.6,0.0,13.173,7.286,12.532,9.2,24.779,28.848,41.37,9.951,35.379,16.554,14.691,25.053,7.281,11.621,10.479,8.56,64.726,7.92,18.1,6.959,25.36,14.326,31.128,12.9,15.22,6.645,10.352,62.353,22.86,9.386,19.26,19.96,11.65,52.386,13.08,24.56,16.54,13.59,8.239,21.86,47.36,11.08,36.56,15.25,20.46,13.12,53.260000000000005,27.76,13.17,16.64,31.76,11.7,11.49,11.7,11.59,14.33,11.87,11.07,12.72,12.31,30.26,20.46,13.17,11.76,236.16,59.959999999999994,24.26,12.46,8.56,8.56,13.493,16.788,8.56,8.611,8.612,8.68,8.605,8.67,8.575,8.707,8.751,8.679,8.618,8.623,8.687,8.687,8.601
grenoble_m3-209,14.57,17.61,19.41,12.44,12.86,15.76,14.2,14.88,15.47,28.28,13.69,13.1,17.36,14.41,13.97,12.85,12.55,12.41,15.2,12.47,33.980000000000004,14.28,12.38,13.46,42.58,19.42,15.54,39.58,28.78,25.08,38.98,11.87,32.58,9.2,12.023,24.103,43.815,6.013,50.768,11.573,24.507,7.601,8.881,13.173,0.0,8.531,6.326,12.385,10.161,19.573,14.96,10.935,7.922,9.234,20.943,6.013,9.2,12.23,26.08,14.54,21.18,12.33,19.619999999999997,11.96,26.88,12.96,23.18,55.505,16.74,11.81,26.78,15.36,24.38,12.75,20.78,21.48,13.17,17.09,14.6,26.08,18.06,15.11,13.01,23.38,48.88,12.6,38.08,16.77,21.98,14.64,54.78,29.28,14.69,18.16,33.28,13.22,13.01,13.22,13.11,15.85,13.39,12.59,14.239999999999998,13.83,31.78,21.98,14.69,13.28,237.68,61.48,25.78,13.98,7.28,9.199,10.088,8.24,8.56,10.131,10.132,10.2,10.125,10.19,10.095,10.227,10.271,10.199,10.138,10.143,10.207,10.207,10.121
grenoble_m3-210,8.18,11.22,13.02,6.05,6.470000000000001,9.37,7.81,8.49,9.08,21.89,7.3,6.71,10.97,8.02,7.58,6.46,6.16,6.02,8.809999999999999,6.08,27.59,7.89,5.99,7.07,36.19,13.03,9.15,8.239,22.39,18.69,32.59,10.981,7.6,13.176,8.559,51.043,22.228,20.985,16.291,11.301,16.234,10.987,15.008,7.286,8.531,0.0,8.56,8.826,8.295,29.299,8.248,8.24,6.966,10.293,7.6,7.926,16.79,10.081,15.84,8.56,11.891,7.605,13.23,9.199,8.239,9.84,7.916,8.030000000000001,10.35,14.88,10.16,8.56,8.559,7.919,7.28,6.96,6.78,17.507,63.124,6.959,11.670000000000002,7.925,15.507,16.99,42.49,9.839,31.69,10.38,15.59,8.25,48.39,22.89,8.3,11.77,26.89,6.83,6.62,6.83,6.720000000000001,9.46,7.0,6.2,7.85,7.44,25.39,15.59,8.3,6.890000000000001,231.29,55.09,19.39,7.59,8.559,8.879,9.84,9.76,3.857,3.741,3.742,3.81,3.735,3.8,3.705,3.837,3.881,3.809,3.748,3.753,3.817,3.817,3.731
grenoble_m3-211,22.29,25.33,27.13,20.159999999999997,20.58,23.479999999999997,21.92,22.6,23.19,36.0,21.409999999999997,20.82,25.08,22.13,21.69,20.57,20.27,20.13,22.92,20.19,41.7,22.0,20.1,21.18,50.3,27.14,23.26,47.3,36.5,32.8,46.7,19.59,40.3,21.01,6.326,24.159999999999997,39.2,6.961,28.5,9.841,10.278,45.128,40.062,12.532,6.326,8.56,0.0,9.2,8.598,6.152,7.28,6.966,10.16,8.241,9.52,7.28,7.563,10.159,33.8,33.314,17.561,6.966,27.339999999999996,60.188,34.599999999999994,34.236,30.9,22.14,24.459999999999997,11.534,34.5,23.08,32.099999999999994,20.47,28.5,29.2,20.89,24.81,22.32,33.8,25.78,22.83,20.729999999999997,31.1,56.6,20.32,45.8,24.49,29.7,22.36,62.5,37.0,22.409999999999997,25.88,41.0,20.94,20.729999999999997,20.94,20.83,23.57,21.11,20.31,21.959999999999997,21.549999999999997,39.5,29.7,22.409999999999997,21.0,245.4,69.19999999999999,33.5,21.7,9.839,7.6,7.599,17.865,17.967,17.851,17.852,17.919999999999998,17.845,17.91,17.814999999999998,17.947,17.991,17.918999999999997,17.857999999999997,17.863,17.927,17.927,17.840999999999998
grenoble_m3-212,29.69,32.730000000000004,34.53,27.56,27.98,30.880000000000003,29.32,30.0,30.59,43.400000000000006,28.81,28.22,32.480000000000004,29.53,29.09,27.97,27.67,27.53,30.32,27.59,49.1,29.4,27.5,28.58,57.7,34.54,30.66,16.114,11.621,24.938,26.284,26.99,7.925,17.834,8.559,8.246,24.327,8.561,35.9,9.201,9.201,6.974,31.661,9.2,12.385,8.826,9.2,0.0,7.605,6.966,7.926,9.841,9.841,6.96,8.561,8.561,8.561,25.731,9.2,10.159,8.81,6.325,7.279,6.96,7.6,7.6,10.932,6.326,31.86,8.758,32.589,30.48,39.5,9.84,35.9,13.916,13.727,32.21,20.792,46.336,52.56,30.23,12.455,38.5,64.0,27.72,53.2,31.89,6.326,29.76,69.9,44.400000000000006,29.81,33.28,20.869,28.34,28.130000000000003,28.34,28.23,30.97,28.51,27.71,29.36,28.950000000000003,46.900000000000006,37.1,29.81,28.4,252.8,76.6,40.900000000000006,29.1,8.879,9.84,9.2,34.284,8.559,30.965,25.252,25.32,25.245,25.31,25.215,25.347,25.391,25.319,25.258,25.263,25.327,25.327,25.241
grenoble_m3-214,27.49,30.53,32.33,25.36,25.78,28.68,27.12,27.8,28.39,41.2,26.61,26.020000000000003,30.28,27.33,26.89,25.770000000000003,25.47,25.33,28.12,25.39,46.900000000000006,27.200000000000003,25.3,26.380000000000003,55.5,32.34,28.46,52.5,41.7,38.0,51.900000000000006,8.88,8.56,20.025,8.239,8.245,14.132,9.52,33.7,34.17,6.961,21.065,6.975,24.779,10.161,8.295,8.598,7.605,0.0,8.241,8.24,8.88,8.241,6.645,9.708,12.533,6.96,8.559,8.952,16.553,10.763,8.56,32.54,24.880000000000003,39.8,9.84,36.1,12.223,29.66,7.279,13.222,58.32,6.646,8.753,9.019,30.289,26.090000000000003,11.3,27.520000000000003,23.258,30.980000000000004,18.272,9.84,36.3,61.8,19.664,51.0,29.69,34.900000000000006,27.56,11.814,42.2,27.61,31.08,46.2,26.14,25.93,26.14,26.03,28.770000000000003,26.31,25.51,27.16,26.75,44.7,34.900000000000006,27.61,26.200000000000003,250.6,74.4,38.7,26.9,8.88,13.221,23.008000000000003,8.88,23.167,23.051,23.052000000000003,23.12,23.045,23.110000000000003,23.015,23.147,23.191000000000003,23.119,23.058,23.063,23.127,23.127,23.041
grenoble_m3-215,21.39,24.43,26.23,19.26,19.68,22.58,21.02,21.7,22.29,35.1,20.51,19.92,24.18,21.23,20.79,19.67,19.37,19.23,22.02,19.29,40.8,21.1,19.2,20.28,49.4,26.24,22.36,46.4,35.6,31.9,45.8,18.69,39.4,20.11,28.8,8.753,11.62,8.561,46.124,10.373,20.699,14.536,11.573,28.848,19.573,29.299,6.152,6.966,8.241,0.0,7.601,9.521,8.88,9.2,17.722,7.489,6.012,6.326,7.599,20.02,8.24,7.286,26.44,21.467,68.239,15.961,18.069,21.24,23.56,18.63,33.6,22.18,31.2,19.57,27.6,31.457,19.99,23.91,21.42,32.9,24.880000000000003,21.93,19.83,30.2,55.7,19.42,44.9,23.59,28.8,21.46,61.6,36.1,21.51,24.98,40.1,20.04,19.83,20.04,19.93,22.67,20.21,19.41,21.06,20.65,38.6,28.8,21.51,20.1,244.5,68.3,32.6,20.8,9.199,6.96,16.908,16.965,17.067,16.951,16.952,17.02,16.945,17.01,16.915,17.047,17.091,17.019,16.958,16.963,17.027,17.027,16.941
grenoble_m3-216,14.829999999999998,17.869999999999997,19.67,12.7,13.12,16.02,14.46,15.14,15.73,28.54,13.95,13.36,17.619999999999997,14.67,14.23,13.11,12.81,12.67,15.46,12.73,34.24,14.54,12.64,13.72,42.84,19.68,15.8,39.84,29.04,25.34,39.24,12.13,32.839999999999996,13.55,7.6,7.606,27.902,7.921,37.811,53.707,7.921,8.649,9.529,41.37,14.96,8.248,7.28,7.926,8.24,7.601,0.0,8.561,15.866,7.926,7.92,10.167,26.562,8.239,9.2,19.651,7.599,7.925,34.032,12.22,7.964,8.879,23.44,10.666,7.609,7.926,27.04,6.966,24.64,23.611,9.653,21.74,19.849,7.92,14.86,8.88,18.32,8.561,25.416,51.351,49.14,11.621,38.34,17.03,22.24,14.9,9.521,29.54,14.95,18.42,33.54,13.48,13.27,13.48,13.37,16.11,13.65,12.85,14.5,14.09,32.04,22.24,14.95,13.54,237.94,61.739999999999995,26.04,14.239999999999998,9.199,10.419,7.919,14.51,10.66,10.391,10.392,10.46,10.385,10.45,10.355,10.487,10.531,10.459,10.398,10.403,10.467,10.467,10.381
grenoble_m3-218,7.99,11.03,12.83,5.859999999999999,6.28,9.18,7.619999999999999,8.3,8.89,21.700000000000003,7.109999999999999,6.52,10.78,7.83,7.390000000000001,6.27,5.970000000000001,5.83,8.62,5.890000000000001,27.4,7.699999999999999,5.800000000000001,6.88,36.0,12.84,8.96,33.0,22.200000000000003,18.5,32.4,8.246,39.433,8.245,7.279,8.88,9.2,5.65,7.281,9.521,8.241,6.96,7.921,9.951,10.935,8.24,6.966,9.841,8.88,9.521,8.561,0.0,7.602,8.242,7.921,7.61,8.559,7.28,24.404,7.867,6.325,8.249,24.304,65.12,7.286,6.326,8.879,8.152,39.469,22.677,9.199,7.921,7.28,6.012,30.724,21.604,24.348,6.966,9.84,10.293,11.48,8.53,6.43,13.532,42.3,6.02,31.5,10.19,7.927,8.06,18.383,22.700000000000003,8.11,11.58,26.700000000000003,6.640000000000001,6.43,6.640000000000001,6.53,9.27,6.8100000000000005,6.01,7.926,7.25,25.200000000000003,15.4,8.11,6.7,231.1,54.9,19.200000000000003,7.4,6.96,6.646,6.966,8.239,3.667,3.551,3.552,3.62,3.545,3.61,3.515,3.647,3.691,3.619,3.5580000000000003,3.563,3.627,3.627,3.541
grenoble_m3-219,7.1,10.14,11.94,4.97,5.390000000000001,8.29,6.7299999999999995,7.41,8.0,20.81,6.22,5.63,9.89,6.94,6.5,5.38,5.08,4.9399999999999995,7.73,5.0,26.51,6.81,4.91,5.99,35.11,11.95,8.07,32.11,21.31,17.61,31.51,4.4,25.11,5.82,14.510000000000002,8.969999999999999,10.479,4.76,13.31,5.58,8.881,7.85,9.201,35.379,7.922,6.966,10.16,9.841,8.241,8.88,15.866,7.602,0.0,8.562,9.201,6.013,25.918,8.561,8.24,9.2,7.286,9.2,12.15,22.432,20.992,7.28,34.011,16.35,9.27,4.34,19.31,15.338,16.91,10.165,13.31,14.010000000000002,5.7,9.62,7.13,18.61,10.59,7.64,5.54,15.91,41.41,5.13,30.61,9.3,14.510000000000002,7.17,47.31,21.81,7.22,10.69,25.81,5.75,5.54,5.75,5.640000000000001,8.379999999999999,5.92,5.12,6.77,6.36,24.31,14.510000000000002,7.22,5.8100000000000005,230.21,54.01,18.31,6.51,8.56,2.689,2.618,2.675,2.777,2.661,2.662,2.73,2.655,2.72,2.625,2.757,2.801,2.729,2.668,2.673,2.737,2.737,2.651
grenoble_m3-220,8.93,11.97,13.77,6.8,7.220000000000001,10.12,8.559999999999999,9.24,9.83,22.64,8.05,7.46,11.72,8.77,8.33,7.21,6.91,6.77,9.56,6.83,28.34,8.64,6.74,7.82,36.94,13.78,9.9,33.94,23.14,19.44,33.34,6.23,26.94,7.606,16.34,16.94,25.84,12.581,21.26,7.41,37.44,9.68,32.564,16.554,9.234,10.293,8.241,6.96,6.645,9.2,7.926,8.242,8.562,0.0,8.881,7.281,7.285,6.013,7.279,7.6,6.325,6.325,24.475,7.926,28.885,7.92,12.445,7.925,32.38,6.966,9.693,8.559,12.533,8.239,15.14,7.606,29.918,7.781,8.56,9.521,7.925,9.47,7.37,9.199,43.24,34.432,32.44,11.13,16.34,9.0,17.146,23.64,9.05,12.52,27.64,7.58,7.37,7.58,7.470000000000001,10.21,7.75,6.95,8.6,8.190000000000001,26.14,16.34,9.05,7.640000000000001,232.04,55.84,20.14,8.34,7.919,9.84,8.24,7.6,8.559,4.491,4.492,4.5600000000000005,4.485,4.55,4.455,4.587,4.631,4.559,4.498,4.503,4.567,4.567,4.481
grenoble_m3-221,16.09,19.13,20.93,13.96,14.38,17.28,15.72,16.4,16.99,29.8,15.21,14.62,18.88,15.93,15.489999999999998,14.37,14.07,13.93,16.72,13.989999999999998,35.5,15.8,13.9,14.98,44.099999999999994,20.94,17.06,41.099999999999994,30.3,26.6,40.5,13.39,34.099999999999994,14.81,23.5,17.96,7.279,44.268,22.299999999999997,14.026,10.939,9.014,20.943,14.691,20.943,7.6,9.52,8.561,9.708,17.722,7.92,7.921,9.201,8.881,0.0,8.569,19.667,6.959,20.583,8.912,12.539,8.24,7.599,16.649,13.86,6.012,24.7,15.94,18.26,7.925,28.3,25.458,25.9,22.227,22.299999999999997,8.752,14.69,6.96,16.119999999999997,27.6,19.58,16.63,14.53,24.9,50.400000000000006,14.12,39.599999999999994,18.29,23.5,16.16,56.3,30.8,16.21,19.68,34.8,14.739999999999998,14.53,14.739999999999998,14.63,17.369999999999997,14.91,14.11,15.759999999999998,15.35,33.3,23.5,16.21,14.8,239.2,63.0,27.3,15.5,8.559,7.599,11.608,11.665,11.767,11.651,11.652,11.72,11.645,11.71,11.614999999999998,11.747,11.791,11.719,11.658,11.662999999999998,11.727,11.727,11.641
grenoble_m3-222,12.97,16.009999999999998,17.810000000000002,10.84,11.26,14.16,12.6,13.28,13.87,26.68,12.09,11.5,15.76,12.81,12.37,11.25,10.95,10.81,13.6,10.87,32.38,12.68,10.78,11.86,40.98,17.82,13.94,37.98,27.18,23.48,37.38,10.27,30.979999999999997,50.428,8.881,14.84,9.208,9.84,15.003,11.307,9.199,7.6,8.56,25.053,6.013,7.926,7.28,8.561,12.533,7.489,10.167,7.61,6.013,7.281,8.569,0.0,6.326,8.24,8.24,8.881,9.209,8.24,8.56,7.921,20.128,6.327,9.497,6.331,6.645,8.877,9.52,29.211,7.92,8.24,25.569,7.28,8.456,10.98,12.859,20.185,18.382,13.51,11.41,21.78,47.28,11.0,36.48,15.17,9.52,13.04,15.012,27.68,13.09,16.560000000000002,31.68,11.62,11.41,11.62,11.51,14.25,11.79,10.99,58.257,12.23,30.18,20.380000000000003,13.09,11.68,236.08,59.879999999999995,24.18,12.38,8.569,6.326,8.488,8.247,8.245,8.531,8.532,8.6,8.525,8.59,8.495,8.627,8.671,8.599,8.538,8.543,8.607,8.607,8.521
grenoble_m3-223,18.39,21.43,23.23,16.259999999999998,16.68,19.58,18.02,18.7,19.29,32.1,17.509999999999998,16.92,21.18,18.23,17.79,16.67,16.37,16.23,19.02,16.29,37.8,18.1,16.2,17.28,46.4,23.24,19.36,43.4,32.6,28.9,42.8,15.69,36.4,17.11,13.541,20.26,35.3,10.159,9.2,16.87,8.176,19.14,26.4,7.281,9.2,16.79,7.563,8.561,6.96,6.012,26.562,8.559,25.918,7.285,19.667,6.326,0.0,9.522,9.201,14.774,7.607,8.56,8.882,27.012,19.352,8.889,27.084,6.326,6.014,6.647,8.643,9.201,28.2,16.57,24.6,9.2,16.990000000000002,20.91,18.42,29.9,21.880000000000003,18.93,23.587,12.261,52.7,16.42,41.9,20.59,13.541,18.46,58.6,33.1,18.51,21.98,37.1,17.04,16.83,17.04,16.93,19.67,17.21,16.41,18.06,17.65,35.6,25.8,18.51,17.1,241.5,65.3,29.6,17.8,12.448,13.979,13.908,13.965,14.067,13.951,13.952,14.02,13.945,14.01,13.915,14.047,14.091,14.019,13.958,13.963,14.027,14.027,13.941
grenoble_m3-224,7.44,10.48,12.28,5.31,5.73,8.629999999999999,7.069999999999999,7.75,8.34,21.15,6.56,5.97,10.23,7.28,6.84,5.72,5.42,5.279999999999999,8.07,5.34,26.85,7.1499999999999995,5.25,6.33,35.449999999999996,12.29,8.41,32.449999999999996,21.65,17.95,31.85,4.74,7.28,6.966,14.85,12.128,24.35,7.286,22.747,23.137,8.88,7.293,8.239,11.621,12.23,10.081,10.159,25.731,8.559,6.326,8.239,7.28,8.561,6.013,6.959,8.24,9.522,0.0,10.07,10.48,7.281,7.615,11.638,8.241,23.908,8.241,8.24,10.61,7.921,8.241,18.815,9.708,13.543,15.921,7.927,10.16,10.661,29.531,21.926,9.521,10.93,7.28,12.261,11.941,41.75,5.47,30.95,9.64,14.85,7.51,47.65,22.15,7.56,11.03,26.15,6.09,5.88,6.09,5.98,8.719999999999999,6.26,5.46,7.92,6.7,24.65,14.85,7.56,6.15,230.55,54.349999999999994,18.65,6.85,9.2,8.88,2.9579999999999997,3.0149999999999997,3.117,3.001,3.002,3.07,2.9949999999999997,3.0599999999999996,2.965,3.097,3.141,3.069,3.008,3.013,3.077,3.077,2.9909999999999997
grenoble_m3-225,21.29,24.33,26.13,19.159999999999997,19.58,22.479999999999997,20.92,21.6,22.19,35.0,20.409999999999997,19.82,24.08,21.13,20.69,19.57,19.27,19.13,21.92,19.19,40.7,21.0,19.1,20.18,49.3,26.14,22.26,46.3,35.5,31.799999999999997,45.7,18.59,39.3,20.01,28.7,23.159999999999997,38.2,18.95,7.925,19.77,27.747,22.04,29.299999999999997,10.479,26.08,15.84,33.8,9.2,8.952,7.599,9.2,24.404,8.24,7.279,20.583,8.24,9.201,10.07,0.0,9.839,7.601,8.241,8.88,18.747,16.052,7.281,19.343,33.712,13.869,8.306,15.962,22.08,31.1,10.294,8.881,16.853,40.277,17.103,21.32,32.8,20.034,19.299,17.561,30.1,55.6,19.32,44.8,23.49,28.7,21.36,61.5,36.0,21.409999999999997,24.88,40.0,19.94,19.729999999999997,19.94,19.83,22.57,20.11,19.31,20.959999999999997,20.549999999999997,38.5,28.7,21.409999999999997,20.0,244.4,68.19999999999999,32.5,20.7,7.616,10.661,16.808,16.865,16.967,16.851,16.852,16.919999999999998,16.845,16.91,16.814999999999998,16.947,16.991,16.918999999999997,16.857999999999997,16.863,16.927,16.927,16.840999999999998
grenoble_m3-226,9.75,12.79,14.59,7.62,8.040000000000001,10.94,9.38,10.06,10.65,23.46,8.870000000000001,8.280000000000001,12.54,9.59,9.15,8.030000000000001,7.73,7.59,10.38,7.65,29.16,9.46,7.56,8.64,37.76,14.6,10.72,34.76,23.96,20.26,34.160000000000004,7.050000000000001,27.76,8.47,17.16,11.62,26.66,20.587,6.967,8.23,8.88,10.5,24.596,8.56,14.54,8.56,33.314,10.159,16.553,20.02,19.651,7.867,9.2,7.6,8.912,8.881,14.774,10.48,9.839,0.0,8.88,7.921,12.307,7.282,11.634,9.528,31.529,7.601,6.654,8.881,9.521,9.201,19.56,8.241,8.189,7.92,19.203,8.56,8.562,21.225,13.240000000000002,23.777,7.92,10.59,44.06,8.56,33.26,11.95,8.24,9.82,12.459,24.46,9.87,13.34,28.46,8.4,8.190000000000001,8.4,8.290000000000001,11.03,8.57,7.77,9.2,9.010000000000002,26.96,17.16,9.87,19.022,232.86,56.66,20.96,9.16,8.246,7.28,10.16,7.936,5.4270000000000005,5.311,5.312,5.380000000000001,5.305000000000001,5.37,5.275,5.407,5.4510000000000005,5.379,5.3180000000000005,5.323,5.3870000000000005,5.3870000000000005,5.301
grenoble_m3-227,16.39,19.43,21.23,14.26,14.68,17.58,16.02,16.7,17.29,30.1,15.51,14.92,19.18,16.23,15.79,14.67,14.37,14.23,17.02,14.29,35.8,16.1,14.2,15.28,44.4,21.24,17.36,41.4,30.6,26.9,40.8,13.69,34.4,15.11,23.8,18.26,33.3,14.05,22.6,14.87,6.959,17.14,24.4,64.726,21.18,11.891,17.561,8.81,10.763,8.24,7.599,6.325,7.286,6.325,12.539,9.209,7.607,7.281,7.601,8.88,0.0,7.286,9.548,14.603,7.607,9.839,10.16,18.779,7.92,8.239,9.847,15.034,7.6,8.559,22.6,17.241,8.56,10.158,16.42,8.879,8.879,8.881,7.279,9.966,50.7,14.42,39.9,18.59,7.919,16.46,56.6,31.1,16.509999999999998,19.98,35.1,15.04,14.83,15.04,14.93,17.67,15.21,14.41,8.748,15.65,33.6,23.8,16.509999999999998,15.1,239.5,63.3,27.6,15.8,7.92,22.222,11.908,11.965,12.067,11.951,11.952,12.02,11.945,12.01,11.915,12.047,12.091,12.019,11.958,11.963,12.027,12.027,11.941
grenoble_m3-228,7.539999999999999,10.58,12.38,5.41,5.83,8.73,7.17,7.85,8.44,21.25,6.66,6.07,10.33,7.380000000000001,6.9399999999999995,5.82,5.52,5.38,8.17,5.4399999999999995,26.95,7.25,5.35,6.43,35.55,12.39,8.51,32.55,21.75,18.05,31.95,4.84,25.549999999999997,7.286,14.95,9.41,41.777,5.199999999999999,20.448,19.663,6.96,7.286,15.55,7.92,12.33,7.605,6.966,6.325,8.56,7.286,7.925,8.249,9.2,6.325,8.24,8.24,8.56,7.615,8.241,7.921,7.286,0.0,22.266,10.613,16.963,7.919,7.927,14.454,9.841,12.902,9.201,9.841,7.939,10.162,19.377,6.646,6.140000000000001,7.285,8.857,8.88,7.286,7.6,8.239,19.174,41.85,7.601,31.049999999999997,9.74,16.412,7.609999999999999,7.28,22.25,7.66,11.13,18.702,6.1899999999999995,5.98,6.1899999999999995,6.08,8.82,6.359999999999999,5.5600000000000005,8.24,6.800000000000001,24.75,14.95,7.66,6.25,230.65,54.45,18.75,6.949999999999999,7.6,6.646,17.139,3.115,3.2169999999999996,3.101,3.102,3.17,3.095,3.16,3.065,3.197,3.2409999999999997,3.169,3.108,3.113,3.177,3.177,3.0909999999999997
grenoble_m3-229,14.829999999999998,17.869999999999997,19.67,12.7,13.12,16.02,14.46,15.14,15.73,28.54,13.95,13.36,17.619999999999997,14.67,14.23,13.11,12.81,12.67,15.46,12.73,34.24,14.54,12.64,13.72,42.84,19.68,15.8,39.84,29.04,25.34,39.24,12.13,32.839999999999996,13.55,22.24,16.7,31.74,12.489999999999998,21.04,13.31,12.845,15.579999999999998,22.84,18.1,19.619999999999997,13.23,27.339999999999996,7.279,32.54,26.44,34.032,24.304,12.15,24.475,7.599,8.56,8.882,11.638,8.88,12.307,9.548,22.266,0.0,6.646,9.2,9.84,12.261,22.266,8.24,8.881,8.24,9.479,23.088,9.635,21.04,7.605,32.268,7.919,24.07,55.613,35.963,8.88,25.737,8.568,49.14,12.86,38.34,17.03,22.24,14.9,25.799,29.54,14.95,18.42,33.54,13.48,13.27,13.48,13.37,16.11,13.65,12.85,14.5,14.09,32.04,22.24,14.95,13.54,237.94,61.739999999999995,26.04,14.239999999999998,9.84,10.419,10.348,10.405,10.507,10.391,10.392,10.46,10.385,10.45,10.355,10.487,10.531,10.459,10.398,10.403,10.467,10.467,10.381
grenoble_m3-230,7.17,10.21,12.01,5.039999999999999,5.46,8.36,6.799999999999999,7.48,8.07,20.880000000000003,6.289999999999999,5.699999999999999,9.96,7.01,6.57,5.449999999999999,5.15,5.01,7.799999999999999,5.07,26.58,6.879999999999999,4.98,6.06,35.18,12.02,8.14,32.18,21.380000000000003,17.68,31.58,4.47,25.18,10.661,14.58,9.04,8.88,17.422,8.559,5.65,7.92,7.92,15.18,6.959,11.96,9.199,60.188,6.96,24.880000000000003,21.467,12.22,65.12,22.432,7.926,16.649,7.921,27.012,8.241,18.747,7.282,14.603,10.613,6.646,0.0,12.859,34.997,7.601,6.646,14.586,8.88,22.363,16.571,12.22,10.161,9.2,6.012,9.519,9.199,7.199999999999999,10.35,9.706,7.6,7.919,18.436,18.405,7.92,30.68,9.37,7.92,7.24,44.935,21.880000000000003,7.289999999999999,10.76,25.880000000000003,5.82,5.609999999999999,5.82,5.71,8.45,5.99,5.1899999999999995,6.326,6.43,24.380000000000003,14.58,7.289999999999999,15.327,230.28,54.08,18.380000000000003,6.58,8.879,17.561,7.92,2.7449999999999997,2.8469999999999995,2.731,2.732,2.8,2.7249999999999996,2.79,2.695,2.827,2.8709999999999996,2.799,2.738,2.743,2.807,2.807,2.7209999999999996
grenoble_m3-231,22.09,25.13,26.93,19.96,20.38,23.28,21.72,22.4,22.99,35.8,21.21,20.619999999999997,24.88,21.93,21.49,20.369999999999997,20.07,19.93,22.72,19.99,41.5,21.799999999999997,19.9,20.98,50.099999999999994,26.94,23.06,47.099999999999994,36.3,32.6,46.5,19.39,40.099999999999994,20.81,29.5,23.96,39.0,19.75,28.299999999999997,20.57,8.88,22.84,30.1,25.36,26.88,8.239,34.599999999999994,7.6,39.8,68.239,7.964,7.286,20.992,28.885,13.86,20.128,19.352,23.908,16.052,11.634,7.607,16.963,9.2,12.859,0.0,6.012,7.698,19.637,6.96,9.735,6.96,9.771,16.925,8.255,8.881,7.92,8.879,18.841,9.519,33.599999999999994,25.58,22.63,8.559,30.9,56.400000000000006,9.2,45.599999999999994,24.29,29.5,22.16,62.3,36.8,22.21,25.68,40.8,20.74,20.53,20.74,20.63,23.369999999999997,20.91,20.11,8.239,21.35,39.3,29.5,22.21,20.8,245.2,69.0,33.3,21.5,27.309,17.679,17.608,17.665,17.767,17.651,17.652,17.72,17.645,17.71,17.615,17.747,17.791,17.718999999999998,17.657999999999998,17.663,17.727,17.727,17.641
grenoble_m3-232,8.17,11.21,13.01,6.039999999999999,6.46,9.36,7.799999999999999,8.48,9.07,21.880000000000003,7.289999999999999,6.699999999999999,10.96,8.01,7.57,6.449999999999999,6.15,6.01,8.799999999999999,6.07,27.58,7.879999999999999,5.98,7.06,36.18,13.02,9.14,33.18,22.380000000000003,18.68,32.58,5.47,14.682,6.326,15.58,10.04,7.606,9.2,10.667,24.877,8.56,20.169,48.307,14.326,12.96,9.84,34.236,7.6,9.84,15.961,8.879,6.326,7.28,7.92,6.012,6.327,8.889,8.241,7.281,9.528,9.839,7.919,9.84,34.997,6.012,0.0,8.881,7.601,12.214,6.642,7.602,7.28,18.485,9.322,20.116,6.965,7.6,16.689,8.56,7.92,11.94,8.56,7.601,8.241,17.561,8.559,31.68,14.181,6.013,56.429,13.673,22.880000000000003,8.29,11.76,9.52,19.405,6.326,6.82,6.71,9.45,6.99,6.1899999999999995,8.561,7.43,25.380000000000003,18.388,8.29,22.09,231.28,55.08,19.380000000000003,7.58,7.92,7.287,11.942,9.054,3.846999999999999,3.731,3.732,3.8,3.725,3.79,3.695,3.827,3.871,3.799,3.738,3.743,3.807,3.807,3.721
grenoble_m3-233,18.39,21.43,23.23,16.259999999999998,16.68,19.58,18.02,18.7,19.29,32.1,17.509999999999998,16.92,21.18,18.23,17.79,16.67,16.37,16.23,19.02,16.29,37.8,18.1,16.2,17.28,46.4,23.24,19.36,43.4,32.6,28.9,42.8,15.69,36.4,17.11,25.8,20.26,35.3,16.05,24.6,16.87,8.239,19.14,26.4,31.128,23.18,7.916,30.9,10.932,36.1,18.069,23.44,8.879,34.011,12.445,24.7,9.497,27.084,8.24,19.343,31.529,10.16,7.927,12.261,7.601,7.698,8.881,0.0,33.502,10.48,6.966,7.929,9.84,9.84,7.601,8.241,10.159,19.13,10.159,28.568,29.9,21.880000000000003,8.559,68.814,8.05,52.7,16.42,41.9,20.59,25.8,18.46,58.6,33.1,18.51,21.98,37.1,17.04,16.83,17.04,16.93,19.67,17.21,16.41,6.645,17.65,35.6,25.8,18.51,17.1,241.5,65.3,29.6,17.8,140.5,7.92,13.908,13.965,14.067,13.951,13.952,14.02,13.945,14.01,13.915,14.047,14.091,14.019,13.958,13.963,14.027,14.027,13.941
grenoble_m3-234,9.63,12.67,14.47,7.5,7.92,10.82,9.26,9.94,10.53,23.340000000000003,8.75,8.16,12.42,9.47,9.03,7.91,7.61,7.470000000000001,10.26,7.53,29.04,9.34,7.44,8.52,37.64,14.48,10.6,34.64,23.840000000000003,20.14,34.04,6.93,27.64,8.35,17.04,11.5,26.54,7.29,15.84,15.455,11.626,10.38,17.64,12.9,55.505,8.030000000000001,22.14,6.326,12.223,21.24,10.666,8.152,16.35,7.925,15.94,6.331,6.326,10.61,33.712,7.601,18.779,14.454,22.266,6.646,19.637,7.601,33.502,0.0,10.169,10.229,7.28,10.48,10.745,6.64,23.891,10.159,9.2,9.199,8.879,23.123,8.241,59.466,9.075,9.84,43.940000000000005,69.168,33.14,11.83,7.607,6.641,20.344,24.340000000000003,9.75,13.22,28.340000000000003,8.280000000000001,6.647,8.280000000000001,8.17,10.91,8.45,7.65,14.681,8.89,7.286,38.349,9.75,8.34,232.74,56.54,20.840000000000003,9.04,8.88,5.219,5.148000000000001,5.205,5.307,5.191,5.192,5.26,5.1850000000000005,5.25,5.155,5.287,5.331,5.259,5.198,5.203,5.267,5.267,5.181
grenoble_m3-235,11.95,14.989999999999998,16.79,9.82,10.24,13.14,11.579999999999998,12.26,12.85,25.66,11.07,10.48,14.739999999999998,11.79,11.35,10.23,9.93,9.79,12.579999999999998,9.85,31.36,11.66,9.76,10.84,39.96,16.8,12.92,36.96,26.16,22.46,36.36,9.25,29.959999999999997,10.67,19.36,13.82,28.86,9.61,18.16,10.43,19.16,12.7,19.96,15.22,16.74,10.35,24.459999999999997,31.86,29.66,23.56,7.609,39.469,9.27,32.38,18.26,6.645,6.014,7.921,13.869,6.654,7.92,9.841,8.24,14.586,6.96,12.214,10.48,10.169,0.0,9.067,8.56,10.48,8.881,45.686,7.921,9.199,9.199,10.16,11.621,16.795,15.44,20.019,9.839,20.76,46.260000000000005,9.519,35.46,14.15,9.402,12.02,28.248,26.66,12.07,15.54,30.66,10.6,10.39,10.6,10.49,13.23,10.77,9.97,22.863,11.21,29.16,19.36,12.07,10.66,235.06,58.86,23.16,11.36,134.06,7.539,7.468,7.525,7.627,7.510999999999999,7.512,7.58,7.505,7.569999999999999,7.475,7.606999999999999,7.651,7.579,7.518,7.523,7.587,7.587,7.501
grenoble_m3-236,7.02,10.06,11.86,4.89,5.3100000000000005,8.21,6.6499999999999995,7.33,7.92,20.73,6.14,5.55,9.81,6.86,6.42,5.3,5.0,4.859999999999999,7.65,4.92,26.43,6.7299999999999995,4.83,5.91,35.03,11.87,7.99,32.03,21.23,17.53,31.43,4.32,25.03,5.74,14.43,8.89,23.93,4.68,13.23,5.5,14.23,57.767,15.03,6.645,11.81,14.88,11.534,8.758,7.279,18.63,7.926,22.677,4.34,6.966,7.925,8.877,6.647,8.241,8.306,8.881,8.239,12.902,8.881,8.88,9.735,6.642,6.966,10.229,9.067,0.0,7.606,8.56,8.889,7.927,7.92,6.96,22.006,9.199,8.569,21.225,9.519,11.626,7.28,8.559,41.330000000000005,21.046,26.798,14.371,6.966,7.09,8.239,8.854,7.14,10.61,9.519,5.67,7.287,5.67,7.615,8.3,7.285,5.04,6.655,6.28,53.91,14.43,7.14,9.52,230.13,6.646,18.23,6.43,9.84,8.24,2.538,2.595,2.697,2.581,2.582,2.65,2.5749999999999997,2.6399999999999997,2.545,2.677,2.721,2.649,2.588,2.593,2.657,2.657,2.5709999999999997
grenoble_m3-237,21.99,25.03,26.83,19.86,20.28,23.18,21.62,22.3,22.89,35.7,21.11,20.520000000000003,24.78,21.83,21.39,20.270000000000003,19.97,19.83,22.62,19.89,41.400000000000006,21.700000000000003,19.8,20.880000000000003,50.0,26.840000000000003,22.96,47.0,36.2,32.5,46.400000000000006,19.290000000000003,40.0,20.71,29.4,23.86,38.900000000000006,11.621,28.200000000000003,20.47,29.200000000000003,22.74,30.0,10.352,26.78,10.16,34.5,32.589,13.222,33.6,27.04,9.199,19.31,9.693,28.3,9.52,8.643,18.815,15.962,9.521,9.847,9.201,8.24,22.363,6.96,7.602,7.929,7.28,8.56,7.606,0.0,8.56,8.561,9.67,6.327,6.646,7.92,6.325,7.926,13.129,10.666,22.53,8.879,14.749,56.3,10.034,45.5,24.19,9.223,22.06,11.78,36.7,22.11,25.58,40.7,20.64,20.43,20.64,20.53,23.270000000000003,20.81,20.01,21.66,21.25,39.2,29.4,22.11,20.700000000000003,245.1,68.9,33.2,21.4,144.1,17.579,17.508000000000003,17.565,17.667,17.551000000000002,17.552000000000003,17.62,17.545,17.610000000000003,17.515,17.647000000000002,17.691000000000003,17.619,17.558,17.563000000000002,17.627000000000002,17.627000000000002,17.541
grenoble_m3-238,10.57,13.61,15.41,8.44,8.86,11.76,10.2,10.88,11.47,24.28,9.69,9.1,13.36,10.41,9.97,8.85,8.55,8.41,11.2,8.469999999999999,29.98,10.28,8.379999999999999,9.46,38.58,15.42,11.54,35.58,24.78,21.08,34.980000000000004,7.869999999999999,28.58,9.29,17.98,12.44,27.48,8.23,16.78,9.05,27.531,9.848,18.58,62.353,15.36,8.56,23.08,30.48,58.32,22.18,6.966,7.921,15.338,8.559,25.458,29.211,9.201,9.708,22.08,9.201,15.034,9.841,9.479,16.571,9.771,7.28,9.84,10.48,10.48,8.56,8.56,0.0,8.561,8.247,7.927,9.209,6.64,8.88,9.2,10.399,11.621,26.189,8.88,8.88,48.424,24.302,7.925,21.263,20.762,19.615,11.573,25.28,10.69,14.16,17.747,9.22,9.01,9.22,9.11,11.85,9.39,8.59,8.562,9.83,27.78,17.98,10.69,8.57,10.667,57.48,21.78,9.98,7.926,13.541,6.088,6.145,6.247,6.130999999999999,6.132,6.199999999999999,6.125,6.1899999999999995,6.095,6.226999999999999,6.271,6.199,6.138,6.143,6.207,6.207,6.121
grenoble_m3-239,19.59,22.63,24.43,17.46,17.88,20.78,19.22,19.9,20.49,33.3,18.71,18.119999999999997,22.38,19.43,18.99,17.869999999999997,17.57,17.43,20.22,17.49,39.0,19.299999999999997,17.4,18.48,47.599999999999994,24.44,20.56,44.599999999999994,33.8,30.1,44.0,16.89,37.599999999999994,18.31,27.0,21.46,36.5,17.25,25.799999999999997,18.07,26.149,20.34,27.6,22.86,24.38,8.559,32.099999999999994,39.5,6.646,31.2,24.64,7.28,16.91,12.533,25.9,7.92,28.2,13.543,31.1,19.56,7.6,7.939,23.088,12.22,16.925,18.485,9.84,10.745,8.881,8.889,8.561,8.561,0.0,7.927,12.716,6.966,8.56,8.56,8.88,12.853,8.88,20.13,7.6,8.88,53.900000000000006,9.2,43.099999999999994,21.79,9.082,19.66,18.702,34.3,19.71,23.18,38.3,18.24,18.03,18.24,18.13,20.869999999999997,18.41,17.61,19.26,18.85,36.8,27.0,19.71,18.3,242.7,66.5,30.8,19.0,141.7,15.178999999999998,15.108,15.165,15.267,15.151,15.152,15.22,15.145,15.21,15.114999999999998,15.247,15.291,15.219,15.158,15.162999999999998,15.227,15.227,15.141
grenoble_m3-240,7.959999999999999,11.0,12.8,5.83,6.25,9.15,7.59,8.27,8.86,21.67,7.08,6.49,10.75,7.800000000000001,7.359999999999999,6.24,5.9399999999999995,5.8,8.59,5.859999999999999,27.37,7.67,5.77,6.85,35.97,12.81,8.93,32.97,22.17,18.47,32.37,5.26,25.97,6.68,15.37,9.83,24.87,51.456,7.926,6.4399999999999995,8.88,7.919,15.97,9.386,12.75,7.919,20.47,9.84,8.753,19.57,23.611,6.012,10.165,8.239,22.227,8.24,16.57,15.921,10.294,8.241,8.559,10.162,9.635,10.161,8.255,9.322,7.601,6.64,45.686,7.927,9.67,8.247,7.927,0.0,9.2,7.28,9.199,9.521,10.48,14.468,7.919,32.771,7.285,8.879,14.065,9.519,7.606,6.96,6.645,6.325,18.141,22.67,35.843,11.55,26.67,6.609999999999999,20.435,6.609999999999999,15.321,9.24,6.779999999999999,5.98,19.662,7.220000000000001,25.17,15.37,8.08,8.559,231.07,54.87,19.17,7.369999999999999,7.919,3.549,3.478,3.5349999999999997,3.637,3.521,3.522,3.59,3.5149999999999997,3.58,3.485,3.617,3.661,3.589,3.528,3.533,3.597,3.597,3.5109999999999997
grenoble_m3-241,15.989999999999998,19.03,20.83,13.86,14.28,17.18,15.62,16.3,16.89,29.700000000000003,15.11,14.52,18.78,15.83,15.39,14.27,13.97,13.83,16.619999999999997,13.89,35.4,15.7,13.8,14.88,44.0,20.84,16.96,41.0,30.200000000000003,26.5,40.4,13.29,34.0,14.71,23.4,17.86,32.9,13.65,22.2,14.47,23.2,16.74,24.0,19.26,20.78,7.28,28.5,35.9,9.019,27.6,9.653,30.724,13.31,15.14,22.299999999999997,25.569,24.6,7.927,8.881,8.189,22.6,19.377,21.04,9.2,8.881,20.116,8.241,23.891,7.921,7.92,6.327,7.927,12.716,9.2,0.0,6.967,8.561,8.239,8.24,8.561,6.646,10.379,7.919,20.303,9.52,8.88,39.5,18.19,7.926,16.06,8.561,30.700000000000003,16.11,19.58,34.7,14.64,14.43,14.64,14.53,17.27,14.81,14.01,15.66,15.25,33.2,23.4,16.11,14.7,239.1,62.9,27.200000000000003,15.4,138.1,11.579,11.508,11.565,11.667,11.551,11.552,11.62,11.545,11.61,11.515,11.647,11.691,11.619,11.558,11.563,11.627,11.627,11.541
grenoble_m3-244,16.69,19.73,21.53,14.56,14.98,17.880000000000003,16.32,17.0,17.59,30.4,15.81,15.22,19.48,16.53,16.09,14.97,14.670000000000002,14.53,17.32,14.59,36.1,16.4,14.5,15.58,44.7,21.54,17.66,41.7,30.9,27.200000000000003,41.1,13.99,34.7,15.41,24.1,18.56,33.6,14.35,9.52,15.170000000000002,7.28,17.44,24.700000000000003,19.96,21.48,6.96,29.2,13.916,30.289,31.457,21.74,21.604,14.010000000000002,7.606,8.752,7.28,9.2,10.16,16.853,7.92,17.241,6.646,7.605,6.012,7.92,6.965,10.159,10.159,9.199,6.96,6.646,9.209,6.966,7.28,6.967,0.0,7.607,8.56,6.326,8.561,13.492,8.036,11.067,6.961,10.309,6.656,30.846,7.92,8.241,8.633,9.201,8.241,16.810000000000002,20.28,9.209,6.959,15.13,15.34,24.256,17.97,18.239,14.71,8.559,15.95,10.347,24.1,16.810000000000002,8.251,239.8,63.599999999999994,27.9,16.1,14.688,12.279,12.208,12.265,12.367,12.251,12.252,12.32,12.245,12.31,12.215,12.347,12.391,12.319,12.258,12.263,12.327,12.327,12.241
grenoble_m3-245,8.379999999999999,11.42,13.22,6.25,6.67,9.57,8.01,8.690000000000001,9.28,22.090000000000003,7.5,6.91,11.17,8.22,7.78,6.66,6.36,6.220000000000001,9.01,6.28,27.79,8.09,6.19,7.27,36.39,13.23,9.35,33.39,22.590000000000003,18.89,32.79,5.68,26.39,7.1,15.79,10.25,25.29,6.04,14.59,6.86,15.59,9.13,16.39,11.65,13.17,6.78,20.89,13.727,26.090000000000003,19.99,19.849,24.348,5.7,29.918,14.69,8.456,16.990000000000002,10.661,40.277,19.203,8.56,6.140000000000001,32.268,9.519,8.879,7.6,19.13,9.2,9.199,22.006,7.92,6.64,8.56,9.199,8.561,7.607,0.0,37.501,6.327,9.209,8.561,7.6,6.967,8.881,8.889,8.247,7.286,10.58,9.201,8.45,11.948,23.090000000000003,8.5,11.97,12.262,7.03,6.82,7.03,6.92,9.66,7.2,6.4,24.323,7.640000000000001,25.590000000000003,15.79,8.5,7.09,231.49,55.29,19.590000000000003,7.79,130.49,3.969,3.898,3.955,4.057,3.941,3.942,4.01,3.935,4.0,3.905,4.037,4.081,4.009,3.948,3.953,4.017,4.017,3.931
grenoble_m3-246,12.3,15.34,17.14,10.17,10.59,13.49,11.93,12.61,13.2,26.01,11.42,10.83,15.09,12.14,11.7,10.58,10.28,10.14,12.93,10.2,31.71,12.01,10.11,11.19,40.31,17.15,13.27,37.31,26.51,22.81,36.71,9.6,30.31,11.02,19.71,14.17,29.21,19.907,18.51,10.78,24.185,13.05,20.31,52.386,17.09,17.507,24.81,32.21,11.3,23.91,7.92,6.966,9.62,7.781,6.96,10.98,20.91,29.531,17.103,8.56,10.158,7.285,7.919,9.199,18.841,16.689,10.159,9.199,10.16,9.199,6.325,8.88,8.56,9.521,8.239,8.56,37.501,0.0,6.64,8.88,6.647,8.881,6.961,7.926,7.601,7.607,8.569,14.5,7.927,12.37,7.607,25.608,15.828,19.162,9.2,10.95,10.74,10.95,6.646,13.58,60.441,10.32,6.641,11.56,30.315,19.71,12.42,7.926,235.41,39.973,23.51,9.2,9.52,7.889,7.818,7.875,7.977,7.861,7.862,7.93,7.855,7.92,7.825,7.957,8.001,7.929,7.868,7.873,7.937,7.937,7.851
grenoble_m3-247,9.81,12.85,14.65,7.68,8.1,11.0,9.44,10.12,10.71,23.520000000000003,8.93,8.34,12.6,9.65,9.21,8.09,7.79,7.65,10.44,7.71,29.22,9.52,7.62,8.7,37.82,14.66,10.78,34.82,24.020000000000003,20.32,34.22,7.109999999999999,27.82,8.53,17.22,11.68,26.72,7.47,16.02,8.29,17.02,10.56,17.82,13.08,14.6,63.124,22.32,20.792,27.520000000000003,21.42,14.86,9.84,7.13,8.56,16.119999999999997,12.859,18.42,21.926,21.32,8.562,16.42,8.857,24.07,7.199999999999999,9.519,8.56,28.568,8.879,11.621,8.569,7.926,9.2,8.88,10.48,8.24,6.326,6.327,6.64,0.0,9.52,6.96,24.506,8.24,9.84,13.435,6.647,6.013,26.608,7.28,17.241,8.246,24.520000000000003,9.93,13.4,28.520000000000003,8.46,8.25,8.46,8.35,11.09,8.629999999999999,7.83,20.302,9.07,27.020000000000003,17.22,9.93,8.52,232.92,56.72,21.020000000000003,9.22,131.92,5.399,5.328,5.385,5.487,5.371,5.372,5.4399999999999995,5.365,5.43,5.335,5.467,5.511,5.439,5.378,5.383,5.447,5.447,5.361
grenoble_m3-248,21.29,24.33,26.13,19.159999999999997,19.58,22.479999999999997,20.92,21.6,22.19,35.0,20.409999999999997,19.82,24.08,21.13,20.69,19.57,19.27,19.13,21.92,19.19,40.7,21.0,19.1,20.18,49.3,26.14,22.26,46.3,35.5,31.799999999999997,45.7,18.59,39.3,20.01,28.7,23.159999999999997,38.2,18.95,27.5,19.77,32.617,19.231,29.299999999999997,24.56,26.08,6.959,33.8,46.336,23.258,32.9,8.88,10.293,18.61,9.521,27.6,20.185,29.9,9.521,32.8,21.225,8.879,8.88,55.613,10.35,33.599999999999994,7.92,29.9,23.123,16.795,21.225,13.129,10.399,12.853,14.468,8.561,8.561,9.209,8.88,9.52,0.0,6.647,7.412,8.562,12.262,8.88,8.241,7.095,10.348,6.961,9.521,6.335,36.0,21.409999999999997,24.88,6.647,19.94,8.56,19.94,19.83,22.57,20.11,19.31,6.655,20.549999999999997,10.102,17.967,21.409999999999997,6.012,244.4,35.293,32.5,20.7,8.88,16.878999999999998,16.808,16.865,16.967,16.851,16.852,16.919999999999998,16.845,16.91,16.814999999999998,16.947,16.991,16.918999999999997,16.857999999999997,16.863,16.927,16.927,16.840999999999998
grenoble_m3-249,13.27,16.310000000000002,18.11,11.14,11.56,14.46,12.9,13.580000000000002,14.170000000000002,26.980000000000004,12.39,11.8,16.060000000000002,13.11,12.670000000000002,11.55,11.25,11.11,13.9,11.170000000000002,32.68,12.98,11.080000000000002,12.16,41.28,18.12,14.240000000000002,38.28,27.480000000000004,23.78,37.68,10.57,31.28,11.99,20.68,15.14,30.18,10.93,19.48,11.75,20.48,14.02,21.28,16.54,18.06,11.670000000000002,25.78,52.56,30.980000000000004,24.880000000000003,18.32,11.48,10.59,7.925,19.58,18.382,21.880000000000003,10.93,20.034,13.240000000000002,8.879,7.286,35.963,9.706,25.58,11.94,21.880000000000003,8.241,15.44,9.519,10.666,11.621,8.88,7.919,6.646,13.492,8.561,6.647,6.96,6.647,0.0,8.567,6.647,7.601,7.928,7.6,7.921,17.638,7.287,10.934,9.715,27.980000000000004,13.39,16.86,7.92,11.920000000000002,11.71,11.920000000000002,11.81,14.55,12.09,11.29,14.361,12.53,30.480000000000004,20.68,13.39,11.98,236.38,60.18,24.480000000000004,12.68,135.38,8.859,8.788,8.845,8.947000000000001,8.831000000000001,8.832,8.9,8.825000000000001,8.89,8.795,8.927000000000001,8.971,8.899000000000001,8.838000000000001,8.843,8.907,8.907,8.821000000000002
grenoble_m3-250,10.32,13.36,15.16,8.19,8.61,11.51,9.95,10.63,11.22,24.03,9.44,8.85,13.11,10.16,9.72,8.6,8.3,8.16,10.95,8.219999999999999,29.73,10.03,8.129999999999999,9.21,38.33,15.17,11.29,35.33,24.53,20.83,34.730000000000004,7.619999999999999,28.33,9.04,17.73,12.19,27.23,7.98,16.53,8.8,24.187,11.07,18.33,13.59,15.11,7.925,22.83,30.23,18.272,21.93,8.561,8.53,7.64,9.47,16.63,13.51,18.93,7.28,19.299,23.777,8.881,7.6,8.88,7.6,22.63,8.56,8.559,59.466,20.019,11.626,22.53,26.189,20.13,32.771,10.379,8.036,7.6,8.881,24.506,7.412,8.567,0.0,9.2,24.789,7.92,7.601,13.492,20.421,7.607,6.012,8.88,25.078,8.561,7.384,7.606,8.969999999999999,8.76,8.969999999999999,10.987,25.881,9.2,8.34,8.241,9.58,19.161,7.281,10.44,7.28,233.43,20.417,8.559,9.73,132.43,5.909,5.838,5.895,5.997,5.880999999999999,5.882,5.949999999999999,5.875,5.9399999999999995,5.845,5.976999999999999,6.021,5.949,5.888,5.893,5.957,5.957,5.871
grenoble_m3-252,8.56,11.26,13.06,6.09,6.51,9.41,7.85,8.530000000000001,9.12,21.93,7.34,6.75,11.01,8.06,7.62,6.5,6.2,6.0600000000000005,8.85,6.12,27.630000000000003,7.93,6.03,7.109999999999999,36.23,13.07,9.19,33.23,22.43,18.73,32.63,5.52,26.229999999999997,6.9399999999999995,15.63,10.09,25.130000000000003,5.88,14.43,6.7,27.122,6.965,16.23,8.239,13.01,15.507,20.729999999999997,12.455,9.84,19.83,25.416,6.43,5.54,7.37,14.53,11.41,23.587,12.261,17.561,7.92,7.279,8.239,25.737,7.919,8.559,7.601,68.814,9.075,9.839,7.28,8.879,8.88,7.6,7.285,7.919,11.067,6.967,6.961,8.24,8.562,6.647,9.2,0.0,8.247,9.2,7.6,8.248,73.647,8.512,8.24,8.56,8.104,8.34,11.81,7.606,53.68,48.793,6.87,20.43,12.237,18.068,6.24,8.879,33.775,28.528,6.325,8.34,8.239,18.338,6.966,19.43,7.63,6.966,3.809,3.738,3.795,3.897,3.781,3.782,3.85,3.775,3.84,3.745,3.877,3.921,3.849,3.788,3.793,3.857,3.857,3.771
grenoble_m3-254,19.342,21.63,23.43,16.46,16.88,19.78,18.22,18.9,19.49,32.3,17.71,17.119999999999997,21.38,18.43,17.99,16.869999999999997,16.57,16.43,19.22,16.49,38.0,18.299999999999997,16.4,17.48,46.599999999999994,23.44,19.56,43.599999999999994,32.8,29.1,43.0,15.89,36.599999999999994,17.31,26.0,20.46,35.5,16.25,24.799999999999997,17.07,25.799999999999997,19.34,26.6,21.86,23.38,16.99,31.1,38.5,36.3,30.2,51.351,13.532,15.91,9.199,24.9,21.78,12.261,11.941,30.1,10.59,9.966,19.174,8.568,18.436,30.9,8.241,8.05,9.84,20.76,8.559,14.749,8.88,8.88,8.879,20.303,6.961,8.881,7.926,9.84,12.262,7.601,24.789,8.247,0.0,10.479,10.159,8.881,7.606,8.56,7.281,9.84,23.237,22.036,22.18,6.645,17.24,6.326,8.245,17.114,19.869999999999997,6.974,16.61,9.84,17.85,22.681,7.921,18.71,7.921,241.7,65.5,9.199,18.0,10.34,14.178999999999998,14.108,14.165,14.267,14.151,14.152,14.22,14.145,14.21,14.114999999999998,14.247,14.291,14.219,14.158,14.162999999999998,14.227,14.227,14.141
grenoble_m3-255,44.09,47.13,48.93000000000001,41.96,42.38,45.28,43.72,44.400000000000006,44.99,57.8,43.21,42.620000000000005,46.88,43.93000000000001,43.49,42.370000000000005,42.07,41.93,44.72,41.99,63.5,43.8,41.900000000000006,42.98,72.1,48.940000000000005,45.06,69.1,58.3,54.6,68.5,41.39,62.1,42.81,51.5,45.96,61.0,41.75,50.3,42.57,51.3,44.84,52.1,47.36,48.88,42.49,56.6,64.0,61.8,55.7,49.14,42.3,41.41,43.24,50.400000000000006,47.28,52.7,41.75,55.6,44.06,50.7,41.85,49.14,18.405,56.400000000000006,17.561,52.7,43.940000000000005,46.260000000000005,41.330000000000005,56.3,48.424,53.900000000000006,14.065,9.52,10.309,8.889,7.601,13.435,8.88,7.928,7.92,9.2,10.479,0.0,7.607,8.561,6.646,10.48,7.926,7.926,10.668,44.21,47.68000000000001,7.279,42.74,42.53,42.74,42.63,45.370000000000005,42.91,42.11,18.53,43.35,18.848,51.5,44.21,18.063,267.2,91.0,55.3,43.5,166.2,39.679,39.608,39.665000000000006,39.767,39.651,39.652,39.720000000000006,39.645,39.71,39.615,39.747,39.791,39.719,39.658,39.663,39.727,39.727,39.641000000000005
grenoble_m3-256,9.841,10.85,12.65,5.68,6.1,9.0,7.44,8.120000000000001,8.71,21.520000000000003,6.93,6.34,10.6,7.65,7.21,6.09,5.79,5.65,8.44,5.71,27.22,7.52,5.62,6.699999999999999,35.82,12.66,8.780000000000001,32.82,22.020000000000003,18.32,32.22,5.109999999999999,25.82,6.529999999999999,15.22,9.68,24.72,5.47,14.02,6.29,15.02,8.559999999999999,15.82,11.08,12.6,9.839,20.32,27.72,19.664,19.42,11.621,6.02,5.13,34.432,14.12,11.0,16.42,5.47,19.32,8.56,14.42,7.601,12.86,7.92,9.2,8.559,16.42,69.168,9.519,21.046,10.034,24.302,9.2,9.519,8.88,6.656,8.247,7.607,6.647,8.241,7.6,7.601,7.6,10.159,7.607,0.0,9.201,26.466,23.448,7.287,9.841,13.674,8.881,20.527,25.601,6.64,6.326,8.24,8.88,9.84,10.386,18.468,6.965,21.903,8.567,7.6,20.139,7.92,8.56,18.114,14.362,7.22,129.92,3.399,3.328,3.385,3.487,3.371,3.372,3.44,3.365,3.4299999999999997,3.335,3.467,3.511,3.439,3.378,3.383,3.447,3.447,3.361
grenoble_m3-257,33.29,36.33,38.129999999999995,31.159999999999997,31.58,34.48,32.92,33.6,34.19,47.0,32.41,31.82,36.08,33.129999999999995,32.69,31.57,31.27,31.13,33.92,31.19,52.7,33.0,31.1,32.18,61.3,38.14,34.26,58.3,47.5,43.8,57.7,30.59,51.3,32.01,40.7,35.16,50.2,30.95,39.5,31.77,40.5,34.04,41.3,36.56,38.08,31.69,45.8,53.2,51.0,44.9,38.34,31.5,30.61,32.44,39.599999999999994,36.48,41.9,30.95,44.8,33.26,39.9,31.049999999999997,38.34,30.68,45.599999999999994,31.68,41.9,33.14,35.46,26.798,45.5,7.925,43.099999999999994,7.606,39.5,30.846,7.286,8.569,6.013,7.095,7.921,13.492,8.248,8.881,8.561,9.201,0.0,6.646,7.286,6.64,7.601,13.502,33.41,36.879999999999995,9.2,9.091,30.835,31.94,9.839,34.57,12.221,31.31,22.222,21.479,8.882,40.7,33.41,32.0,256.4,8.036,44.5,32.699999999999996,155.4,28.879,28.808,28.865,28.967,28.851,28.852,28.92,28.845,28.91,28.815,28.947,28.991,28.918999999999997,28.857999999999997,28.863,28.927,28.927,28.841
grenoble_m3-259,11.98,15.02,16.82,9.85,10.27,13.17,11.61,12.29,12.88,25.69,11.1,10.51,14.77,11.82,11.38,10.26,9.96,9.82,12.61,9.88,31.39,11.69,9.79,10.87,39.989999999999995,16.83,12.95,36.989999999999995,26.19,22.49,36.39,9.28,29.99,10.7,19.39,13.85,28.89,9.64,18.19,10.46,19.19,12.73,19.99,15.25,16.77,10.38,24.49,31.89,29.69,23.59,17.03,10.19,9.3,11.13,18.29,15.17,20.59,9.64,23.49,11.95,18.59,9.74,17.03,9.37,24.29,14.181,20.59,11.83,14.15,14.371,24.19,21.263,21.79,6.96,18.19,7.92,10.58,14.5,26.608,10.348,17.638,20.421,73.647,7.606,6.646,26.466,6.646,0.0,8.24,9.201,33.596,9.841,13.447,14.932,7.28,8.24,20.399,10.63,6.96,13.26,7.599,10.0,7.92,11.24,29.19,19.39,12.1,10.69,235.09,7.606,23.19,11.39,134.09,7.569,7.498,7.555,7.657,7.541,7.542,7.609999999999999,7.535,7.6,7.505,7.637,7.681,7.609,7.548,7.553,7.617,7.617,7.531
grenoble_m3-260,8.559,20.23,22.03,15.06,15.48,18.380000000000003,16.82,17.5,18.09,30.9,16.310000000000002,15.72,19.98,17.03,16.59,15.47,15.170000000000002,15.03,17.82,15.09,36.6,16.9,15.0,16.080000000000002,45.2,22.04,18.16,42.2,31.4,27.700000000000003,41.6,14.49,35.2,15.91,24.6,19.06,34.1,14.85,23.4,15.670000000000002,54.518,17.94,25.200000000000003,20.46,21.98,15.59,29.7,6.326,34.900000000000006,28.8,22.24,7.927,14.510000000000002,16.34,23.5,9.52,13.541,14.85,28.7,8.24,7.919,16.412,22.24,7.92,29.5,6.013,25.8,7.607,9.402,6.966,9.223,20.762,9.082,6.645,7.926,8.241,9.201,7.927,7.28,6.961,7.287,7.607,8.512,8.56,10.48,23.448,7.286,8.24,0.0,8.881,8.948,7.92,7.925,8.24,9.84,40.262,7.4,8.245,8.56,17.102,9.519,15.21,9.2,10.479,10.159,13.174,7.279,8.559,9.839,7.279,15.659,9.198,139.3,12.779,12.708,12.765,12.867,12.751,12.752,12.82,12.745,12.81,12.715,12.847,12.891,12.819,12.758,12.763,12.827,12.827,12.741
grenoble_m3-261,7.6,12.89,14.69,7.72,8.14,11.04,9.48,10.16,10.75,23.56,8.969999999999999,8.379999999999999,12.64,9.69,9.25,8.129999999999999,7.83,7.69,10.48,7.75,29.26,9.56,7.66,8.74,37.86,14.7,10.82,34.86,24.06,20.36,34.26,7.15,27.86,8.57,17.26,11.72,26.76,7.51,16.06,8.33,17.06,10.6,17.86,13.12,14.64,8.25,22.36,29.76,27.56,21.46,14.9,8.06,7.17,9.0,16.16,13.04,18.46,7.51,21.36,9.82,16.46,7.609999999999999,14.9,7.24,22.16,56.429,18.46,6.641,12.02,7.09,22.06,19.615,19.66,6.325,16.06,8.633,8.45,12.37,17.241,9.521,10.934,6.012,8.24,7.281,7.926,7.287,6.64,9.201,8.881,0.0,6.966,8.241,9.521,14.042,6.96,7.606,6.646,18.554,7.28,20.809,7.287,7.87,47.008,8.24,7.928,43.506,9.97,8.241,232.96,6.966,8.561,7.6,131.96,5.439,5.368,5.425,5.527,5.411,5.412,5.48,5.405,5.47,5.375,5.507,5.551,5.479,5.418,5.423,5.487,5.487,5.401
grenoble_m3-264,8.24,53.03,54.83,47.86,48.28,51.18,49.620000000000005,50.3,50.89,63.7,49.11,48.52,52.78,49.83,49.39,48.27,47.97,47.83,50.620000000000005,47.89,69.4,49.7,47.8,48.88,78.0,54.84,50.96,75.0,64.2,60.5,74.4,47.29,68.0,48.71,57.400000000000006,51.86,66.9,47.65,56.2,48.47,57.2,50.74,58.0,53.260000000000005,54.78,48.39,62.5,69.9,11.814,61.6,9.521,18.383,47.31,17.146,56.3,15.012,58.6,47.65,61.5,12.459,56.6,7.28,25.799,44.935,62.3,13.673,58.6,20.344,28.248,8.239,11.78,11.573,18.702,18.141,8.561,9.201,11.948,7.607,8.246,6.335,9.715,8.88,8.56,9.84,7.926,9.841,7.601,33.596,8.948,6.966,0.0,8.88,8.881,7.279,8.245,8.56,37.245,8.88,8.879,10.16,8.239,20.165,9.84,8.559,8.56,6.646,8.559,9.2,28.659,15.967,7.92,8.559,9.201,45.579,45.508,45.565000000000005,45.667,45.551,45.552,45.620000000000005,45.545,45.61,45.515,45.647,45.691,45.619,45.558,45.563,45.627,45.627,45.541
grenoble_m3-265,8.889,27.53,29.33,22.36,22.78,25.68,24.12,24.8,25.39,38.2,23.61,23.020000000000003,27.28,24.33,23.89,22.770000000000003,22.47,22.33,25.12,22.39,43.900000000000006,24.200000000000003,22.3,23.380000000000003,52.5,29.340000000000003,25.46,49.5,38.7,35.0,48.900000000000006,21.790000000000003,42.5,23.21,31.9,26.36,41.400000000000006,22.15,30.700000000000003,22.97,31.700000000000003,25.24,32.5,27.76,29.28,22.89,37.0,44.400000000000006,42.2,36.1,29.54,22.700000000000003,21.81,23.64,30.8,27.68,33.1,22.15,36.0,24.46,31.1,22.25,29.54,21.880000000000003,36.8,22.880000000000003,33.1,24.340000000000003,26.66,8.854,36.7,25.28,34.3,22.67,30.700000000000003,8.241,23.090000000000003,25.608,24.520000000000003,36.0,27.980000000000004,25.078,8.104,23.237,10.668,13.674,13.502,9.841,7.92,8.241,8.88,0.0,8.241,16.894,8.56,8.88,18.734,10.347,12.853,10.159,8.56,22.51,9.2,24.281,9.84,7.601,24.61,8.246,247.6,6.013,8.888,7.6,146.6,20.079,20.008000000000003,20.065,20.167,20.051,20.052000000000003,20.12,20.045,20.110000000000003,20.015,20.147,20.191000000000003,20.119,20.058,20.063,20.127,20.127,20.041
grenoble_m3-267,9.9,12.94,14.74,7.77,8.19,11.09,9.53,10.21,10.8,23.61,9.02,8.43,12.69,9.74,9.3,8.18,7.88,7.74,10.53,7.8,29.31,9.61,7.71,8.79,37.91,14.75,10.87,34.91,24.11,20.41,34.31,7.199999999999999,27.909999999999997,8.62,17.310000000000002,11.77,26.81,7.56,16.11,8.379999999999999,17.11,10.65,17.91,13.17,14.69,8.3,22.409999999999997,29.81,27.61,21.51,14.95,8.11,7.22,9.05,16.21,13.09,18.51,7.56,21.409999999999997,9.87,16.509999999999998,7.66,14.95,7.289999999999999,22.21,8.29,18.51,9.75,12.07,7.14,22.11,10.69,19.71,35.843,16.11,16.810000000000002,8.5,15.828,9.93,21.409999999999997,13.39,8.561,8.34,22.036,44.21,8.881,33.41,13.447,7.925,9.521,8.881,8.241,0.0,9.2,8.241,34.329,21.305,9.199,7.279,8.24,9.208,6.965,10.47,10.98,7.921,8.56,10.02,6.639,233.01,8.559,21.11,9.31,132.01,5.489,5.418,5.475,5.577,5.460999999999999,5.462,5.529999999999999,5.455,5.52,5.425,5.5569999999999995,5.601,5.529,5.468,5.473,5.537,5.537,5.451
grenoble_m3-269,13.37,16.41,18.21,11.24,11.66,14.56,13.0,13.68,14.27,27.08,12.49,11.9,16.16,13.21,12.77,11.65,11.35,11.21,14.0,11.27,32.78,13.08,11.18,12.26,41.379999999999995,18.22,14.34,38.379999999999995,27.58,23.880000000000003,37.78,10.67,31.38,12.09,20.78,15.24,30.28,11.03,19.58,11.85,20.58,14.12,21.380000000000003,16.64,18.16,11.77,25.88,33.28,31.08,24.98,18.42,11.58,10.69,12.52,19.68,16.560000000000002,21.98,11.03,24.88,13.34,19.98,11.13,18.42,10.76,25.68,11.76,21.98,13.22,15.54,10.61,25.58,14.16,23.18,11.55,19.58,20.28,11.97,19.162,13.4,24.88,16.86,7.384,11.81,22.18,47.68000000000001,20.527,36.879999999999995,14.932,8.24,14.042,7.279,16.894,9.2,0.0,9.2,9.84,7.285,7.92,7.927,6.96,8.246,9.143,9.52,8.255,8.561,27.931,11.622,8.888,236.48,9.2,24.58,12.78,135.48,8.959,8.888,8.945,9.047,8.931000000000001,8.932,9.0,8.925,8.99,8.895,9.027,9.071,8.999,8.938,8.943,9.007,9.007,8.921000000000001
grenoble_m3-270,53.921,31.53,33.33,26.36,26.78,29.68,28.12,28.8,29.39,42.2,27.61,27.020000000000003,31.28,28.33,27.89,26.770000000000003,26.47,26.33,29.12,26.39,47.900000000000006,28.200000000000003,26.3,27.380000000000003,56.5,33.34,29.46,53.5,42.7,39.0,52.900000000000006,25.790000000000003,46.5,27.21,35.900000000000006,30.36,45.400000000000006,26.15,34.7,26.97,35.7,29.24,36.5,31.76,33.28,26.89,41.0,20.869,46.2,40.1,33.54,26.700000000000003,25.81,27.64,34.8,31.68,37.1,26.15,40.0,28.46,35.1,18.702,33.54,25.880000000000003,40.8,9.52,37.1,28.340000000000003,30.66,9.519,40.7,17.747,38.3,26.67,34.7,9.209,12.262,9.2,28.520000000000003,6.647,7.92,7.606,7.606,6.645,7.279,25.601,9.2,7.28,9.84,6.96,8.245,8.56,8.241,9.2,0.0,10.16,6.967,6.976,7.6,20.334,8.246,8.239,7.287,9.52,7.922,9.653,27.504,8.88,13.949,9.521,8.879,27.9,150.6,24.079,24.008000000000003,24.065,24.167,24.051,24.052000000000003,24.12,24.045,24.110000000000003,24.015,24.147,24.191000000000003,24.119,24.058,24.063,24.127,24.127,24.041
grenoble_m3-271,8.567,11.47,13.27,6.3,6.720000000000001,9.62,8.059999999999999,8.74,9.33,22.14,7.55,6.96,11.22,8.27,7.83,6.71,6.41,6.27,9.06,6.33,27.84,8.14,6.24,7.32,36.44,13.28,9.4,33.44,22.64,18.94,32.84,5.73,26.44,7.15,15.84,10.3,25.34,6.09,14.64,6.91,15.64,9.18,16.44,11.7,13.22,6.83,20.94,28.34,26.14,20.04,13.48,6.640000000000001,5.75,7.58,14.739999999999998,11.62,17.04,6.09,19.94,8.4,15.04,6.1899999999999995,13.48,5.82,20.74,19.405,17.04,8.280000000000001,10.6,5.67,20.64,9.22,18.24,6.609999999999999,14.64,6.959,7.03,10.95,8.46,19.94,11.920000000000002,8.969999999999999,53.68,17.24,42.74,6.64,9.091,8.24,40.262,7.606,8.56,8.88,34.329,9.84,10.16,0.0,6.64,7.28,6.013,9.84,8.246,20.706,8.24,7.92,6.64,25.713,7.281,7.925,9.201,8.879,7.28,21.215,130.54,4.019,3.948,4.005,4.107,3.991,3.992,4.0600000000000005,3.985,4.05,3.955,4.087,4.131,4.059,3.998,4.003,4.067,4.067,3.981
grenoble_m3-272,7.281,9.018,13.06,6.09,6.51,9.41,7.85,8.530000000000001,9.12,21.93,7.34,6.75,11.01,8.06,7.62,6.5,6.2,6.0600000000000005,8.85,6.12,27.630000000000003,7.93,6.03,7.109999999999999,36.23,13.07,9.19,33.23,22.43,18.73,32.63,5.52,26.229999999999997,6.9399999999999995,15.63,10.09,25.130000000000003,5.88,14.43,6.7,15.43,8.969999999999999,16.23,11.49,13.01,6.62,20.729999999999997,28.130000000000003,25.93,19.83,13.27,6.43,5.54,7.37,14.53,11.41,16.83,5.88,19.729999999999997,8.190000000000001,14.83,5.98,13.27,5.609999999999999,20.53,6.326,16.83,6.647,10.39,7.287,20.43,9.01,18.03,20.435,14.43,15.13,6.82,10.74,8.25,8.56,11.71,8.76,48.793,6.326,42.53,6.326,30.835,20.399,7.4,6.646,37.245,18.734,21.305,7.285,6.967,6.64,0.0,9.529,7.921,8.241,8.255,6.967,8.242,7.921,7.601,8.561,8.881,7.287,7.921,9.841,21.946,8.807,130.33,3.809,3.738,3.795,3.897,3.781,3.782,3.85,3.775,3.84,3.745,3.877,3.921,3.849,3.788,3.793,3.857,3.857,3.771
grenoble_m3-273,10.168,11.47,13.27,6.3,6.720000000000001,9.62,8.059999999999999,8.74,9.33,22.14,7.55,6.96,11.22,8.27,7.83,6.71,6.41,6.27,9.06,6.33,27.84,8.14,6.24,7.32,36.44,13.28,9.4,33.44,22.64,18.94,32.84,5.73,26.44,7.15,15.84,10.3,25.34,6.09,14.64,6.91,15.64,9.18,16.44,11.7,13.22,6.83,20.94,28.34,26.14,20.04,13.48,6.640000000000001,5.75,7.58,14.739999999999998,11.62,17.04,6.09,19.94,8.4,15.04,6.1899999999999995,13.48,5.82,20.74,6.82,17.04,8.280000000000001,10.6,5.67,20.64,9.22,18.24,6.609999999999999,14.64,15.34,7.03,10.95,8.46,19.94,11.920000000000002,8.969999999999999,6.87,8.245,42.74,8.24,31.94,10.63,8.245,18.554,8.88,10.347,9.199,7.92,6.976,7.28,9.529,0.0,8.56,7.921,8.561,6.646,8.56,7.281,7.606,8.248,9.387,8.247,231.54,7.606,8.882,7.84,130.54,4.019,3.948,4.005,4.107,3.991,3.992,4.0600000000000005,3.985,4.05,3.955,4.087,4.131,4.059,3.998,4.003,4.067,4.067,3.981
grenoble_m3-274,9.199,11.36,13.16,6.1899999999999995,6.61,9.51,7.949999999999999,8.63,9.22,22.03,7.44,6.85,11.11,8.16,7.720000000000001,6.6,6.300000000000001,6.16,8.95,6.220000000000001,27.73,8.03,6.130000000000001,7.21,36.33,13.17,9.29,33.33,22.53,18.83,32.730000000000004,5.62,26.33,7.04,15.73,10.19,25.23,5.98,14.53,6.800000000000001,15.53,9.07,16.330000000000002,11.59,13.11,6.720000000000001,20.83,28.23,26.03,19.93,13.37,6.53,5.640000000000001,7.470000000000001,14.63,11.51,16.93,5.98,19.83,8.290000000000001,14.93,6.08,13.37,5.71,20.63,6.71,16.93,8.17,10.49,7.615,20.53,9.11,18.13,15.321,14.53,24.256,6.92,6.646,8.35,19.83,11.81,10.987,20.43,17.114,42.63,8.88,9.839,6.96,8.56,7.28,8.879,12.853,7.279,7.927,7.6,6.013,7.921,8.56,0.0,7.608,8.881,8.247,7.601,9.207,7.921,6.013,7.92,6.641,8.881,6.96,8.246,8.56,130.43,3.909,3.838,3.895,3.997,3.881,3.882,3.95,3.875,3.94,3.845,3.977,4.021,3.949,3.888,3.893,3.957,3.957,3.871
grenoble_m3-275,8.241,14.1,15.9,8.93,9.35,12.25,10.69,11.37,11.96,24.770000000000003,10.18,9.59,13.85,10.9,10.46,9.34,9.04,8.9,11.69,8.96,30.47,10.77,8.870000000000001,9.95,39.07,15.91,12.03,36.07,25.270000000000003,21.57,35.47,8.36,29.07,9.78,18.47,12.93,27.97,8.719999999999999,17.27,9.54,18.27,11.81,19.07,14.33,15.85,9.46,23.57,30.97,28.770000000000003,22.67,16.11,9.27,8.379999999999999,10.21,17.369999999999997,14.25,19.67,8.719999999999999,22.57,11.03,17.67,8.82,16.11,8.45,23.369999999999997,9.45,19.67,10.91,13.23,8.3,23.270000000000003,11.85,20.869999999999997,9.24,17.27,17.97,9.66,13.58,11.09,22.57,14.55,25.881,12.237,19.869999999999997,45.370000000000005,9.84,34.57,13.26,17.102,20.809,10.16,10.159,8.24,6.96,20.334,9.84,8.241,7.921,7.608,0.0,9.84,7.92,8.881,9.52,7.601,7.921,7.927,8.562,31.401,8.881,7.927,8.247,133.17,6.649,6.578,6.635,6.737,6.621,6.622,6.6899999999999995,6.615,6.68,6.585,6.717,6.761,6.689,6.628,6.633,6.697,6.697,6.611
grenoble_m3-276,7.286,6.021,13.44,6.47,6.890000000000001,9.79,8.23,8.91,9.5,22.31,7.72,7.13,11.39,8.440000000000001,8.0,6.88,6.58,6.4399999999999995,9.23,6.5,28.01,8.309999999999999,6.41,7.49,36.61,13.45,9.57,33.61,22.81,19.11,33.01,5.9,26.61,7.32,16.01,10.47,25.51,6.26,14.81,7.08,15.81,9.35,16.61,11.87,13.39,7.0,21.11,28.51,26.31,20.21,13.65,6.8100000000000005,5.92,7.75,14.91,11.79,17.21,6.26,20.11,8.57,15.21,6.359999999999999,13.65,5.99,20.91,6.99,17.21,8.45,10.77,7.285,20.81,9.39,18.41,6.779999999999999,14.81,18.239,7.2,60.441,8.629999999999999,20.11,12.09,9.2,18.068,6.974,42.91,10.386,12.221,7.599,9.519,7.287,8.239,8.56,9.208,8.246,8.246,8.246,8.255,8.561,8.881,9.84,0.0,10.168,6.961,9.841,8.561,6.654,7.921,9.841,9.52,7.921,8.247,9.52,130.71,4.189,4.118,4.175,4.277,4.161,4.162,4.23,4.155,4.22,4.125,4.257,4.301,4.229,4.168,4.173,4.237,4.237,4.151
grenoble_m3-277,9.068,10.84,12.64,5.67,6.09,8.99,7.43,8.11,8.7,21.51,6.92,6.33,10.59,7.640000000000001,7.2,6.08,5.78,5.640000000000001,8.43,5.7,27.21,7.51,5.61,6.6899999999999995,35.81,12.65,8.77,32.81,22.01,18.31,32.21,5.1,25.81,6.52,15.21,9.67,24.71,5.46,14.01,6.28,15.01,8.55,15.81,11.07,12.59,6.2,20.31,27.71,25.51,19.41,12.85,6.01,5.12,6.95,14.11,10.99,16.41,5.46,19.31,7.77,14.41,5.5600000000000005,12.85,5.1899999999999995,20.11,6.1899999999999995,16.41,7.65,9.97,5.04,20.01,8.59,17.61,5.98,14.01,14.71,6.4,10.32,7.83,19.31,11.29,8.34,6.24,16.61,42.11,18.468,31.31,10.0,15.21,7.87,20.165,22.51,6.965,9.143,8.239,20.706,6.967,6.646,8.247,7.92,10.168,0.0,7.606,8.559,7.921,9.521,7.921,8.24,8.88,7.6,7.279,10.481,129.91,3.389,3.318,3.375,3.4770000000000003,3.361,3.362,3.43,3.355,3.42,3.325,3.4570000000000003,3.5010000000000003,3.4290000000000003,3.3680000000000003,3.373,3.4370000000000003,3.4370000000000003,3.351
grenoble_m3-278,6.646,7.926,14.29,7.319999999999999,7.74,10.64,9.079999999999998,9.76,10.35,23.16,8.57,7.98,12.239999999999998,9.29,8.85,7.73,7.43,7.289999999999999,10.079999999999998,7.35,28.86,9.16,7.26,8.34,37.46,14.3,10.42,34.46,23.66,19.96,33.86,6.75,27.459999999999997,8.17,16.86,11.32,26.36,7.109999999999999,15.66,7.93,16.66,10.2,17.46,12.72,14.239999999999998,7.85,21.959999999999997,29.36,27.16,21.06,14.5,7.926,6.77,8.6,15.759999999999998,58.257,18.06,7.92,20.959999999999997,9.2,8.748,8.24,14.5,6.326,8.239,8.561,6.645,14.681,22.863,6.655,21.66,8.562,19.26,19.662,15.66,8.559,24.323,6.641,20.302,6.655,14.361,8.241,8.879,9.84,18.53,6.965,22.222,7.92,9.2,47.008,9.84,9.2,10.47,9.52,7.287,8.24,8.242,8.56,7.601,8.881,6.961,7.606,0.0,8.56,9.841,10.846,8.881,7.601,12.222,7.928,23.799,8.881,131.56,5.039,4.968,5.0249999999999995,5.127,5.010999999999999,5.012,5.08,5.005,5.069999999999999,4.975,5.106999999999999,5.151,5.079,5.018,5.023,5.087,5.087,5.0009999999999994
grenoble_m3-279,11.621,12.08,13.88,6.91,7.33,10.23,8.67,9.35,9.94,22.75,8.16,7.57,11.83,8.88,8.440000000000001,7.32,7.0200000000000005,6.880000000000001,9.67,6.94,28.450000000000003,8.75,6.8500000000000005,7.93,37.05,13.89,10.010000000000002,34.05,23.25,19.55,33.45,6.34,27.049999999999997,7.76,16.450000000000003,10.91,25.950000000000003,6.7,15.25,7.52,16.25,9.79,17.05,12.31,13.83,7.44,21.549999999999997,28.950000000000003,26.75,20.65,14.09,7.25,6.36,8.190000000000001,15.35,12.23,17.65,6.7,20.549999999999997,9.010000000000002,15.65,6.800000000000001,14.09,6.43,21.35,7.43,17.65,8.89,11.21,6.28,21.25,9.83,18.85,7.220000000000001,15.25,15.95,7.640000000000001,11.56,9.07,20.549999999999997,12.53,9.58,33.775,17.85,43.35,21.903,21.479,11.24,10.479,8.24,8.559,24.281,10.98,8.255,9.52,7.92,7.921,7.281,9.207,9.52,9.841,8.559,8.56,0.0,7.92,8.56,7.29,7.28,8.56,7.929,8.88,8.239,131.15,4.629,4.558000000000001,4.615,4.7170000000000005,4.601,4.602,4.67,4.595000000000001,4.66,4.565,4.697,4.7410000000000005,4.6690000000000005,4.6080000000000005,4.613,4.6770000000000005,4.6770000000000005,4.591
grenoble_m3-280,8.239,7.92,31.83,24.86,25.28,28.18,26.62,27.3,27.89,40.7,26.11,25.520000000000003,29.78,26.83,26.39,25.270000000000003,24.97,24.83,27.62,24.89,46.400000000000006,26.700000000000003,24.8,25.880000000000003,55.0,31.840000000000003,27.96,52.0,41.2,37.5,51.400000000000006,24.290000000000003,45.0,25.71,34.400000000000006,28.86,43.900000000000006,24.65,33.2,25.47,34.2,27.74,35.0,30.26,31.78,25.39,39.5,46.900000000000006,44.7,38.6,32.04,25.200000000000003,24.31,26.14,33.3,30.18,35.6,24.65,38.5,26.96,33.6,24.75,32.04,24.380000000000003,39.3,25.380000000000003,35.6,7.286,29.16,53.91,39.2,27.78,36.8,25.17,33.2,10.347,25.590000000000003,30.315,27.020000000000003,10.102,30.480000000000004,19.161,28.528,22.681,18.848,8.567,8.882,29.19,10.159,7.928,8.56,9.84,7.921,8.561,7.922,6.64,7.601,7.606,7.921,7.601,8.561,7.921,9.841,7.92,0.0,7.6,7.608,7.6,10.16,6.326,7.921,8.24,149.1,22.579,22.508000000000003,22.565,22.667,22.551,22.552000000000003,22.62,22.545,22.610000000000003,22.515,22.647,22.691000000000003,22.619,22.558,22.563,22.627,22.627,22.541
grenoble_m3-282,9.52,7.926,22.03,15.06,15.48,18.380000000000003,16.82,17.5,18.09,30.9,16.310000000000002,15.72,19.98,17.03,16.59,15.47,15.170000000000002,15.03,17.82,15.09,36.6,16.9,15.0,16.080000000000002,45.2,22.04,18.16,42.2,31.4,27.700000000000003,41.6,14.49,35.2,15.91,24.6,19.06,34.1,14.85,23.4,15.670000000000002,24.4,17.94,25.200000000000003,20.46,21.98,15.59,29.7,37.1,34.900000000000006,28.8,22.24,15.4,14.510000000000002,16.34,23.5,20.380000000000003,25.8,14.85,28.7,17.16,23.8,14.95,22.24,14.58,29.5,18.388,25.8,38.349,19.36,14.43,29.4,17.98,27.0,15.37,23.4,24.1,15.79,19.71,17.22,17.967,20.68,7.281,6.325,7.921,51.5,7.6,40.7,19.39,13.174,43.506,6.646,7.601,8.56,27.931,9.653,25.713,8.561,8.248,6.013,7.921,6.654,9.521,10.846,8.56,7.6,0.0,8.56,8.561,7.287,8.57,8.88,8.747,139.3,12.779,12.708,12.765,12.867,12.751,12.752,12.82,12.745,12.81,12.715,12.847,12.891,12.819,12.758,12.763,12.827,12.827,12.741
grenoble_m3-283,9.519,12.94,14.74,7.77,8.19,11.09,9.53,10.21,10.8,23.61,9.02,8.43,12.69,9.74,9.3,8.18,7.88,7.74,10.53,7.8,29.31,9.61,7.71,8.79,37.91,14.75,10.87,34.91,24.11,20.41,34.31,7.199999999999999,27.909999999999997,8.62,17.310000000000002,11.77,26.81,7.56,16.11,8.379999999999999,17.11,10.65,17.91,13.17,14.69,8.3,22.409999999999997,29.81,27.61,21.51,14.95,8.11,7.22,9.05,16.21,13.09,18.51,7.56,21.409999999999997,9.87,16.509999999999998,7.66,14.95,7.289999999999999,22.21,8.29,18.51,9.75,12.07,7.14,22.11,10.69,19.71,8.08,16.11,16.810000000000002,8.5,12.42,9.93,21.409999999999997,13.39,10.44,8.34,18.71,44.21,20.139,33.41,12.1,7.279,9.97,8.559,24.61,10.02,11.622,27.504,7.281,8.881,9.387,7.92,7.927,7.921,7.921,8.881,7.29,7.608,8.56,0.0,9.209,7.58,6.962,8.241,6.646,132.01,5.489,5.418,5.475,5.577,5.460999999999999,5.462,5.529999999999999,5.455,5.52,5.425,5.5569999999999995,5.601,5.529,5.468,5.473,5.537,5.537,5.451
grenoble_m3-284,8.248,48.806,28.344,6.359999999999999,6.78,9.68,8.12,8.8,9.39,22.200000000000003,7.609999999999999,7.02,11.28,8.33,7.890000000000001,6.77,6.470000000000001,6.33,9.12,6.390000000000001,27.9,8.2,6.300000000000001,7.38,36.5,13.34,9.46,33.5,22.700000000000003,19.0,32.9,5.79,26.5,7.21,15.9,10.36,25.4,6.15,14.7,6.970000000000001,15.7,9.24,16.5,11.76,13.28,6.890000000000001,21.0,28.4,26.200000000000003,20.1,13.54,6.7,5.8100000000000005,7.640000000000001,14.8,11.68,17.1,6.15,20.0,19.022,15.1,6.25,13.54,15.327,20.8,22.09,17.1,8.34,10.66,9.52,20.700000000000003,8.57,18.3,8.559,14.7,8.251,7.09,7.926,8.52,6.012,11.98,7.28,8.239,7.921,18.063,7.92,32.0,10.69,8.559,8.241,9.2,8.246,6.639,8.888,8.88,7.925,7.287,8.247,6.641,8.562,9.841,8.24,7.601,7.28,7.6,8.561,9.209,0.0,7.608,7.287,9.849,9.847,130.6,4.079,4.008,4.065,4.167,4.051,4.0520000000000005,4.12,4.045,4.11,4.015,4.147,4.191,4.119,4.058,4.063,4.127,4.127,4.041
grenoble_m3-285,57.034,235.93,237.73,230.76,231.18,234.08,232.52,233.2,233.79,246.6,232.01,231.42,235.68,232.73,232.29,231.17,230.87,230.73,233.52,230.79,252.3,232.6,230.7,231.78,260.9,237.74,233.86,257.9,247.1,243.4,257.3,230.19,250.9,231.61,240.3,234.76,249.8,230.55,239.1,231.37,240.1,233.64,240.9,236.16,237.68,231.29,245.4,252.8,250.6,244.5,237.94,231.1,230.21,232.04,239.2,236.08,241.5,230.55,244.4,232.86,239.5,230.65,237.94,230.28,245.2,231.28,241.5,232.74,235.06,230.13,245.1,10.667,242.7,231.07,239.1,239.8,231.49,235.41,232.92,244.4,236.38,233.43,18.338,241.7,267.2,8.56,256.4,235.09,9.839,232.96,28.659,247.6,233.01,236.48,13.949,9.201,7.921,231.54,8.881,31.401,9.52,8.88,12.222,8.56,10.16,7.287,7.58,7.608,0.0,6.961,7.281,8.008,355.0,228.479,228.408,228.465,228.567,228.451,228.452,228.52,228.445,228.51,228.415,228.547,228.591,228.519,228.458,228.463,228.527,228.527,228.441
grenoble_m3-286,8.56,9.2,61.53,54.559999999999995,54.98,57.879999999999995,56.31999999999999,57.0,57.59,70.4,55.809999999999995,55.22,59.48,56.53,56.09,54.97,54.669999999999995,54.529999999999994,57.31999999999999,54.59,76.1,56.4,54.5,55.58,84.69999999999999,61.54,57.66,81.69999999999999,70.9,67.2,81.1,53.989999999999995,74.69999999999999,55.41,64.1,58.559999999999995,73.6,54.349999999999994,62.9,55.169999999999995,63.9,57.44,64.7,59.959999999999994,61.48,55.09,69.19999999999999,76.6,74.4,68.3,61.739999999999995,54.9,54.01,55.84,63.0,59.879999999999995,65.3,54.349999999999994,68.19999999999999,56.66,63.3,54.45,61.739999999999995,54.08,69.0,55.08,65.3,56.54,58.86,6.646,68.9,57.48,66.5,54.87,62.9,63.599999999999994,55.29,39.973,56.72,35.293,60.18,20.417,6.966,65.5,91.0,18.114,8.036,7.606,7.279,6.966,15.967,6.013,8.559,9.2,9.521,8.879,9.841,7.606,6.96,8.881,7.921,7.6,7.928,7.929,6.326,8.57,6.962,7.287,6.961,0.0,7.601,9.714,178.8,52.279,52.208,52.265,52.367,52.251,52.251999999999995,52.32,52.245,52.309999999999995,52.215,52.346999999999994,52.391,52.319,52.258,52.263,52.327,52.327,52.241
grenoble_m3-288,7.919,6.966,25.83,18.86,19.28,22.18,20.62,21.3,21.89,34.7,20.11,19.520000000000003,23.78,20.83,20.39,19.270000000000003,18.97,18.83,21.62,18.89,40.400000000000006,20.700000000000003,18.8,19.880000000000003,49.0,25.840000000000003,21.96,46.0,35.2,31.5,45.400000000000006,18.290000000000003,39.0,19.71,28.4,22.86,37.900000000000006,18.65,27.200000000000003,19.47,28.200000000000003,21.74,29.0,24.26,25.78,19.39,33.5,40.900000000000006,38.7,32.6,26.04,19.200000000000003,18.31,20.14,27.3,24.18,29.6,18.65,32.5,20.96,27.6,18.75,26.04,18.380000000000003,33.3,19.380000000000003,29.6,20.840000000000003,23.16,18.23,33.2,21.78,30.8,19.17,27.200000000000003,27.9,19.590000000000003,23.51,21.020000000000003,32.5,24.480000000000004,8.559,19.43,9.199,55.3,14.362,44.5,23.19,15.659,8.561,7.92,8.888,21.11,24.58,8.879,7.28,21.946,8.882,8.246,7.927,8.247,7.279,23.799,8.88,7.921,8.88,8.241,9.849,7.281,7.601,0.0,6.326,143.1,16.579,16.508000000000003,16.565,16.667,16.551000000000002,16.552000000000003,16.62,16.545,16.610000000000003,16.515,16.647000000000002,16.691000000000003,16.619,16.558,16.563000000000002,16.627000000000002,16.627000000000002,16.541
grenoble_m3-289,42.782,7.6,10.347,7.06,7.48,13.099,8.82,9.5,10.09,22.9,8.309999999999999,7.72,11.98,9.03,8.59,7.47,7.17,7.029999999999999,9.82,7.09,28.6,8.899999999999999,7.0,8.08,37.2,14.04,10.16,34.199999999999996,23.4,19.7,33.6,6.49,27.2,7.91,16.6,11.06,26.1,6.85,15.4,7.67,16.4,9.94,17.2,12.46,13.98,7.59,21.7,29.1,26.9,20.8,14.239999999999998,7.4,6.51,8.34,15.5,12.38,17.8,6.85,20.7,9.16,15.8,6.949999999999999,14.239999999999998,6.58,21.5,7.58,17.8,9.04,11.36,6.43,21.4,9.98,19.0,7.369999999999999,15.4,16.1,7.79,9.2,9.22,20.7,12.68,9.73,7.63,18.0,43.5,7.22,32.699999999999996,11.39,9.198,7.6,8.559,7.6,9.31,12.78,27.9,21.215,8.807,7.84,8.56,8.247,9.52,10.481,8.881,8.239,8.24,8.747,6.646,9.847,8.008,9.714,6.326,0.0,131.3,4.779,4.708,4.765,4.867,4.7509999999999994,4.752,4.82,4.745,4.81,4.715,4.8469999999999995,4.891,4.819,4.758,4.763,4.827,4.827,4.741
grenoble_m3-290,131.89,134.93,136.73,129.76,130.18,133.08,131.52,132.2,132.79,145.6,131.01,130.42,134.68,131.73,131.29,130.17,129.87,129.73,132.52,129.79,151.3,131.6,129.7,130.78,159.9,136.74,132.86,8.881,8.889,9.519,9.84,129.19,8.88,6.012,6.959,8.88,9.519,8.559,6.645,8.239,8.88,9.199,10.161,8.56,7.28,8.559,9.839,8.879,8.88,9.199,9.199,6.96,8.56,7.919,8.559,8.569,12.448,9.2,7.616,8.246,7.92,7.6,9.84,8.879,27.309,7.92,140.5,8.88,134.06,9.84,144.1,7.926,141.7,7.919,138.1,14.688,130.49,9.52,131.92,8.88,135.38,132.43,6.966,10.34,166.2,129.92,155.4,134.09,139.3,131.96,9.201,146.6,132.01,135.48,150.6,130.54,130.33,130.54,130.43,133.17,130.71,129.91,131.56,131.15,149.1,139.3,132.01,130.6,355.0,178.8,143.1,131.3,0.0,6.96,9.2,10.48,8.879,8.241,7.599,8.239,8.24,8.88,127.415,127.547,10.48,127.519,127.458,127.463,127.527,127.527,127.441
grenoble_m3-293,5.369,8.408999999999999,10.209,3.239,3.659,6.559,4.999,5.679,6.269,19.079,4.489,3.899,8.158999999999999,5.2090000000000005,4.769,3.649,3.349,3.209,5.999,3.269,24.779,5.079,3.1790000000000003,4.2589999999999995,33.379,10.219,6.339,30.379,19.579,15.879,29.779,2.669,23.379,8.559,8.559,44.522,8.24,17.631,8.561,7.606,7.92,8.559,6.959,8.56,9.199,8.879,7.6,9.84,13.221,6.96,10.419,6.646,2.689,9.84,7.599,6.326,13.979,8.88,10.661,7.28,22.222,6.646,10.419,17.561,17.679,7.287,7.92,5.219,7.539,8.24,17.579,13.541,15.178999999999998,3.549,11.579,12.279,3.969,7.889,5.399,16.878999999999998,8.859,5.909,3.809,14.178999999999998,39.679,3.399,28.879,7.569,12.779,5.439,45.579,20.079,5.489,8.959,24.079,4.019,3.809,4.019,3.909,6.649,4.189,3.389,5.039,4.629,22.579,12.779,5.489,4.079,228.479,52.279,16.579,4.779,6.96,0.0,9.2,9.199,9.839,7.921,16.601,8.88,6.645,51.073,7.6,1.026,1.0699999999999998,0.998,0.937,0.942,1.006,1.006,0.92
grenoble_m3-297,5.298,8.338,10.138,3.1679999999999997,3.588,6.488,4.928,5.6080000000000005,6.198,19.008000000000003,4.418,3.828,8.088,5.138000000000001,4.698,3.578,3.278,3.138,5.928,3.198,24.708,5.008,3.108,4.188,33.308,10.148,6.268000000000001,30.308,19.508000000000003,15.808,29.708,2.598,23.308,4.018,12.708,7.168,22.208,2.9579999999999997,11.508,3.778,12.301,10.66,15.257,13.493,10.088,9.84,7.599,9.2,23.008000000000003,16.908,7.919,6.966,2.618,8.24,11.608,8.488,13.908,2.9579999999999997,16.808,10.16,11.908,17.139,10.348,7.92,17.608,11.942,13.908,5.148000000000001,7.468,2.538,17.508000000000003,6.088,15.108,3.478,11.508,12.208,3.898,7.818,5.328,16.808,8.788,5.838,3.738,14.108,39.608,3.328,28.808,7.498,12.708,5.368,45.508,20.008000000000003,5.418,8.888,24.008000000000003,3.948,3.738,3.948,3.838,6.578,4.118,3.318,4.968,4.558000000000001,22.508000000000003,12.708,5.418,4.008,228.408,52.208,16.508000000000003,4.708,9.2,9.2,0.0,10.481,8.88,8.88,8.239,25.057,7.921,6.64,7.919,7.929,15.514,7.6,36.664,0.871,0.935,0.935,0.849
grenoble_m3-298,5.3549999999999995,8.395,10.195,3.2249999999999996,3.645,6.545,4.984999999999999,5.665,6.255,19.065,4.475,3.885,8.145,5.195,4.755,3.635,3.335,3.195,5.984999999999999,3.255,24.765,5.0649999999999995,3.165,4.245,33.365,10.205,6.325,30.365,19.565,15.865,29.765,2.655,23.365,4.075,12.765,7.225,22.265,7.919,11.565,6.645,8.559,6.325,13.365,16.788,8.24,9.76,17.865,34.284,8.88,16.965,14.51,8.239,2.675,7.6,11.665,8.247,13.965,3.0149999999999997,16.865,7.936,11.965,3.115,10.405,2.7449999999999997,17.665,9.054,13.965,5.205,7.525,2.595,17.565,6.145,15.165,3.5349999999999997,11.565,12.265,3.955,7.875,5.385,16.865,8.845,5.895,3.795,14.165,39.665000000000006,3.385,28.865,7.555,12.765,5.425,45.565000000000005,20.065,5.475,8.945,24.065,4.005,3.795,4.005,3.895,6.635,4.175,3.375,5.0249999999999995,4.615,22.565,12.765,5.475,4.065,228.465,52.265,16.565,4.765,10.48,9.199,10.481,0.0,7.287,10.159,9.519,20.217,10.648,8.559,18.838,7.286,7.6,0.984,0.923,0.928,0.992,0.992,0.906
grenoble_m3-299,5.457,8.497,10.297,3.327,3.747,6.647,5.087,5.767,6.357,19.167,4.577,3.987,8.247,5.297000000000001,4.857,3.737,3.4370000000000003,3.2969999999999997,6.087,3.357,24.867,5.167,3.2670000000000003,4.3469999999999995,33.467,10.307,6.4270000000000005,30.467,19.667,15.967,29.867,2.7569999999999997,23.467,4.177,12.867,7.327,22.367,3.117,11.667,3.937,37.456,14.535,13.467,8.56,8.56,3.857,17.967,8.559,23.167,17.067,10.66,3.667,2.777,8.559,11.767,8.245,14.067,3.117,16.967,5.4270000000000005,12.067,3.2169999999999996,10.507,2.8469999999999995,17.767,3.846999999999999,14.067,5.307,7.627,2.697,17.667,6.247,15.267,3.637,11.667,12.367,4.057,7.977,5.487,16.967,8.947000000000001,5.997,3.897,14.267,39.767,3.487,28.967,7.657,12.867,5.527,45.667,20.167,5.577,9.047,24.167,4.107,3.897,4.107,3.997,6.737,4.277,3.4770000000000003,5.127,4.7170000000000005,22.667,12.867,5.577,4.167,228.567,52.367,16.667,4.867,8.879,9.839,8.88,7.287,0.0,9.519,8.56,7.92,31.756,21.155,9.841,1.114,8.88,14.041,7.606,39.186,8.561,1.094,1.008
grenoble_m3-303,5.340999999999999,8.381,10.181,3.211,3.631,6.531,4.970999999999999,5.651,6.241,19.051,4.460999999999999,3.871,8.131,5.181,4.741,3.621,3.321,3.181,5.970999999999999,3.241,24.751,5.050999999999999,3.151,4.231,33.351,10.191,6.311,30.351,19.551,15.851,29.751,2.641,23.351,4.061,12.751,7.210999999999999,22.251,3.001,11.551,3.821,20.303,13.221,13.351,8.611,10.131,3.741,17.851,30.965,23.051,16.951,10.391,3.551,2.661,4.491,11.651,8.531,13.951,3.001,16.851,5.311,11.951,3.101,10.391,2.731,17.651,3.731,13.951,5.191,7.510999999999999,2.581,17.551000000000002,6.130999999999999,15.151,3.521,11.551,12.251,3.941,7.861,5.371,16.851,8.831000000000001,5.880999999999999,3.781,14.151,39.651,3.371,28.851,7.541,12.751,5.411,45.551,20.051,5.460999999999999,8.931000000000001,24.051,3.991,3.781,3.991,3.881,6.621,4.161,3.361,5.010999999999999,4.601,22.551,12.751,5.460999999999999,4.051,228.451,52.251,16.551000000000002,4.7509999999999994,8.241,7.921,8.88,10.159,9.519,0.0,9.841,7.6,7.926,10.294,15.583,9.52,9.323,18.891,7.28,9.841,0.978,0.978,42.555
grenoble_m3-307,5.342,8.382,10.182,3.2119999999999997,3.632,6.532,4.9719999999999995,5.652,6.242,19.052000000000003,4.462,3.872,8.132,5.182,4.742,3.622,3.322,3.182,5.9719999999999995,3.242,24.752,5.052,3.152,4.232,33.352,10.192,6.312,30.352,19.552000000000003,15.852,29.752,2.642,23.352,4.062,12.752,7.212,22.252,3.002,11.552,3.822,7.605,6.092,13.352,8.612,10.132,3.742,17.852,25.252,23.052000000000003,16.952,10.392,3.552,2.662,4.492,11.652,8.532,13.952,3.002,16.852,5.312,11.952,3.102,10.392,2.732,17.652,3.732,13.952,5.192,7.512,2.582,17.552000000000003,6.132,15.152,3.522,11.552,12.252,3.942,7.862,5.372,16.852,8.832,5.882,3.782,14.152,39.652,3.372,28.852,7.542,12.752,5.412,45.552,20.052000000000003,5.462,8.932,24.052000000000003,3.992,3.782,3.992,3.882,6.622,4.162,3.362,5.012,4.602,22.552000000000003,12.752,5.462,4.0520000000000005,228.452,52.251999999999995,16.552000000000003,4.752,7.599,16.601,8.239,9.519,8.56,9.841,0.0,8.56,12.532,8.428,7.925,7.279,10.321,6.965,8.879,8.247,8.879,6.326,33.592
grenoble_m3-309,5.41,8.45,10.25,3.28,3.7,6.6,5.039999999999999,5.720000000000001,6.3100000000000005,19.12,4.529999999999999,3.94,8.2,5.25,4.8100000000000005,3.69,3.39,3.25,6.039999999999999,3.31,24.82,5.119999999999999,3.22,4.3,33.42,10.26,6.380000000000001,30.42,19.62,15.92,29.82,2.71,23.42,4.13,12.82,7.279999999999999,22.32,3.07,11.62,3.89,7.92,6.16,13.42,8.68,10.2,3.81,17.919999999999998,25.32,23.12,17.02,10.46,3.62,2.73,4.5600000000000005,11.72,8.6,14.02,3.07,16.919999999999998,5.380000000000001,12.02,3.17,10.46,2.8,17.72,3.8,14.02,5.26,7.58,2.65,17.62,6.199999999999999,15.22,3.59,11.62,12.32,4.01,7.93,5.4399999999999995,16.919999999999998,8.9,5.949999999999999,3.85,14.22,39.720000000000006,3.44,28.92,7.609999999999999,12.82,5.48,45.620000000000005,20.12,5.529999999999999,9.0,24.12,4.0600000000000005,3.85,4.0600000000000005,3.95,6.6899999999999995,4.23,3.43,5.08,4.67,22.62,12.82,5.529999999999999,4.12,228.52,52.32,16.62,4.82,8.239,8.88,25.057,20.217,7.92,7.6,8.56,0.0,13.494,8.881,8.56,29.529,8.24,8.246,8.881,8.24,10.16,26.376,8.56
grenoble_m3-310,5.335,8.375,10.175,3.2049999999999996,3.625,6.525,4.965,5.6450000000000005,6.235,19.045,4.455,3.865,8.125,5.175000000000001,4.735,3.615,3.315,3.175,5.965,3.235,24.745,5.045,3.145,4.225,33.345,10.185,6.305000000000001,30.345,19.545,15.845,29.745,2.635,23.345,4.055,12.745,7.205,22.245,2.9949999999999997,11.545,3.815,8.559,6.085,13.345,8.605,10.125,3.735,17.845,25.245,23.045,16.945,10.385,3.545,2.655,4.485,11.645,8.525,13.945,2.9949999999999997,16.845,5.305000000000001,11.945,3.095,10.385,2.7249999999999996,17.645,3.725,13.945,5.1850000000000005,7.505,2.5749999999999997,17.545,6.125,15.145,3.5149999999999997,11.545,12.245,3.935,7.855,5.365,16.845,8.825000000000001,5.875,3.775,14.145,39.645,3.365,28.845,7.535,12.745,5.405,45.545,20.045,5.455,8.925,24.045,3.985,3.775,3.985,3.875,6.615,4.155,3.355,5.005,4.595000000000001,22.545,12.745,5.455,4.045,228.445,52.245,16.545,4.745,8.24,6.645,7.921,10.648,31.756,7.926,12.532,13.494,0.0,8.56,6.646,15.865,8.24,9.849,10.479,9.208,20.813,8.56,7.28
grenoble_m3-311,5.3999999999999995,8.44,10.24,3.2699999999999996,3.69,6.59,5.029999999999999,5.71,6.3,19.110000000000003,4.52,3.93,8.19,5.24,4.8,3.68,3.38,3.24,6.029999999999999,3.3,24.81,5.109999999999999,3.21,4.29,33.41,10.25,6.37,30.41,19.610000000000003,15.91,29.81,2.7,23.41,4.12,12.81,7.27,22.31,3.0599999999999996,11.61,3.88,12.61,6.1499999999999995,13.41,8.67,10.19,3.8,17.91,25.31,23.110000000000003,17.01,10.45,3.61,2.72,4.55,11.71,8.59,14.01,3.0599999999999996,16.91,5.37,12.01,3.16,10.45,2.79,17.71,3.79,14.01,5.25,7.569999999999999,2.6399999999999997,17.610000000000003,6.1899999999999995,15.21,3.58,11.61,12.31,4.0,7.92,5.43,16.91,8.89,5.9399999999999995,3.84,14.21,39.71,3.4299999999999997,28.91,7.6,12.81,5.47,45.61,20.110000000000003,5.52,8.99,24.110000000000003,4.05,3.84,4.05,3.94,6.68,4.22,3.42,5.069999999999999,4.66,22.610000000000003,12.81,5.52,4.11,228.51,52.309999999999995,16.610000000000003,4.81,8.88,51.073,6.64,8.559,21.155,10.294,8.428,8.881,8.56,0.0,7.919,21.907,8.879,8.88,9.519,8.879,15.545,7.601,23.166
grenoble_m3-312,5.305,8.344999999999999,10.145,3.175,3.595,6.495,4.935,5.615,6.205,19.015,4.425,3.835,8.094999999999999,5.1450000000000005,4.705,3.585,3.285,3.145,5.935,3.205,24.715,5.015,3.115,4.194999999999999,33.315,10.155,6.275,30.315,19.515,15.815,29.715,2.605,23.315,4.0249999999999995,12.715,7.175,22.215,2.965,11.515,3.785,7.286,6.055,13.315,8.575,10.095,3.705,17.814999999999998,25.215,23.015,16.915,10.355,3.515,2.625,4.455,11.614999999999998,8.495,13.915,2.965,16.814999999999998,5.275,11.915,3.065,10.355,2.695,17.615,3.695,13.915,5.155,7.475,2.545,17.515,6.095,15.114999999999998,3.485,11.515,12.215,3.905,7.825,5.335,16.814999999999998,8.795,5.845,3.745,14.114999999999998,39.615,3.335,28.815,7.505,12.715,5.375,45.515,20.015,5.425,8.895,24.015,3.955,3.745,3.955,3.845,6.585,4.125,3.325,4.975,4.565,22.515,12.715,5.425,4.015,228.415,52.215,16.515,4.715,127.415,7.6,7.919,18.838,9.841,15.583,7.925,8.56,6.646,7.919,0.0,7.288,8.561,9.2,9.137,7.926,15.502,7.285,9.718
grenoble_m3-313,5.436999999999999,8.477,10.277,3.307,3.727,6.627,5.066999999999999,5.747,6.337,19.147,4.5569999999999995,3.967,8.227,5.277,4.837,3.717,3.4170000000000003,3.277,6.066999999999999,3.337,24.847,5.146999999999999,3.2470000000000003,4.327,33.446999999999996,10.287,6.407,30.447,19.647,15.947,29.847,2.737,23.447,4.157,12.847,7.307,22.347,3.097,11.647,3.917,12.647,6.186999999999999,13.447,8.707,10.227,3.837,17.947,25.347,23.147,17.047,10.487,3.647,2.757,4.587,11.747,8.627,14.047,3.097,16.947,5.407,12.047,3.197,10.487,2.827,17.747,3.827,14.047,5.287,7.606999999999999,2.677,17.647000000000002,6.226999999999999,15.247,3.617,11.647,12.347,4.037,7.957,5.467,16.947,8.927000000000001,5.976999999999999,3.877,14.247,39.747,3.467,28.947,7.637,12.847,5.507,45.647,20.147,5.5569999999999995,9.027,24.147,4.087,3.877,4.087,3.977,6.717,4.257,3.4570000000000003,5.106999999999999,4.697,22.647,12.847,5.5569999999999995,4.147,228.547,52.346999999999994,16.647000000000002,4.8469999999999995,127.547,1.026,7.929,7.286,1.114,9.52,7.279,29.529,15.865,21.907,7.288,0.0,9.201,7.28,9.201,11.078,7.427,7.919,16.834
grenoble_m3-314,5.481,8.520999999999999,10.321,3.351,3.771,6.671,5.111,5.791,6.381,19.191000000000003,4.601,4.011,8.270999999999999,5.321000000000001,4.881,3.761,3.4610000000000003,3.3209999999999997,6.111,3.381,24.891,5.191,3.2910000000000004,4.371,33.491,10.331,6.4510000000000005,30.491,19.691000000000003,15.991,29.891,2.7809999999999997,23.491,4.201,12.891,7.351,22.391,3.141,11.691,3.961,64.779,6.231,13.491,8.751,10.271,3.881,17.991,25.391,23.191000000000003,17.091,10.531,3.691,2.801,4.631,11.791,8.671,14.091,3.141,16.991,5.4510000000000005,12.091,3.2409999999999997,10.531,2.8709999999999996,17.791,3.871,14.091,5.331,7.651,2.721,17.691000000000003,6.271,15.291,3.661,11.691,12.391,4.081,8.001,5.511,16.991,8.971,6.021,3.921,14.291,39.791,3.511,28.991,7.681,12.891,5.551,45.691,20.191000000000003,5.601,9.071,24.191000000000003,4.131,3.921,4.131,4.021,6.761,4.301,3.5010000000000003,5.151,4.7410000000000005,22.691000000000003,12.891,5.601,4.191,228.591,52.391,16.691000000000003,4.891,10.48,1.0699999999999998,15.514,7.6,8.88,9.323,10.321,8.24,8.24,8.879,8.561,9.201,0.0,8.24,7.92,8.249,10.939,8.56,24.094
grenoble_m3-317,5.409,8.449,10.249,3.279,3.699,6.599,5.039,5.719,6.309,19.119,4.529,3.939,8.199,5.2490000000000006,4.809,3.689,3.389,3.249,6.039,3.309,24.819,5.119,3.2190000000000003,4.2989999999999995,33.419,10.259,6.379,30.418999999999997,19.619,15.919,29.819,2.709,23.418999999999997,4.129,12.819,7.279,22.319,3.069,11.619,3.889,12.619,6.159,13.419,8.679,10.199,3.809,17.918999999999997,25.319,23.119,17.019,10.459,3.619,2.729,4.559,11.719,8.599,14.019,3.069,16.918999999999997,5.379,12.019,3.169,10.459,2.799,17.718999999999998,3.799,14.019,5.259,7.579,2.649,17.619,6.199,15.219,3.589,11.619,12.319,4.009,7.929,5.439,16.918999999999997,8.899000000000001,5.949,3.849,14.219,39.719,3.439,28.918999999999997,7.609,12.819,5.479,45.619,20.119,5.529,8.999,24.119,4.059,3.849,4.059,3.949,6.689,4.229,3.4290000000000003,5.079,4.6690000000000005,22.619,12.819,5.529,4.119,228.519,52.319,16.619,4.819,127.519,0.998,7.6,0.984,14.041,18.891,6.965,8.246,9.849,8.88,9.2,7.28,8.24,0.0,7.921,7.6,19.801,9.201,17.146
grenoble_m3-318,5.348,8.388,10.188,3.218,3.638,6.538,4.978,5.658,6.248,19.058,4.468,3.878,8.138,5.188000000000001,4.748,3.628,3.3280000000000003,3.188,5.978,3.248,24.758,5.058,3.1580000000000004,4.2379999999999995,33.358,10.198,6.3180000000000005,30.357999999999997,19.558,15.858,29.758,2.648,23.357999999999997,4.068,12.758,7.218,22.258,3.008,11.558,3.828,12.558,6.098,13.358,8.618,10.138,3.748,17.857999999999997,25.258,23.058,16.958,10.398,3.5580000000000003,2.668,4.498,11.658,8.538,13.958,3.008,16.857999999999997,5.3180000000000005,11.958,3.108,10.398,2.738,17.657999999999998,3.738,13.958,5.198,7.518,2.588,17.558,6.138,15.158,3.528,11.558,12.258,3.948,7.868,5.378,16.857999999999997,8.838000000000001,5.888,3.788,14.158,39.658,3.378,28.857999999999997,7.548,12.758,5.418,45.558,20.058,5.468,8.938,24.058,3.998,3.788,3.998,3.888,6.628,4.168,3.3680000000000003,5.018,4.6080000000000005,22.558,12.758,5.468,4.058,228.458,52.258,16.558,4.758,127.458,0.937,36.664,0.923,7.606,7.28,8.879,8.881,10.479,9.519,9.137,9.201,7.92,7.921,0.0,9.52,6.326,9.519,8.24
grenoble_m3-321,5.353,8.392999999999999,10.193,3.223,3.643,6.543,4.983,5.663,6.253,19.063,4.473,3.883,8.142999999999999,5.1930000000000005,4.753,3.633,3.333,3.193,5.983,3.253,24.763,5.063,3.1630000000000003,4.242999999999999,33.363,10.203,6.323,30.363,19.563,15.863,29.763,2.653,23.363,4.0729999999999995,12.763,7.223,22.263,3.013,11.563,3.833,12.563,6.103,13.363,8.623,10.143,3.753,17.863,25.263,23.063,16.963,10.403,3.563,2.673,4.503,11.662999999999998,8.543,13.963,3.013,16.863,5.323,11.963,3.113,10.403,2.743,17.663,3.743,13.963,5.203,7.523,2.593,17.563000000000002,6.143,15.162999999999998,3.533,11.563,12.263,3.953,7.873,5.383,16.863,8.843,5.893,3.793,14.162999999999998,39.663,3.383,28.863,7.553,12.763,5.423,45.563,20.063,5.473,8.943,24.063,4.003,3.793,4.003,3.893,6.633,4.173,3.373,5.023,4.613,22.563,12.763,5.473,4.063,228.463,52.263,16.563000000000002,4.763,127.463,0.942,0.871,0.928,39.186,9.841,8.247,8.24,9.208,8.879,7.926,11.078,8.249,7.6,9.52,0.0,6.639,8.56,6.96
grenoble_m3-322,5.417,8.456999999999999,10.257,3.287,3.707,6.607,5.047,5.727,6.317,19.127,4.537,3.947,8.206999999999999,5.257000000000001,4.817,3.697,3.397,3.257,6.047,3.317,24.827,5.127,3.2270000000000003,4.3069999999999995,33.427,10.267,6.3870000000000005,30.427,19.627,15.927,29.827,2.717,23.427,4.137,12.827,7.287,22.327,3.077,11.627,3.897,12.627,6.167,13.427,8.687,10.207,3.817,17.927,25.327,23.127,17.027,10.467,3.627,2.737,4.567,11.727,8.607,14.027,3.077,16.927,5.3870000000000005,12.027,3.177,10.467,2.807,17.727,3.807,14.027,5.267,7.587,2.657,17.627000000000002,6.207,15.227,3.597,11.627,12.327,4.017,7.937,5.447,16.927,8.907,5.957,3.857,14.227,39.727,3.447,28.927,7.617,12.827,5.487,45.627,20.127,5.537,9.007,24.127,4.067,3.857,4.067,3.957,6.697,4.237,3.4370000000000003,5.087,4.6770000000000005,22.627,12.827,5.537,4.127,228.527,52.327,16.627000000000002,4.827,127.527,1.006,0.935,0.992,8.561,0.978,8.879,10.16,20.813,15.545,15.502,7.427,10.939,19.801,6.326,6.639,0.0,7.926,7.919
grenoble_m3-324,5.417,8.456999999999999,10.257,3.287,3.707,6.607,5.047,5.727,6.317,19.127,4.537,3.947,8.206999999999999,5.257000000000001,4.817,3.697,3.397,3.257,6.047,3.317,24.827,5.127,3.2270000000000003,4.3069999999999995,33.427,10.267,6.3870000000000005,30.427,19.627,15.927,29.827,2.717,23.427,4.137,12.827,7.287,22.327,3.077,11.627,3.897,12.627,6.167,13.427,8.687,10.207,3.817,17.927,25.327,23.127,17.027,10.467,3.627,2.737,4.567,11.727,8.607,14.027,3.077,16.927,5.3870000000000005,12.027,3.177,10.467,2.807,17.727,3.807,14.027,5.267,7.587,2.657,17.627000000000002,6.207,15.227,3.597,11.627,12.327,4.017,7.937,5.447,16.927,8.907,5.957,3.857,14.227,39.727,3.447,28.927,7.617,12.827,5.487,45.627,20.127,5.537,9.007,24.127,4.067,3.857,4.067,3.957,6.697,4.237,3.4370000000000003,5.087,4.6770000000000005,22.627,12.827,5.537,4.127,228.527,52.327,16.627000000000002,4.827,127.527,1.006,0.935,0.992,1.094,0.978,6.326,26.376,8.56,7.601,7.285,7.919,8.56,9.201,9.519,8.56,7.926,0.0,8.56
grenoble_m3-325,5.3309999999999995,8.371,10.171,3.2009999999999996,3.621,6.521,4.960999999999999,5.641,6.231,19.041,4.451,3.861,8.121,5.171,4.731,3.611,3.311,3.171,5.960999999999999,3.231,24.741,5.0409999999999995,3.141,4.221,33.341,10.181,6.301,30.341,19.541,15.841,29.741,2.631,23.341,4.051,12.741,7.201,22.241,2.9909999999999997,11.541,3.811,12.541,6.0809999999999995,13.341,8.601,10.121,3.731,17.840999999999998,25.241,23.041,16.941,10.381,3.541,2.651,4.481,11.641,8.521,13.941,2.9909999999999997,16.840999999999998,5.301,11.941,3.0909999999999997,10.381,2.7209999999999996,17.641,3.721,13.941,5.181,7.501,2.5709999999999997,17.541,6.121,15.141,3.5109999999999997,11.541,12.241,3.931,7.851,5.361,16.840999999999998,8.821000000000002,5.871,3.771,14.141,39.641000000000005,3.361,28.841,7.531,12.741,5.401,45.541,20.041,5.451,8.921000000000001,24.041,3.981,3.771,3.981,3.871,6.611,4.151,3.351,5.0009999999999994,4.591,22.541,12.741,5.451,4.041,228.441,52.241,16.541,4.741,127.441,0.92,0.849,0.906,1.008,42.555,33.592,8.56,7.28,23.166,9.718,16.834,24.094,17.146,8.24,6.96,7.919,8.56,0.0
